<?xml version="1.1" encoding="utf-8"?>
<Resources CodePage="1252">
  <StrRes Name="1" Text="OK"/>
  <StrRes Name="2" Text="Cancelar"/>
  <StrRes Name="3" Text="Todas"/>
  <StrRes Name="4" Text="Página atual"/>
  <StrRes Name="5" Text="Páginas:"/>
  <StrRes Name="6" Text="Quebra de página"/>
  <StrRes Name="7" Text="Intervalo de páginas"/>
  <StrRes Name="8" Text="Configurações de Exportação"/>
  <StrRes Name="9" Text="Informe números e/ou intervalos de páginas, separados por vírgulas. Ex.: 1,3,5-12"/>
  <StrRes Name="100" Text="Visualizar"/>
  <StrRes Name="101" Text="Imprimir"/>
  <StrRes Name="102" Text="Imprimir"/>
  <StrRes Name="103" Text="Abrir"/>
  <StrRes Name="104" Text="Abrir"/>
  <StrRes Name="105" Text="Salvar"/>
  <StrRes Name="106" Text="Salvar"/>
  <StrRes Name="107" Text="Exportar"/>
  <StrRes Name="108" Text="Exportar"/>
  <StrRes Name="109" Text="Localizar"/>
  <StrRes Name="110" Text="Localizar"/>
  <StrRes Name="111" Text="Página Inteira"/>
  <StrRes Name="112" Text="Página Inteira"/>
  <StrRes Name="113" Text="Tamanho da Página"/>
  <StrRes Name="114" Text="Tamanho da Página"/>
  <StrRes Name="115" Text="100%"/>
  <StrRes Name="116" Text="100%"/>
  <StrRes Name="117" Text="Duas Páginas"/>
  <StrRes Name="118" Text="Duas Páginas"/>
  <StrRes Name="119" Text="Zoom"/>
  <StrRes Name="120" Text="Margens"/>
  <StrRes Name="121" Text="Margens"/>
  <StrRes Name="122" Text="Resumo"/>
  <StrRes Name="123" Text="Resumo"/>
  <StrRes Name="124" Text="Aumenta Zoom"/>
  <StrRes Name="125" Text="Aumenta Zoom"/>
  <StrRes Name="126" Text="Diminui Zoom"/>
  <StrRes Name="127" Text="Diminui Zoom"/>
  <StrRes Name="128" Text="Marcador"/>
  <StrRes Name="129" Text="Marcador do relatório"/>
  <StrRes Name="130" Text="Miniatura"/>
  <StrRes Name="131" Text="Miniatura do relatório"/>
  <StrRes Name="132" Text="Editar"/>
  <StrRes Name="133" Text="Editar Página"/>
  <StrRes Name="134" Text="Primeira"/>
  <StrRes Name="135" Text="Primeira Página"/>
  <StrRes Name="136" Text="Anterior"/>
  <StrRes Name="137" Text="Página Anterior"/>
  <StrRes Name="138" Text="Próxima"/>
  <StrRes Name="139" Text="Próxima Página"/>
  <StrRes Name="140" Text="Última"/>
  <StrRes Name="141" Text="Última Página"/>
  <StrRes Name="142" Text="Número da Página"/>
  <StrRes Name="150" Text="Tela Cheia"/>
  <StrRes Name="151" Text="Exportar para PDF"/>
  <StrRes Name="152" Text="Enviar por email"/>
  <StrRes Name="zmPageWidth" Text="Tamanho da Página"/>
  <StrRes Name="zmWholePage" Text="Página Inteira"/>
  <StrRes Name="200" Text="Imprimir"/>
  <StrRes Name="201" Text="Impressora"/>
  <StrRes Name="202" Text="Páginas"/>
  <StrRes Name="203" Text="Número de cópias"/>
  <StrRes Name="204" Text="Agrupar"/>
  <StrRes Name="205" Text="Cópias"/>
  <StrRes Name="206" Text="Imprimir"/>
  <StrRes Name="207" Text="Outras Opções"/>
  <StrRes Name="208" Text="Onde:"/>
  <StrRes Name="209" Text="Propriedades..."/>
  <StrRes Name="210" Text="Imprimir para arquivo"/>
  <StrRes Name="211" Text="Ordem"/>
  <StrRes Name="212" Text="Nome:"/>
  <StrRes Name="213" Text="Modo impressora"/>
  <StrRes Name="214" Text="Cópia da impressão"/>
  <StrRes Name="216" Text="Direção"/>
  <StrRes Name="ppAll" Text="Todas as páginas"/>
  <StrRes Name="ppOdd" Text="Páginas ímpares"/>
  <StrRes Name="ppEven" Text="Páginas pares"/>
  <StrRes Name="pgDefault" Text="Padrão"/>
  <StrRes Name="pmDefault" Text="Padrão"/>
  <StrRes Name="pmSplit" Text="Repartir páginas grandes"/>
  <StrRes Name="pmJoin" Text="Juntar páginas pequenas"/>
  <StrRes Name="pmScale" Text="Escala"/>
  <StrRes Name="poDirect" Text="Direta (1-9)"/>
  <StrRes Name="poReverse" Text="Inversa (9-1)"/>
  <StrRes Name="300" Text="Localizar Texto"/>
  <StrRes Name="301" Text="Texto para localizar:"/>
  <StrRes Name="302" Text="Opções de pesquisa"/>
  <StrRes Name="303" Text="Substituir por"/>
  <StrRes Name="304" Text="Pesquisar do início"/>
  <StrRes Name="305" Text="Diferenciar maiúsculas de minúsculas"/>
  <StrRes Name="400" Text="Configurações da página"/>
  <StrRes Name="401" Text="Largura"/>
  <StrRes Name="402" Text="Altura"/>
  <StrRes Name="403" Text="Tamanho"/>
  <StrRes Name="404" Text="Orientação"/>
  <StrRes Name="405" Text="Esquerda"/>
  <StrRes Name="406" Text="Superior"/>
  <StrRes Name="407" Text="Direita"/>
  <StrRes Name="408" Text="Inferior"/>
  <StrRes Name="409" Text="Margens"/>
  <StrRes Name="410" Text="Retrato"/>
  <StrRes Name="411" Text="Paisagem"/>
  <StrRes Name="412" Text="Outros"/>
  <StrRes Name="413" Text="Aplicar na página atual"/>
  <StrRes Name="414" Text="Aplicar em todas as páginas"/>
  <StrRes Name="500" Text="Imprimir"/>
  <StrRes Name="501" Text="Impressora"/>
  <StrRes Name="502" Text="Páginas"/>
  <StrRes Name="503" Text="Cópias"/>
  <StrRes Name="504" Text="Número de cópias"/>
  <StrRes Name="505" Text="Opções"/>
  <StrRes Name="506" Text="Comandos de escape"/>
  <StrRes Name="507" Text="Imprimir para arquivo"/>
  <StrRes Name="508" Text="Código de página OEM"/>
  <StrRes Name="509" Text="Pseudográfico"/>
  <StrRes Name="510" Text="Arquivo de impressão (*.prn)|*.prn"/>
  <StrRes Name="mbConfirm" Text="Confirmação"/>
  <StrRes Name="mbError" Text="Erro"/>
  <StrRes Name="mbInfo" Text="Informação"/>
  <StrRes Name="xrCantFindClass" Text="Classe não encontrada"/>
  <StrRes Name="prVirtual" Text="Virtual"/>
  <StrRes Name="prDefault" Text="Padrão"/>
  <StrRes Name="prCustom" Text="Personalizado"/>
  <StrRes Name="enUnconnHeader" Text="Cabeçalho/Rodapé desconectado"/>
  <StrRes Name="enUnconnGroup" Text="Grupo sem banda de dados"/>
  <StrRes Name="enUnconnGFooter" Text="Sem cabeçalho de grupo para"/>
  <StrRes Name="enBandPos" Text="Posição incorreta da banda:"/>
  <StrRes Name="dbNotConn" Text="DataSet %s não está conectado a dados"/>
  <StrRes Name="dbFldNotFound" Text="Campo não encontrado:"/>
  <StrRes Name="clDSNotIncl" Text="(dataset não está incluído em Report.DataSets)"/>
  <StrRes Name="clUnknownVar" Text="Variável ou campo de dados desconhecido:"/>
  <StrRes Name="clScrError" Text="Erro no script em %s: %s"/>
  <StrRes Name="clDSNotExist" Text="Dataset &#38;#34;%s&#38;#34; não existe"/>
  <StrRes Name="clErrors" Text="Erro(s) encontrado(s):"/>
  <StrRes Name="clExprError" Text="Erro na expressão"/>
  <StrRes Name="clFP3files" Text="Relatório Preparado"/>
  <StrRes Name="clSaving" Text="Salvando arquivo..."/>
  <StrRes Name="clCancel" Text="Cancelar"/>
  <StrRes Name="clClose" Text="Fechar"/>
  <StrRes Name="clPrinting" Text="Imprimindo página"/>
  <StrRes Name="clLoading" Text="Carregando arquivo..."/>
  <StrRes Name="clPageOf" Text="Página %d de %d"/>
  <StrRes Name="clFirstPass" Text="Primeiro passo: página"/>
  <StrRes Name="clNoPrinters" Text="Nenhuma impressora instalada no sistema"/>
  <StrRes Name="clDecompressError" Text="Erro de descompressão de fluxo"/>
  <StrRes Name="crFillMx" Text="Preenchendo o cross-tab..."/>
  <StrRes Name="crBuildMx" Text="Construindo o cross-tab..."/>
  <StrRes Name="prRunningFirst" Text="Primeiro passo: página %d"/>
  <StrRes Name="prRunning" Text="Preparando página %d"/>
  <StrRes Name="prPrinting" Text="Imprimindo página %d"/>
  <StrRes Name="prExporting" Text="Exportando página %d"/>
  <StrRes Name="uCm" Text="cm"/>
  <StrRes Name="uInch" Text="pol"/>
  <StrRes Name="uPix" Text="px"/>
  <StrRes Name="uChar" Text="car"/>
  <StrRes Name="dupDefault" Text="Padrão"/>
  <StrRes Name="dupVert" Text="Vertical"/>
  <StrRes Name="dupHorz" Text="Horizontal"/>
  <StrRes Name="dupSimpl" Text="Simples"/>
  <StrRes Name="SLangNotFound" Text="Linguagem%snão encontrada"/>
  <StrRes Name="SInvalidLanguage" Text="Identificação de linguagem inválida"/>
  <StrRes Name="SIdRedeclared" Text="Identificador declarado novamente:"/>
  <StrRes Name="SUnknownType" Text="Tipo desconhecido:"/>
  <StrRes Name="SIncompatibleTypes" Text="Tipos incompatíveis"/>
  <StrRes Name="SIdUndeclared" Text="Identificador não declarado:"/>
  <StrRes Name="SClassRequired" Text="Tipo de classe requerido"/>
  <StrRes Name="SIndexRequired" Text="Indice requerido"/>
  <StrRes Name="SStringError" Text="Strings não possuem propriedades ou métodos"/>
  <StrRes Name="SClassError" Text="Classe %s não tem uma propriedade padrão"/>
  <StrRes Name="SArrayRequired" Text="Tipo vetor requerido"/>
  <StrRes Name="SVarRequired" Text="Variável requerida"/>
  <StrRes Name="SNotEnoughParams" Text="Sem parâmetros suficientes"/>
  <StrRes Name="STooManyParams" Text="Parâmetros demais"/>
  <StrRes Name="SLeftCantAssigned" Text="Lado esquerdo não pode ser atribuído"/>
  <StrRes Name="SForError" Text="Para um laço a variável deve ser numérica"/>
  <StrRes Name="SEventError" Text="Manipulador de evento deve ser um procedimento"/>
  <StrRes Name="600" Text="Expande tudo"/>
  <StrRes Name="601" Text="Comprime tudo"/>
  <StrRes Name="clStrNotFound" Text="Text not found"/>
  <StrRes Name="2000" Text="Inspetor de Objetos"/>
  <StrRes Name="oiProp" Text="Propriedades"/>
  <StrRes Name="oiEvent" Text="Eventos"/>
  <StrRes Name="2100" Text="Árvore de Dados"/>
  <StrRes Name="2101" Text="Dados"/>
  <StrRes Name="2102" Text="Variáveis"/>
  <StrRes Name="2103" Text="Funções"/>
  <StrRes Name="2104" Text="Criar campo"/>
  <StrRes Name="2105" Text="Criar rótulo"/>
  <StrRes Name="2106" Text="Classes"/>
  <StrRes Name="dtNoData" Text="Sem dados disponíveis"/>
  <StrRes Name="dtNoData1" Text="Selecione &#38;#34;Relatório|Dados...&#38;#34; menu para adicionar dados existentes ao seu relatório, ou interromper os &#38;#34;dados&#38;#34; tabulando e criando novas séries de dados"/>
  <StrRes Name="dtData" Text="Dados"/>
  <StrRes Name="dtSysVar" Text="Variáveis do Sistema"/>
  <StrRes Name="dtVar" Text="Variáveis"/>
  <StrRes Name="dtFunc" Text="Funções"/>
  <StrRes Name="2200" Text="Árvore de Relatório"/>
  <StrRes Name="2300" Text="Abrir Arquivo de Script"/>
  <StrRes Name="2301" Text="Salvar Script para Arquivo"/>
  <StrRes Name="2302" Text="Executar Script"/>
  <StrRes Name="2303" Text="Seguir Dentro"/>
  <StrRes Name="2304" Text="Finalizar Script"/>
  <StrRes Name="2305" Text="Avaliar"/>
  <StrRes Name="2306" Text="Linguagem:"/>
  <StrRes Name="2307" Text="Alinhar"/>
  <StrRes Name="2308" Text="Alinhar à Esquerda"/>
  <StrRes Name="2309" Text="Centralizar"/>
  <StrRes Name="2310" Text="Alinhar à Direita"/>
  <StrRes Name="2311" Text="Alinhar Acima"/>
  <StrRes Name="2312" Text="Centralizar Verticalmente"/>
  <StrRes Name="2313" Text="Alinhar Abaixo"/>
  <StrRes Name="2314" Text="Espaçamento Horizontal"/>
  <StrRes Name="2315" Text="Espaçamento Vertical"/>
  <StrRes Name="2316" Text="Centralizar Horizontalmente na Banda"/>
  <StrRes Name="2317" Text="Centralizar Verticalmente na Banda"/>
  <StrRes Name="2318" Text="Mesma Largura"/>
  <StrRes Name="2319" Text="Mesma Altura"/>
  <StrRes Name="2320" Text="Texto"/>
  <StrRes Name="2321" Text="Estilo"/>
  <StrRes Name="2322" Text="Nome da Fonte"/>
  <StrRes Name="2323" Text="Tamanho da Fonte"/>
  <StrRes Name="2324" Text="Negrito"/>
  <StrRes Name="2325" Text="Itálico"/>
  <StrRes Name="2326" Text="Sublinhado"/>
  <StrRes Name="2327" Text="Cor da Fonte"/>
  <StrRes Name="2328" Text="Destaque"/>
  <StrRes Name="2329" Text="Rotação do Texto"/>
  <StrRes Name="2330" Text="Alinhar à Esquerda"/>
  <StrRes Name="2331" Text="Centralizar"/>
  <StrRes Name="2332" Text="Alinhar à Direita"/>
  <StrRes Name="2333" Text="Justificar"/>
  <StrRes Name="2334" Text="Alinhar Acima"/>
  <StrRes Name="2335" Text="Centralizar Verticalmente"/>
  <StrRes Name="2336" Text="Alinhar Abaixo"/>
  <StrRes Name="2337" Text="Borda"/>
  <StrRes Name="2338" Text="Linha Acima"/>
  <StrRes Name="2339" Text="Linha Abaixo"/>
  <StrRes Name="2340" Text="Linha à Esquerda"/>
  <StrRes Name="2341" Text="Linha à Direita"/>
  <StrRes Name="2342" Text="Todas as Linhas da Borda"/>
  <StrRes Name="2343" Text="Sem Borda"/>
  <StrRes Name="2344" Text="Sombra"/>
  <StrRes Name="2345" Text="Cor de Fundo"/>
  <StrRes Name="2346" Text="Cor da Borda"/>
  <StrRes Name="2347" Text="Estilo da Borda"/>
  <StrRes Name="2348" Text="Largura da Borda"/>
  <StrRes Name="2349" Text="Padrão"/>
  <StrRes Name="2350" Text="Novo Relatório"/>
  <StrRes Name="2351" Text="Abrir Relatório"/>
  <StrRes Name="2352" Text="Salvar Relatório"/>
  <StrRes Name="2353" Text="Visualizar"/>
  <StrRes Name="2354" Text="Nova Página de Relatório"/>
  <StrRes Name="2355" Text="Nova Página de Diálogo"/>
  <StrRes Name="2356" Text="Remover Página"/>
  <StrRes Name="2357" Text="Configurações da Página"/>
  <StrRes Name="2358" Text="Variáveis"/>
  <StrRes Name="2359" Text="Recortar"/>
  <StrRes Name="2360" Text="Copiar"/>
  <StrRes Name="2361" Text="Colar"/>
  <StrRes Name="2362" Text="Copiar Formatação"/>
  <StrRes Name="2363" Text="Desfazer"/>
  <StrRes Name="2364" Text="Refazer"/>
  <StrRes Name="2365" Text="Agrupar"/>
  <StrRes Name="2366" Text="Desagrupar"/>
  <StrRes Name="2367" Text="Mostrar Grade"/>
  <StrRes Name="2368" Text="Alinhar na Grade"/>
  <StrRes Name="2369" Text="Ajustar à Grade"/>
  <StrRes Name="2370" Text="Zoom"/>
  <StrRes Name="2371" Text="Ferramenta Extras"/>
  <StrRes Name="2372" Text="Selecionar Ferramenta"/>
  <StrRes Name="2373" Text="Ferramenta Mão"/>
  <StrRes Name="2374" Text="Ferramenta Zoom"/>
  <StrRes Name="2375" Text="Ferramenta Editar Texto"/>
  <StrRes Name="2376" Text="Ferramenta Copiar Formatação"/>
  <StrRes Name="2377" Text="Inserir Banda"/>
  <StrRes Name="2378" Text="&amp;Arquivo"/>
  <StrRes Name="2379" Text="&amp;Editar"/>
  <StrRes Name="2380" Text="Localizar..."/>
  <StrRes Name="2381" Text="Localizar Próximo"/>
  <StrRes Name="2382" Text="Substituir..."/>
  <StrRes Name="2383" Text="&amp;Relatório"/>
  <StrRes Name="2384" Text="Dados..."/>
  <StrRes Name="2385" Text="Opções..."/>
  <StrRes Name="2386" Text="Estilo..."/>
  <StrRes Name="2387" Text="E&amp;xibir"/>
  <StrRes Name="2388" Text="Barras de Ferramentas"/>
  <StrRes Name="2389" Text="Padrão"/>
  <StrRes Name="2390" Text="Texto"/>
  <StrRes Name="2391" Text="Borda"/>
  <StrRes Name="2392" Text="Paleta de Alinhamento"/>
  <StrRes Name="2393" Text="Ferramenta Extras"/>
  <StrRes Name="2394" Text="Inspetor de Objetos"/>
  <StrRes Name="2395" Text="Árvore de Dados"/>
  <StrRes Name="2396" Text="Árvore de Relatório"/>
  <StrRes Name="2397" Text="Réguas"/>
  <StrRes Name="2398" Text="Guias"/>
  <StrRes Name="2399" Text="Remover Guias"/>
  <StrRes Name="2400" Text="Opções..."/>
  <StrRes Name="2401" Text="Aj&amp;uda"/>
  <StrRes Name="2402" Text="Conteúdo da Ajuda..."/>
  <StrRes Name="2403" Text="Sobre o FastReport..."/>
  <StrRes Name="2404" Text="Ordem de Tabulação..."/>
  <StrRes Name="2405" Text="Desfazer"/>
  <StrRes Name="2406" Text="Refazer"/>
  <StrRes Name="2407" Text="Recortar"/>
  <StrRes Name="2408" Text="Copiar"/>
  <StrRes Name="2409" Text="Colar"/>
  <StrRes Name="2410" Text="Agrupar"/>
  <StrRes Name="2411" Text="Desagrupar"/>
  <StrRes Name="2412" Text="Remover"/>
  <StrRes Name="2413" Text="Remover Página"/>
  <StrRes Name="2414" Text="Selecionar Tudo"/>
  <StrRes Name="2415" Text="Editar..."/>
  <StrRes Name="2416" Text="Trazer para Frente"/>
  <StrRes Name="2417" Text="Enviar para Trás"/>
  <StrRes Name="2418" Text="Novo..."/>
  <StrRes Name="2419" Text="Novo Relatório"/>
  <StrRes Name="2420" Text="Nova Página"/>
  <StrRes Name="2421" Text="Novo Diálogo"/>
  <StrRes Name="2422" Text="Abrir..."/>
  <StrRes Name="2423" Text="Salvar"/>
  <StrRes Name="2424" Text="Salvar como..."/>
  <StrRes Name="2425" Text="Variáveis..."/>
  <StrRes Name="2426" Text="Configurações da Página..."/>
  <StrRes Name="2427" Text="Visualizar"/>
  <StrRes Name="2428" Text="Sair"/>
  <StrRes Name="2429" Text="Título do Relatório"/>
  <StrRes Name="2430" Text="Sumário do Relatório"/>
  <StrRes Name="2431" Text="Cabeçalho da Página"/>
  <StrRes Name="2432" Text="Rodapé da Página"/>
  <StrRes Name="2433" Text="Cabeçalho"/>
  <StrRes Name="2434" Text="Rodapé"/>
  <StrRes Name="2435" Text="Dados Mestre"/>
  <StrRes Name="2436" Text="Dados de Detalhe"/>
  <StrRes Name="2437" Text="Dados de Sub-detalhe"/>
  <StrRes Name="2438" Text="Dados 4o. nível"/>
  <StrRes Name="2439" Text="Dados 5o. nível"/>
  <StrRes Name="2440" Text="Dados 6o. nível"/>
  <StrRes Name="2441" Text="Cabeçalho de Grupo"/>
  <StrRes Name="2442" Text="Rodapé de Grupo"/>
  <StrRes Name="2443" Text="Filha"/>
  <StrRes Name="2444" Text="Cabeçalho de Coluna"/>
  <StrRes Name="2445" Text="Rodapé de Coluna"/>
  <StrRes Name="2446" Text="Fundo"/>
  <StrRes Name="2447" Text="Bandas Verticais"/>
  <StrRes Name="2448" Text="Cabeçalho"/>
  <StrRes Name="2449" Text="Rodapé"/>
  <StrRes Name="2450" Text="Dados Mestre"/>
  <StrRes Name="2451" Text="Dados de Detalhe"/>
  <StrRes Name="2452" Text="Dados de Sub-detalhe"/>
  <StrRes Name="2453" Text="Cabeçalho de Grupo"/>
  <StrRes Name="2454" Text="Rodapé de Grupo"/>
  <StrRes Name="2455" Text="Filha"/>
  <StrRes Name="2456" Text="0°"/>
  <StrRes Name="2457" Text="45°"/>
  <StrRes Name="2458" Text="90°"/>
  <StrRes Name="2459" Text="180°"/>
  <StrRes Name="2460" Text="270°"/>
  <StrRes Name="2461" Text="Configurações da Fonte"/>
  <StrRes Name="2462" Text="Negrito"/>
  <StrRes Name="2463" Text="Itálico"/>
  <StrRes Name="2464" Text="Sublinhado"/>
  <StrRes Name="2465" Text="Sobrescrito"/>
  <StrRes Name="2466" Text="Subscrito"/>
  <StrRes Name="2467" Text="Condensado"/>
  <StrRes Name="2468" Text="Largo"/>
  <StrRes Name="2469" Text="12 cpi"/>
  <StrRes Name="2470" Text="15 cpi"/>
  <StrRes Name="2471" Text="Relatório (*.fr3)|*.fr3"/>
  <StrRes Name="2472" Text="Arquivos Pascal (*.pas)|*.pas|Arquivos C++ (*.cpp)|*.cpp|Arquivos JavaScript (*.js)|*.js|Arquivos Basic (*.vb)|*.vb|Todos os arquivos|*.*"/>
  <StrRes Name="2473" Text="Arquivos Pascal (*.pas)|*.pas|Arquivos C++ (*.cpp)|*.cpp|Arquivos JavaScript (*.js)|*.js|Arquivos Basic (*.vb)|*.vb|Todos os arquivos|*.*"/>
  <StrRes Name="2474" Text="Conexões..."/>
  <StrRes Name="2475" Text="Idioma"/>
  <StrRes Name="2476" Text="Ponto de parada"/>
  <StrRes Name="2477" Text="Funcionar pelo cursor"/>
  <StrRes Name="2478" Text="Adiciona banda filha"/>
  <StrRes Name="dsCm" Text="Centímetros"/>
  <StrRes Name="dsInch" Text="Polegadas"/>
  <StrRes Name="dsPix" Text="Pixels"/>
  <StrRes Name="dsChars" Text="Caracteres"/>
  <StrRes Name="dsCode" Text="Código"/>
  <StrRes Name="dsData" Text="Data"/>
  <StrRes Name="dsPage" Text="Página"/>
  <StrRes Name="dsRepFilter" Text="Relatório (*.fr3)|*.fr3"/>
  <StrRes Name="dsComprRepFilter" Text="Relatório compactado (*.fr3)|*.fr3"/>
  <StrRes Name="dsSavePreviewChanges" Text="Salvar alterações para a página de visualização?"/>
  <StrRes Name="dsSaveChangesTo" Text="Salvar alterações para"/>
  <StrRes Name="dsCantLoad" Text="Impossível carregar arquivo"/>
  <StrRes Name="dsStyleFile" Text="Estilo"/>
  <StrRes Name="dsCantFindProc" Text="Impossível localizar o procedimento principal."/>
  <StrRes Name="dsClearScript" Text="Isso limpará todo o código. Deseja continuar?"/>
  <StrRes Name="dsNoStyle" Text="Nenhum estilo"/>
  <StrRes Name="dsStyleSample" Text="Exemplo de estilo"/>
  <StrRes Name="dsTextNotFound" Text="Texto%snão encontrado"/>
  <StrRes Name="dsReplace" Text="Substituir esta ocorrência de%s  ?"/>
  <StrRes Name="2600" Text="Sobre o FastReport"/>
  <StrRes Name="2601" Text="Visite nossa página para mais informações:"/>
  <StrRes Name="2602" Text="Vendas:"/>
  <StrRes Name="2603" Text="Suporte:"/>
  <StrRes Name="2700" Text="Opções da Página"/>
  <StrRes Name="2701" Text="Papel"/>
  <StrRes Name="2702" Text="Largura"/>
  <StrRes Name="2703" Text="Altura"/>
  <StrRes Name="2704" Text="Tamanho"/>
  <StrRes Name="2705" Text="Orientação"/>
  <StrRes Name="2706" Text="Esquerda"/>
  <StrRes Name="2707" Text="Superior"/>
  <StrRes Name="2708" Text="Direita"/>
  <StrRes Name="2709" Text="Inferior"/>
  <StrRes Name="2710" Text="Margens"/>
  <StrRes Name="2711" Text="Origem do Papel"/>
  <StrRes Name="2712" Text="Primeira página"/>
  <StrRes Name="2713" Text="Outras páginas"/>
  <StrRes Name="2714" Text="Retrato"/>
  <StrRes Name="2715" Text="Paisagem"/>
  <StrRes Name="2716" Text="Outras Opções"/>
  <StrRes Name="2717" Text="Colunas"/>
  <StrRes Name="2718" Text="Número"/>
  <StrRes Name="2719" Text="Largura"/>
  <StrRes Name="2720" Text="Posições"/>
  <StrRes Name="2721" Text="Outros"/>
  <StrRes Name="2722" Text="Duplex"/>
  <StrRes Name="2723" Text="Imprimir para página anterior"/>
  <StrRes Name="2724" Text="Margens espelho"/>
  <StrRes Name="2725" Text="Altura extensa em modo de desenho"/>
  <StrRes Name="2726" Text="Largura de página infinita"/>
  <StrRes Name="2727" Text="Altura de página infinita"/>
  <StrRes Name="2800" Text="Escolha os Datasets do Relatório"/>
  <StrRes Name="2900" Text="Editar Variáveis"/>
  <StrRes Name="2901" Text="Categoria"/>
  <StrRes Name="2902" Text="Variável"/>
  <StrRes Name="2903" Text="Editar"/>
  <StrRes Name="2904" Text="Remover"/>
  <StrRes Name="2905" Text="Lista"/>
  <StrRes Name="2906" Text="Carregar"/>
  <StrRes Name="2907" Text="Salvar"/>
  <StrRes Name="2908" Text=" Expressão:"/>
  <StrRes Name="2909" Text="Dicionário (*.fd3)|*.fd3"/>
  <StrRes Name="2910" Text="Dicionário (*.fd3)|*.fd3"/>
  <StrRes Name="vaNoVar" Text="(nenhuma variável definida)"/>
  <StrRes Name="vaVar" Text="Variáveis"/>
  <StrRes Name="vaDupName" Text="Nome duplicado"/>
  <StrRes Name="3000" Text="Opções de Desenho"/>
  <StrRes Name="3001" Text="Grade"/>
  <StrRes Name="3002" Text="Tipo"/>
  <StrRes Name="3003" Text="Tamanho"/>
  <StrRes Name="3004" Text="Formulário de diálogo:"/>
  <StrRes Name="3005" Text="Outros"/>
  <StrRes Name="3006" Text="Fontes"/>
  <StrRes Name="3007" Text="Janela de Código"/>
  <StrRes Name="3008" Text="Editor de Memo"/>
  <StrRes Name="3009" Text="Tamanho"/>
  <StrRes Name="3010" Text="Tamanho"/>
  <StrRes Name="3011" Text="Cores"/>
  <StrRes Name="3012" Text="Espaço entre bandas:"/>
  <StrRes Name="3013" Text="cm"/>
  <StrRes Name="3014" Text="pol"/>
  <StrRes Name="3015" Text="pt"/>
  <StrRes Name="3016" Text="pt"/>
  <StrRes Name="3017" Text="pt"/>
  <StrRes Name="3018" Text="Centímetros:"/>
  <StrRes Name="3019" Text="Polegadas:"/>
  <StrRes Name="3020" Text="Pixels:"/>
  <StrRes Name="3021" Text="Mostrar grade"/>
  <StrRes Name="3022" Text="Alinhar na grade"/>
  <StrRes Name="3023" Text="Mostrar o editor após inserir"/>
  <StrRes Name="3024" Text="Usar as configurações de fonte do objeto"/>
  <StrRes Name="3025" Text="Espaço de trabalho"/>
  <StrRes Name="3026" Text="Janelas de Ferramenta"/>
  <StrRes Name="3027" Text="Cor da grade LCD"/>
  <StrRes Name="3028" Text="Colocação livre de bandas"/>
  <StrRes Name="3029" Text="Mostrar lista de campos drop-down"/>
  <StrRes Name="3030" Text="Mostrar tela de inicialização"/>
  <StrRes Name="3031" Text="Restaurar padrões"/>
  <StrRes Name="3032" Text="Mostrar rótulo das bandas"/>
  <StrRes Name="3100" Text="Selecionar DataSet"/>
  <StrRes Name="3101" Text="Quantidade de registros:"/>
  <StrRes Name="dbNotAssigned" Text="[não designado]"/>
  <StrRes Name="3200" Text="Grupo"/>
  <StrRes Name="3201" Text="Quebrar em"/>
  <StrRes Name="3202" Text="Opções"/>
  <StrRes Name="3203" Text="Campo de Dados"/>
  <StrRes Name="3204" Text="Expressões"/>
  <StrRes Name="3205" Text="Manter grupo unido"/>
  <StrRes Name="3206" Text="Iniciar nova página"/>
  <StrRes Name="3207" Text="Mostrar no resumo"/>
  <StrRes Name="3300" Text="Memo do Sistema"/>
  <StrRes Name="3301" Text="Banda de Dados"/>
  <StrRes Name="3302" Text="DataSet"/>
  <StrRes Name="3303" Text="Campo"/>
  <StrRes Name="3304" Text="Função"/>
  <StrRes Name="3305" Text="Expressão"/>
  <StrRes Name="3306" Text="Valor agregado"/>
  <StrRes Name="3307" Text="Variável do sistema"/>
  <StrRes Name="3308" Text="Contar bandas invisíveis"/>
  <StrRes Name="3309" Text="Texto"/>
  <StrRes Name="3310" Text="Total de execução"/>
  <StrRes Name="agAggregate" Text="Inserir Agregado"/>
  <StrRes Name="vt1" Text="[DATE]"/>
  <StrRes Name="vt2" Text="[TIME]"/>
  <StrRes Name="vt3" Text="[PAGE#]"/>
  <StrRes Name="vt4" Text="[TOTALPAGES#]"/>
  <StrRes Name="vt5" Text="[PAGE#] de [TOTALPAGES#]"/>
  <StrRes Name="vt6" Text="[LINE#]"/>
  <StrRes Name="3400" Text="Objeto OLE"/>
  <StrRes Name="3401" Text="Inserir..."/>
  <StrRes Name="3402" Text="Editar..."/>
  <StrRes Name="3403" Text="Fechar"/>
  <StrRes Name="olStretched" Text="Esticado"/>
  <StrRes Name="3500" Text="Editor de Código de Barras"/>
  <StrRes Name="3501" Text="Código"/>
  <StrRes Name="3502" Text="Tipo de Barra"/>
  <StrRes Name="3503" Text="Zoom:"/>
  <StrRes Name="3504" Text="Opções"/>
  <StrRes Name="3505" Text="Rotação"/>
  <StrRes Name="3506" Text="Calcular Soma de Controle"/>
  <StrRes Name="3507" Text="Texto"/>
  <StrRes Name="3508" Text="0°"/>
  <StrRes Name="3509" Text="90°"/>
  <StrRes Name="3510" Text="180°"/>
  <StrRes Name="3511" Text="270°"/>
  <StrRes Name="bcCalcChecksum" Text="Calcular Soma de Controle"/>
  <StrRes Name="bcShowText" Text="Mostrar Texto"/>
  <StrRes Name="3600" Text="Editar Apelidos"/>
  <StrRes Name="3601" Text="Pressione Enter para editar o item"/>
  <StrRes Name="3602" Text="Apelido do Dataset"/>
  <StrRes Name="3603" Text="Apelidos dos campos"/>
  <StrRes Name="3604" Text="Redefinir"/>
  <StrRes Name="3605" Text="Atualizar"/>
  <StrRes Name="alUserName" Text="Nome do usuário"/>
  <StrRes Name="alOriginal" Text="Nome original"/>
  <StrRes Name="3700" Text="Editor de Parâmetros"/>
  <StrRes Name="qpName" Text="Nome"/>
  <StrRes Name="qpDataType" Text="Tipo de Dado"/>
  <StrRes Name="qpValue" Text="Valor"/>
  <StrRes Name="3800" Text="Ligação Mestre-Detalhe"/>
  <StrRes Name="3801" Text="Campos Detalhe"/>
  <StrRes Name="3802" Text="Campos Mestre"/>
  <StrRes Name="3803" Text="Campos Ligados"/>
  <StrRes Name="3804" Text="Adicionar"/>
  <StrRes Name="3805" Text="Limpar"/>
  <StrRes Name="3900" Text="Memorando"/>
  <StrRes Name="3901" Text="Inserir Expressão"/>
  <StrRes Name="3902" Text="Inserir Agregado"/>
  <StrRes Name="3903" Text="Inserir Formatação"/>
  <StrRes Name="3904" Text="Quebrar linhas"/>
  <StrRes Name="3905" Text="Texto"/>
  <StrRes Name="3906" Text="Formato"/>
  <StrRes Name="3907" Text="Destaque"/>
  <StrRes Name="4000" Text="Figura"/>
  <StrRes Name="4001" Text="Carregar"/>
  <StrRes Name="4002" Text="Copiar"/>
  <StrRes Name="4003" Text="Colar"/>
  <StrRes Name="4004" Text="Limpar"/>
  <StrRes Name="piEmpty" Text="Vazio"/>
  <StrRes Name="4100" Text="Editor de Gráfico"/>
  <StrRes Name="4101" Text="Adicionar Série"/>
  <StrRes Name="4102" Text="Remover Série"/>
  <StrRes Name="4103" Text="Editar Gráfico"/>
  <StrRes Name="4104" Text="Fonte da Banda"/>
  <StrRes Name="4105" Text="Dados fixos"/>
  <StrRes Name="4106" Text="Dataset"/>
  <StrRes Name="4107" Text="Fonte de Dados"/>
  <StrRes Name="4108" Text="Valores"/>
  <StrRes Name="4109" Text="Selecione a série ou adicione um novo gráfico."/>
  <StrRes Name="4114" Text="Outras opções"/>
  <StrRes Name="4115" Text="Maiores N valores"/>
  <StrRes Name="4116" Text="Maiores N rótulos"/>
  <StrRes Name="4117" Text="Ordenação"/>
  <StrRes Name="4126" Text="X eixos"/>
  <StrRes Name="ch3D" Text="Visão 3D"/>
  <StrRes Name="chAxis" Text="Mostrar eixo"/>
  <StrRes Name="chsoNone" Text="Nenhum"/>
  <StrRes Name="chsoAscending" Text="Crescente"/>
  <StrRes Name="chsoDescending" Text="Decrescente"/>
  <StrRes Name="chxtText" Text="Texto"/>
  <StrRes Name="chxtNumber" Text="Numérico"/>
  <StrRes Name="chxtDate" Text="Data"/>
  <StrRes Name="4200" Text="Editor Rich Text"/>
  <StrRes Name="4201" Text="Abrir Arquivo"/>
  <StrRes Name="4202" Text="Salvar Arquivo"/>
  <StrRes Name="4203" Text="Desfazer"/>
  <StrRes Name="4204" Text="Fonte"/>
  <StrRes Name="4205" Text="Inserir Expressão"/>
  <StrRes Name="4206" Text="Negrito"/>
  <StrRes Name="4207" Text="Itálico"/>
  <StrRes Name="4208" Text="Sublinhado"/>
  <StrRes Name="4209" Text="Alinhar à esquerda"/>
  <StrRes Name="4210" Text="Centralizar"/>
  <StrRes Name="4211" Text="Alinha à direita"/>
  <StrRes Name="4212" Text="Justificar"/>
  <StrRes Name="4213" Text="Marcadores"/>
  <StrRes Name="4300" Text="Editor Cross-tab"/>
  <StrRes Name="4301" Text="Fonte de Dados"/>
  <StrRes Name="4302" Text="Dimensões"/>
  <StrRes Name="4303" Text="Linhas"/>
  <StrRes Name="4304" Text="Colunas"/>
  <StrRes Name="4305" Text="Células"/>
  <StrRes Name="4306" Text="Estrutura Cross-tab"/>
  <StrRes Name="4307" Text="Cabeçalho de Linha"/>
  <StrRes Name="4308" Text="Cabeçalho de Coluna"/>
  <StrRes Name="4309" Text="Total geral linha"/>
  <StrRes Name="4310" Text="Total geral coluna"/>
  <StrRes Name="4311" Text="Trocar linhas/colunas"/>
  <StrRes Name="4312" Text="Seleciona estilo"/>
  <StrRes Name="4313" Text="Salva estilo corrente..."/>
  <StrRes Name="4314" Text="Exibe título"/>
  <StrRes Name="4315" Text="Exibe canto"/>
  <StrRes Name="4316" Text="Reimprime cabeçalho em nova página"/>
  <StrRes Name="4317" Text="Tamanho automático"/>
  <StrRes Name="4318" Text="Arredonda bordas das células"/>
  <StrRes Name="4319" Text="Imprime abaixo da across"/>
  <StrRes Name="4320" Text="Células Lado a Lado"/>
  <StrRes Name="4321" Text="Ligar células iguais"/>
  <StrRes Name="4322" Text="Nenhum"/>
  <StrRes Name="4323" Text="Soma"/>
  <StrRes Name="4324" Text="Min"/>
  <StrRes Name="4325" Text="Máx"/>
  <StrRes Name="4326" Text="Média"/>
  <StrRes Name="4327" Text="Contar"/>
  <StrRes Name="4328" Text="Crescente (A-Z)"/>
  <StrRes Name="4329" Text="Decrescente (Z-A)"/>
  <StrRes Name="4330" Text="Sem Ordenação"/>
  <StrRes Name="crStName" Text="Digite o nome do estilo:"/>
  <StrRes Name="crResize" Text="Para redimensioar a cross-tab, altere a propriedade &#38;#34;AutoSize&#38;#34; para Falso."/>
  <StrRes Name="crSubtotal" Text="Sub-total"/>
  <StrRes Name="crNone" Text="Nenhum"/>
  <StrRes Name="crSum" Text="Soma"/>
  <StrRes Name="crMin" Text="Mínimo"/>
  <StrRes Name="crMax" Text="Máximo"/>
  <StrRes Name="crAvg" Text="Média"/>
  <StrRes Name="crCount" Text="Contar"/>
  <StrRes Name="crAsc" Text="A-Z"/>
  <StrRes Name="crDesc" Text="Z-A"/>
  <StrRes Name="4400" Text="Editor de Expressões"/>
  <StrRes Name="4401" Text="Expressão:"/>
  <StrRes Name="4500" Text="Formato de Exibição"/>
  <StrRes Name="4501" Text="Categoria"/>
  <StrRes Name="4502" Text="Formato"/>
  <StrRes Name="4503" Text="String de formatação:"/>
  <StrRes Name="4504" Text="Separador decimal:"/>
  <StrRes Name="fkText" Text="Texto (sem formatação)"/>
  <StrRes Name="fkNumber" Text="Número"/>
  <StrRes Name="fkDateTime" Text="Data/Hora"/>
  <StrRes Name="fkBoolean" Text="Lógico"/>
  <StrRes Name="fkNumber1" Text="1234.5;%g"/>
  <StrRes Name="fkNumber2" Text="1234.50;%2.2f"/>
  <StrRes Name="fkNumber3" Text="1,234.50;%2.2n"/>
  <StrRes Name="fkNumber4" Text="$1,234.50;%2.2m"/>
  <StrRes Name="fkDateTime1" Text="28/11/2002;dd/mm/yyyy"/>
  <StrRes Name="fkDateTime2" Text="28 nov 2002;dd mmm yyyy"/>
  <StrRes Name="fkDateTime3" Text="28 de Novembro de 2002;d &#38;#34;de&#38;#34; mmmm &#38;#34;de&#38;#34; yyyy"/>
  <StrRes Name="fkDateTime4" Text="02:14;hh:mm"/>
  <StrRes Name="fkDateTime5" Text="02:14am;hh:mm am/pm"/>
  <StrRes Name="fkDateTime6" Text="02:14:00;hh:mm:ss"/>
  <StrRes Name="fkDateTime7" Text="02:14h, 28 de Novembro de 2002;hh:mm&#38;#34;h&#38;#34;, dd &#38;#34;de&#38;#34; mmmm &#38;#34;de&#38;#34; yyyy"/>
  <StrRes Name="fkBoolean1" Text="0,1;0,1"/>
  <StrRes Name="fkBoolean2" Text="Não,Sim;Não,Sim"/>
  <StrRes Name="fkBoolean3" Text="_,x;_,x"/>
  <StrRes Name="fkBoolean4" Text="Falso,Verdadeiro;Falso,Verdadeiro"/>
  <StrRes Name="4600" Text="Destaque"/>
  <StrRes Name="4601" Text="Cor..."/>
  <StrRes Name="4602" Text="Cor..."/>
  <StrRes Name="4603" Text="Condição"/>
  <StrRes Name="4604" Text="Fonte"/>
  <StrRes Name="4605" Text="Fundo"/>
  <StrRes Name="4606" Text="Negrito"/>
  <StrRes Name="4607" Text="Itálico"/>
  <StrRes Name="4608" Text="Sublinhado"/>
  <StrRes Name="4609" Text="Transparente"/>
  <StrRes Name="4610" Text="Outro"/>
  <StrRes Name="4700" Text="Configuração do Relatório"/>
  <StrRes Name="4701" Text="Geral"/>
  <StrRes Name="4702" Text="Configurações da impressora"/>
  <StrRes Name="4703" Text="Cópias"/>
  <StrRes Name="4704" Text="Geral"/>
  <StrRes Name="4705" Text="Senha"/>
  <StrRes Name="4706" Text="Agrupar cópias"/>
  <StrRes Name="4707" Text="Dois Passos"/>
  <StrRes Name="4708" Text="Imprimir se vazio"/>
  <StrRes Name="4709" Text="Descrição"/>
  <StrRes Name="4710" Text="Nome"/>
  <StrRes Name="4711" Text="Descrição"/>
  <StrRes Name="4712" Text="Figura"/>
  <StrRes Name="4713" Text="Autor"/>
  <StrRes Name="4714" Text="Maior"/>
  <StrRes Name="4715" Text="Menor"/>
  <StrRes Name="4716" Text="Edição"/>
  <StrRes Name="4717" Text="Geração"/>
  <StrRes Name="4718" Text="Criado"/>
  <StrRes Name="4719" Text="Modificado"/>
  <StrRes Name="4720" Text="Descrição"/>
  <StrRes Name="4721" Text="Versão"/>
  <StrRes Name="4722" Text="Procurar..."/>
  <StrRes Name="4723" Text="Ajusta herança"/>
  <StrRes Name="4724" Text="Selecione a opção:"/>
  <StrRes Name="4725" Text="Nenhuma alteração"/>
  <StrRes Name="4726" Text="Destaca o relatório base"/>
  <StrRes Name="4727" Text="Herança do relatório base :"/>
  <StrRes Name="4728" Text="Herança"/>
  <StrRes Name="rePrnOnPort" Text="em"/>
  <StrRes Name="riNotInherited" Text="Este relatório não é herdado."/>
  <StrRes Name="riInherited" Text="Este relatório é herdado do relatório: %s"/>
  <StrRes Name="4800" Text="Linhas"/>
  <StrRes Name="4900" Text="SQL"/>
  <StrRes Name="4901" Text="Gerador de Consultas"/>
  <StrRes Name="5000" Text="Senha"/>
  <StrRes Name="5001" Text="Entre com a senha:"/>
  <StrRes Name="5100" Text="Editor de Estilos"/>
  <StrRes Name="5101" Text="Cor..."/>
  <StrRes Name="5102" Text="Fonte..."/>
  <StrRes Name="5103" Text="Borda..."/>
  <StrRes Name="5104" Text="Adicionar"/>
  <StrRes Name="5105" Text="Remover"/>
  <StrRes Name="5106" Text="Editar"/>
  <StrRes Name="5107" Text="Carregar"/>
  <StrRes Name="5108" Text="Salvar"/>
  <StrRes Name="5200" Text="Editor de Borda"/>
  <StrRes Name="5201" Text="Borda"/>
  <StrRes Name="5202" Text="Linha da Borda"/>
  <StrRes Name="5203" Text="Sombra"/>
  <StrRes Name="5204" Text="Linha Acima"/>
  <StrRes Name="5205" Text="Linha Abaixo"/>
  <StrRes Name="5206" Text="Linha à Esquerda"/>
  <StrRes Name="5207" Text="Linha à Direita"/>
  <StrRes Name="5208" Text="Todas as linhas da borda"/>
  <StrRes Name="5209" Text="Sem Borda"/>
  <StrRes Name="5210" Text="Cor da Borda"/>
  <StrRes Name="5211" Text="Estilo da Borda"/>
  <StrRes Name="5212" Text="Largura da Borda"/>
  <StrRes Name="5213" Text="Sombra"/>
  <StrRes Name="5214" Text="Cor da Sombra"/>
  <StrRes Name="5215" Text="Largura da Sombra"/>
  <StrRes Name="5300" Text="Novo Item"/>
  <StrRes Name="5301" Text="Itens"/>
  <StrRes Name="5302" Text="Modelos"/>
  <StrRes Name="5303" Text="Herança do relatório"/>
  <StrRes Name="5400" Text="Ordem de Tabulação"/>
  <StrRes Name="5401" Text="Controles listados na ordem de tabulação:"/>
  <StrRes Name="5402" Text="Para Cima"/>
  <StrRes Name="5403" Text="Para Baixo"/>
  <StrRes Name="5500" Text="Avaliar"/>
  <StrRes Name="5501" Text="Expressão"/>
  <StrRes Name="5502" Text="Resultado"/>
  <StrRes Name="5600" Text="Assistente de Relatório"/>
  <StrRes Name="5601" Text="Dados"/>
  <StrRes Name="5602" Text="Campos"/>
  <StrRes Name="5603" Text="Grupos"/>
  <StrRes Name="5604" Text="Leiaute"/>
  <StrRes Name="5605" Text="Estilo"/>
  <StrRes Name="5606" Text="Passo 1. Selecione o conjunto de dados."/>
  <StrRes Name="5607" Text="Passo 2. Selecione os campos a serem exibidos."/>
  <StrRes Name="5608" Text="Passo 3. Crie grupos (opcional)."/>
  <StrRes Name="5609" Text="Passo 4. Defina a orientação da página e o leiaute dos dados."/>
  <StrRes Name="5610" Text="Passo 5. Escolha o estilo do relatório."/>
  <StrRes Name="5611" Text="Adicionar &#62;"/>
  <StrRes Name="5612" Text="Adicionar todos &#62;&#62;"/>
  <StrRes Name="5613" Text="&#60; Remover"/>
  <StrRes Name="5614" Text="&#60;&#60; Remover todos"/>
  <StrRes Name="5615" Text="Adicionar &#62;"/>
  <StrRes Name="5616" Text="&#60; Remover"/>
  <StrRes Name="5617" Text="Campos selecionados:"/>
  <StrRes Name="5618" Text="Campos disponíveis:"/>
  <StrRes Name="5619" Text="Grupos:"/>
  <StrRes Name="5620" Text="Orientação"/>
  <StrRes Name="5621" Text="Leiaute"/>
  <StrRes Name="5622" Text="Retrato"/>
  <StrRes Name="5623" Text="Paisagem"/>
  <StrRes Name="5624" Text="Tabular"/>
  <StrRes Name="5625" Text="Em colunas"/>
  <StrRes Name="5626" Text="Ajustar campos à largura da página"/>
  <StrRes Name="5627" Text="&#60;&#60; Voltar"/>
  <StrRes Name="5628" Text="Próximo &#62;&#62;"/>
  <StrRes Name="5629" Text="Finalizar"/>
  <StrRes Name="5630" Text="Nova tabela..."/>
  <StrRes Name="5631" Text="Nova consulta..."/>
  <StrRes Name="5632" Text="Seleciona conexão com a base de dados:"/>
  <StrRes Name="5633" Text="Seleciona a tabela:"/>
  <StrRes Name="5634" Text="ou"/>
  <StrRes Name="5635" Text="Cria a query..."/>
  <StrRes Name="5636" Text="Configura conexões"/>
  <StrRes Name="wzStd" Text="Assistente de Relatório Padrão"/>
  <StrRes Name="wzDMP" Text="Assistente de Relatório Matricial"/>
  <StrRes Name="wzStdEmpty" Text="Relatório Padrão"/>
  <StrRes Name="wzDMPEmpty" Text="Relatório Matricial"/>
  <StrRes Name="5700" Text="Assistente de Conexão"/>
  <StrRes Name="5701" Text="Conexão"/>
  <StrRes Name="5702" Text="Escolha o tipo de conexão:"/>
  <StrRes Name="5703" Text="Escolha o banco de dados:"/>
  <StrRes Name="5704" Text="Login"/>
  <StrRes Name="5705" Text="Senha"/>
  <StrRes Name="5706" Text="Texto de login"/>
  <StrRes Name="5707" Text="Usar login/senha:"/>
  <StrRes Name="5708" Text="Tabela"/>
  <StrRes Name="5709" Text="Escolha o nome da tabela:"/>
  <StrRes Name="5710" Text="Filtrar registros:"/>
  <StrRes Name="5711" Text="Consulta"/>
  <StrRes Name="5712" Text="Cláusula SQL:"/>
  <StrRes Name="5713" Text="Construtor de Consultas"/>
  <StrRes Name="5714" Text="Alterar Parâmetros da Consulta"/>
  <StrRes Name="ftAllFiles" Text="Todos os arquivos"/>
  <StrRes Name="ftPictures" Text="Figuras"/>
  <StrRes Name="ftDB" Text="Bancos de Dados"/>
  <StrRes Name="ftRichFile" Text="Arquivo RichText"/>
  <StrRes Name="ftTextFile" Text="Arquivo de Texto"/>
  <StrRes Name="prNotAssigned" Text="(Não designado)"/>
  <StrRes Name="prInvProp" Text="Valor de propriedade inválido"/>
  <StrRes Name="prDupl" Text="Nome duplicado"/>
  <StrRes Name="prPict" Text="(Figura)"/>
  <StrRes Name="mvExpr" Text="Permitir Expressões"/>
  <StrRes Name="mvStretch" Text="Esticar"/>
  <StrRes Name="mvStretchToMax" Text="Esticar até Altura Máxima"/>
  <StrRes Name="mvShift" Text="Deslocar"/>
  <StrRes Name="mvShiftOver" Text="Deslocar Quando Sobreposto"/>
  <StrRes Name="mvVisible" Text="Visível"/>
  <StrRes Name="mvPrintable" Text="Imprimir"/>
  <StrRes Name="mvFont" Text="Fonte..."/>
  <StrRes Name="mvFormat" Text="Formato de Exibição..."/>
  <StrRes Name="mvClear" Text="Limpar Conteúdo"/>
  <StrRes Name="mvAutoWidth" Text="Largura Automática"/>
  <StrRes Name="mvWWrap" Text="Quebrar Linhas"/>
  <StrRes Name="mvSuppress" Text="Suprimir Valores Repetidos"/>
  <StrRes Name="mvHideZ" Text="Ocultar Zeros"/>
  <StrRes Name="mvHTML" Text="Permitir Tags HTML"/>
  <StrRes Name="lvDiagonal" Text="Diagonal"/>
  <StrRes Name="pvAutoSize" Text="Tamanho Automático"/>
  <StrRes Name="pvCenter" Text="Centro"/>
  <StrRes Name="pvAspect" Text="Manter Proporcionalidade"/>
  <StrRes Name="bvSplit" Text="Permitir Divisão"/>
  <StrRes Name="bvKeepChild" Text="Manter Filha Junto"/>
  <StrRes Name="bvPrintChild" Text="Imprimir Filha Se Invisível"/>
  <StrRes Name="bvStartPage" Text="Iniciar Nova Página"/>
  <StrRes Name="bvPrintIfEmpty" Text="Imprimir Se Detalhe Vazio"/>
  <StrRes Name="bvKeepDetail" Text="Manter Detalhe Junto"/>
  <StrRes Name="bvKeepFooter" Text="Manter Rodapé Junto"/>
  <StrRes Name="bvReprint" Text="Reimprimir em nova página"/>
  <StrRes Name="bvOnFirst" Text="Imprimir na primeira página"/>
  <StrRes Name="bvOnLast" Text="Imprimir na última página"/>
  <StrRes Name="bvKeepGroup" Text="Manter junto"/>
  <StrRes Name="bvFooterAfterEach" Text="Rodapé após cada linha"/>
  <StrRes Name="bvDrillDown" Text="Lança para baixo (drill-down)"/>
  <StrRes Name="bvResetPageNo" Text="Restaura número de páginas"/>
  <StrRes Name="srParent" Text="Imprimir em Pai"/>
  <StrRes Name="bvKeepHeader" Text="Manter Cabeçalho Junto"/>
  <StrRes Name="obCatDraw" Text="Desenhar"/>
  <StrRes Name="obCatOther" Text="Outros objetos"/>
  <StrRes Name="obCatOtherControls" Text="Outros controles"/>
  <StrRes Name="obDiagLine" Text="Linha diagonal"/>
  <StrRes Name="obRect" Text="Retângulo"/>
  <StrRes Name="obRoundRect" Text="Retângulo arredondado"/>
  <StrRes Name="obEllipse" Text="Elipse"/>
  <StrRes Name="obTrian" Text="Triângulo"/>
  <StrRes Name="obDiamond" Text="Diamante"/>
  <StrRes Name="obLabel" Text="Label de Controle"/>
  <StrRes Name="obEdit" Text="Edit de controle"/>
  <StrRes Name="obMemoC" Text="Memorando de Controle"/>
  <StrRes Name="obButton" Text="Botão de controle"/>
  <StrRes Name="obChBoxC" Text="CheckBox de controle"/>
  <StrRes Name="obRButton" Text="RadioButton de controle"/>
  <StrRes Name="obLBox" Text="ListBox de controle"/>
  <StrRes Name="obCBox" Text="ComboBox de controle"/>
  <StrRes Name="obDateEdit" Text="DateEdit de controle"/>
  <StrRes Name="obImageC" Text="Imagem de controle"/>
  <StrRes Name="obPanel" Text="Panel de controle"/>
  <StrRes Name="obGrBox" Text="GroupBox de controle"/>
  <StrRes Name="obBBtn" Text="BitBtn de controle"/>
  <StrRes Name="obSBtn" Text="SpeedButton de controle"/>
  <StrRes Name="obMEdit" Text="MaskEdit de controle"/>
  <StrRes Name="obChLB" Text="CheckListBox de controle"/>
  <StrRes Name="obDBLookup" Text="DBLookupComboBox de controle"/>
  <StrRes Name="obBevel" Text="Objeto Bevel"/>
  <StrRes Name="obShape" Text="Objeto Forma"/>
  <StrRes Name="obText" Text="Objeto Texto"/>
  <StrRes Name="obSysText" Text="Texto do Sistema"/>
  <StrRes Name="obLine" Text="Objeto Linha"/>
  <StrRes Name="obPicture" Text="Objeto Figura"/>
  <StrRes Name="obBand" Text="Objeto Banda"/>
  <StrRes Name="obDataBand" Text="Banda de Dados"/>
  <StrRes Name="obSubRep" Text="Objeto Sub-relatório"/>
  <StrRes Name="obDlgPage" Text="Formulário de Dialogo"/>
  <StrRes Name="obRepPage" Text="Página de Relatório"/>
  <StrRes Name="obReport" Text="Objeto Relatório"/>
  <StrRes Name="obRich" Text="Objeto RichText"/>
  <StrRes Name="obOLE" Text="Objeto OLE"/>
  <StrRes Name="obChBox" Text="Objeto CheckBox"/>
  <StrRes Name="obChart" Text="Objeto Gráfico"/>
  <StrRes Name="obBarC" Text="Objeto Código de Barras"/>
  <StrRes Name="obCross" Text="Objeto Cross-tab"/>
  <StrRes Name="obDBCross" Text="Objeto DB Cross-tab"/>
  <StrRes Name="obGrad" Text="Objeto Gradiente"/>
  <StrRes Name="obDMPText" Text="Texto Matricial"/>
  <StrRes Name="obDMPLine" Text="Objeto Linha Matricial"/>
  <StrRes Name="obDMPCmd" Text="Objeto Comando Matricial"/>
  <StrRes Name="obBDEDB" Text="Banco de Dados BDE"/>
  <StrRes Name="obBDETb" Text="Tabela BDE"/>
  <StrRes Name="obBDEQ" Text="Consulta BDE"/>
  <StrRes Name="obBDEComps" Text="Componentes BDE"/>
  <StrRes Name="obIBXDB" Text="Banco de Dados IBX"/>
  <StrRes Name="obIBXTb" Text="Tabela IBX"/>
  <StrRes Name="obIBXQ" Text="Consulta IBX"/>
  <StrRes Name="obIBXComps" Text="Componentes IBX"/>
  <StrRes Name="obADODB" Text="Banco de Dados ADO"/>
  <StrRes Name="obADOTb" Text="Tabela ADO"/>
  <StrRes Name="obADOQ" Text="Consulta ADO"/>
  <StrRes Name="obADOComps" Text="Componentes ADO"/>
  <StrRes Name="obDBXDB" Text="Banco de Dados DBX"/>
  <StrRes Name="obDBXTb" Text="Tabela DBX"/>
  <StrRes Name="obDBXQ" Text="Consulta DBX"/>
  <StrRes Name="obDBXComps" Text="Componentes DBX"/>
  <StrRes Name="obFIBDB" Text="Banco de Dados FIB"/>
  <StrRes Name="obFIBTb" Text="Tabela FIB"/>
  <StrRes Name="obFIBQ" Text="Consulta FIB"/>
  <StrRes Name="obFIBComps" Text="Componentes FIB"/>
  <StrRes Name="ctString" Text="String"/>
  <StrRes Name="ctDate" Text="Data e Hora"/>
  <StrRes Name="ctConv" Text="Conversões"/>
  <StrRes Name="ctFormat" Text="Formatação"/>
  <StrRes Name="ctMath" Text="Matemático"/>
  <StrRes Name="ctOther" Text="Outro"/>
  <StrRes Name="IntToStr" Text="Converte um valor inteiro em string"/>
  <StrRes Name="FloatToStr" Text="Converte um valor float em string"/>
  <StrRes Name="DateToStr" Text="Converte uma data em string"/>
  <StrRes Name="TimeToStr" Text="Converte uma hora em string"/>
  <StrRes Name="DateTimeToStr" Text="Converte um valor data-e-hora em string"/>
  <StrRes Name="VarToStr" Text="Converte um valor variant em string"/>
  <StrRes Name="StrToInt" Text="Converte uma string em valor inteiro"/>
  <StrRes Name="StrToInt64" Text="Converte uma string em valor Int64"/>
  <StrRes Name="StrToFloat" Text="Converte uma string em valor de ponto flutuante"/>
  <StrRes Name="StrToDate" Text="Converte uma string em data"/>
  <StrRes Name="StrToTime" Text="Converte uma string em hora"/>
  <StrRes Name="StrToDateTime" Text="Converte uma string em formato data-e-hora"/>
  <StrRes Name="Format" Text="Retorna uma string formatada montada de uma série de argumentos em vetor"/>
  <StrRes Name="FormatFloat" Text="Formata um valor de ponto flutuante"/>
  <StrRes Name="FormatDateTime" Text="Formata um valor de data-e-hora"/>
  <StrRes Name="FormatMaskText" Text="Retorna uma string formatada usando uma máscara de edição"/>
  <StrRes Name="EncodeDate" Text="Retorna um tipo TDateTime para um Ano, Mês e Dia especificados"/>
  <StrRes Name="DecodeDate" Text="Separa um TDateTime em Ano, Mês e Dia"/>
  <StrRes Name="EncodeTime" Text="Retorna um tipo TDateTime em Hora, Minutos, Segundos. e Milisegundos. especificados"/>
  <StrRes Name="DecodeTime" Text="Separa um TDateTime em horas, minutos, segundos e milisegundos"/>
  <StrRes Name="Date" Text="Retorna a data atual"/>
  <StrRes Name="Time" Text="Retorna a hora atual"/>
  <StrRes Name="Now" Text="Retorna a data e a hora atual"/>
  <StrRes Name="DayOfWeek" Text="Retorna o dia da semana para a data especificada"/>
  <StrRes Name="IsLeapYear" Text="Indica se o ano especificado é bissexto"/>
  <StrRes Name="DaysInMonth" Text="Retorna o número de dias no mês especificado"/>
  <StrRes Name="Length" Text="Retorna o tamanho de uma string"/>
  <StrRes Name="Copy" Text="Retorna uma sub-string de uma string"/>
  <StrRes Name="Pos" Text="Retorna uma posição de uma sub-string de uma string"/>
  <StrRes Name="Delete" Text="Remove uma sub-string de uma string"/>
  <StrRes Name="Insert" Text="Insere uma  sub-string em uma string"/>
  <StrRes Name="Uppercase" Text="Converte todos os caracteres em uma string para maiúsculo"/>
  <StrRes Name="Lowercase" Text="Converte todos os caracteres em uma string para minúsculo"/>
  <StrRes Name="Trim" Text="Retira os espaços no início e no fim de uma string"/>
  <StrRes Name="NameCase" Text="Converte o primeiro caractere de uma palavra em maiúsculo"/>
  <StrRes Name="CompareText" Text="Compara duas strings"/>
  <StrRes Name="Chr" Text="Converte um valor inteiro em caractere(char)"/>
  <StrRes Name="Ord" Text="Converte um valor caractere(char) em inteiro"/>
  <StrRes Name="SetLength" Text="Determina o tamanho de uma string"/>
  <StrRes Name="Round" Text="Arredonda um valor em ponto flutuante ao número inteiro mais próximo"/>
  <StrRes Name="Trunc" Text="Trunca um valor em ponto flutuante para inteiro"/>
  <StrRes Name="Int" Text="Retorna a parte inteira de uma número real"/>
  <StrRes Name="Frac" Text="Retorna a parte fracionária de um número real"/>
  <StrRes Name="Sqrt" Text="Retorna a raiz quadrada do número especificado"/>
  <StrRes Name="Abs" Text="Retorna o valor absoluto"/>
  <StrRes Name="Sin" Text="Retorna o seno de um ângulo (em radianos)"/>
  <StrRes Name="Cos" Text="Retorna o coseno de um ângulo (em radianos)"/>
  <StrRes Name="ArcTan" Text="Retorna o arcotangente"/>
  <StrRes Name="Tan" Text="Retorna a tangente"/>
  <StrRes Name="Exp" Text="Retorna o exponencial"/>
  <StrRes Name="Ln" Text="Retorna o logaritmo natural de uma expressão real"/>
  <StrRes Name="Pi" Text="Retorna o número 3.1415926..."/>
  <StrRes Name="Inc" Text="Incrementa um valor"/>
  <StrRes Name="Dec" Text="Decrementa um valor"/>
  <StrRes Name="RaiseException" Text="Cria uma exceção"/>
  <StrRes Name="ShowMessage" Text="Mostra uma caixa de mensagem"/>
  <StrRes Name="Randomize" Text="Inicia o gerador de números aleatórios"/>
  <StrRes Name="Random" Text="Retorna um número aleatório"/>
  <StrRes Name="ValidInt" Text="Retorna Verdadeiro se a string especificada contéum um inteiro válido"/>
  <StrRes Name="ValidFloat" Text="Retorna Verdadeiro se a string especificada contém uma valor em ponto flutuante"/>
  <StrRes Name="ValidDate" Text="Retorna Verdadeiro se a string especificada contém uma data válida"/>
  <StrRes Name="IIF" Text="Retorna TrueValue se a Expr especificada é Verdadeira, caso contrário retorna FalseValue"/>
  <StrRes Name="Get" Text="Somente para uso interno"/>
  <StrRes Name="Set" Text="Somente para uso interno"/>
  <StrRes Name="InputBox" Text="Mostra uma caixa de diálogo de entrada que permite ao usuário fornecer uma string"/>
  <StrRes Name="InputQuery" Text="Mostra uma caixa de diálogo de entrada que permite ao usuário fornecer uma string"/>
  <StrRes Name="MessageDlg" Text="Mostra uma caixa de mensagem"/>
  <StrRes Name="CreateOleObject" Text="Cria um objeto OLE"/>
  <StrRes Name="VarArrayCreate" Text="Cria um vetor variante"/>
  <StrRes Name="VarType" Text="Retorna o tipo de um valor variante"/>
  <StrRes Name="DayOf" Text="Retorna o dia do mês (1..31) da data informada"/>
  <StrRes Name="MonthOf" Text="Retorna o número do mês (1..12) da data informada"/>
  <StrRes Name="YearOf" Text="Retorna o ano da data informada"/>
  <StrRes Name="ctAggregate" Text="Agregação"/>
  <StrRes Name="Sum" Text="Calcula a soma de Expr para a linha de dados da Banda"/>
  <StrRes Name="Avg" Text="Calcula a média de Expr para a linha de dados da Banda"/>
  <StrRes Name="Min" Text="Calcula o mínimo de Expr para a linha de dados da Banda"/>
  <StrRes Name="Max" Text="Calcula o máximo de Expr para a linha de dados da Banda"/>
  <StrRes Name="Count" Text="Calcula o número de linhas de dados"/>
  <StrRes Name="wzDBConn" Text="Assistente de Nova Conexão"/>
  <StrRes Name="wzDBTable" Text="Assistente de Nova Tabela"/>
  <StrRes Name="wzDBQuery" Text="Assistente de Nova Consulta"/>
  <StrRes Name="5800" Text="Conexões"/>
  <StrRes Name="5801" Text="Criar"/>
  <StrRes Name="5802" Text="Excluir"/>
  <StrRes Name="cpName" Text="Nome"/>
  <StrRes Name="cpConnStr" Text="String de conexão"/>
  <StrRes Name="startCreateNew" Text="Criar novo relatório"/>
  <StrRes Name="startCreateBlank" Text="Criar relatório em branco"/>
  <StrRes Name="startOpenReport" Text="Abrir relatório"/>
  <StrRes Name="startOpenLast" Text="Abrir último relatório"/>
  <StrRes Name="startEditAliases" Text="Editar aliases de conexão"/>
  <StrRes Name="startHelp" Text="Ajuda"/>
  <StrRes Name="5900" Text="Relógios"/>
  <StrRes Name="5901" Text="Adiciona relógio (watch)"/>
  <StrRes Name="5902" Text="Exclui relógio (watch)"/>
  <StrRes Name="5903" Text="Edita relógio (watch)"/>
  <StrRes Name="6000" Text="Erro de herança"/>
  <StrRes Name="6001" Text="A base e herança dos relatórios contém objetos duplicados. O que você deseja fazer ?"/>
  <StrRes Name="6002" Text="Exclui duplicados"/>
  <StrRes Name="6003" Text="Renomeia duplicados"/>
  <StrRes Name="8000" Text="Exportar para Excel"/>
  <StrRes Name="8001" Text="Estilos"/>
  <StrRes Name="8002" Text="Figuras"/>
  <StrRes Name="8003" Text="Mesclar células"/>
  <StrRes Name="8004" Text="Exportação rápida"/>
  <StrRes Name="8005" Text="WYSIWYG"/>
  <StrRes Name="8006" Text="Como texto"/>
  <StrRes Name="8007" Text="Fundo"/>
  <StrRes Name="8008" Text="Abrir o Excel depois de exportar"/>
  <StrRes Name="8009" Text="Arquivo do Excel  {*.xls)|*.xls"/>
  <StrRes Name="8010" Text=".xls"/>
  <StrRes Name="8100" Text="Exportar para Excel (XML)"/>
  <StrRes Name="8101" Text="Estilos"/>
  <StrRes Name="8102" Text="WYSIWYG"/>
  <StrRes Name="8103" Text="Fundo"/>
  <StrRes Name="8104" Text="Abrir o Excel depois de exportar"/>
  <StrRes Name="8105" Text="Arquivo XML do Excel (*.xls)|*.xls"/>
  <StrRes Name="8106" Text=".xls"/>
  <StrRes Name="8200" Text="Exportar para tabela HTML"/>
  <StrRes Name="8201" Text="Abrir depois de exportar"/>
  <StrRes Name="8202" Text="Estilos"/>
  <StrRes Name="8203" Text="Figura"/>
  <StrRes Name="8204" Text="Todas em uma pasta"/>
  <StrRes Name="8205" Text="Largura fixa"/>
  <StrRes Name="8206" Text="Navegador de páginas"/>
  <StrRes Name="8207" Text="Multi-página"/>
  <StrRes Name="8208" Text="Navegador Mozilla"/>
  <StrRes Name="8209" Text="Fundo"/>
  <StrRes Name="8210" Text="Arquivo HTML (*.html)|*.html"/>
  <StrRes Name="8211" Text=".html"/>
  <StrRes Name="8300" Text="Exportar para Texto (impressora matricial)"/>
  <StrRes Name="8301" Text="Visualizar ligado/desligado"/>
  <StrRes Name="8302" Text=" Propriedades de Exportação"/>
  <StrRes Name="8303" Text="Quebras de página"/>
  <StrRes Name="8304" Text="Página de código OEM"/>
  <StrRes Name="8305" Text="Linhas vazias"/>
  <StrRes Name="8306" Text="Espaços no início"/>
  <StrRes Name="8307" Text="Páginas:"/>
  <StrRes Name="8308" Text="Informe números e/ou intervalo de páginas separados por vírgulas. Ex.: 1,3,5-12"/>
  <StrRes Name="8309" Text="Escalonamento"/>
  <StrRes Name="8310" Text="Escala X"/>
  <StrRes Name="8311" Text="Escala Y"/>
  <StrRes Name="8312" Text="Bordas"/>
  <StrRes Name="8313" Text="Nenhuma"/>
  <StrRes Name="8314" Text="Simples"/>
  <StrRes Name="8315" Text="Gráfica"/>
  <StrRes Name="8316" Text="Somente com página de código OEM"/>
  <StrRes Name="8317" Text="Imprimir depois de exportar"/>
  <StrRes Name="8318" Text="Salvar configurações"/>
  <StrRes Name="8319" Text="Visualizar"/>
  <StrRes Name="8320" Text="Largura:"/>
  <StrRes Name="8321" Text="Altura:"/>
  <StrRes Name="8322" Text="Página"/>
  <StrRes Name="8323" Text="Mais Zoom"/>
  <StrRes Name="8324" Text="Menos Zoom"/>
  <StrRes Name="8325" Text="Arquivo de texto (impressora matricial)(*.prn)|*.prn"/>
  <StrRes Name="8326" Text=".prn"/>
  <StrRes Name="8400" Text="Imprimir"/>
  <StrRes Name="8401" Text="Impressora"/>
  <StrRes Name="8402" Text="Nome"/>
  <StrRes Name="8403" Text="Configuração..."/>
  <StrRes Name="8404" Text="Cópias"/>
  <StrRes Name="8405" Text="Número de cópias"/>
  <StrRes Name="8406" Text="Configuração inicial da impressora"/>
  <StrRes Name="8407" Text="Tipo de impressora"/>
  <StrRes Name="8408" Text=".fpi"/>
  <StrRes Name="8409" Text="Modelo inicial da impressora (*.fpi)|*.fpi"/>
  <StrRes Name="8410" Text=".fpi"/>
  <StrRes Name="8411" Text="Modelo inicial da impressora (*.fpi)|*.fpi"/>
  <StrRes Name="8500" Text="Exportar para RTF"/>
  <StrRes Name="8501" Text="Figuras"/>
  <StrRes Name="8502" Text="WYSIWYG"/>
  <StrRes Name="8503" Text="Abrir depois de exportar"/>
  <StrRes Name="8504" Text="Arquivo RTF (*.rtf)|*.rtf"/>
  <StrRes Name="8505" Text=".rtf"/>
  <StrRes Name="8600" Text="Configurações de Exportação"/>
  <StrRes Name="8601" Text="Configurações da Imagem"/>
  <StrRes Name="8602" Text="Qualidade JPEG"/>
  <StrRes Name="8603" Text="Resolução (dpi)"/>
  <StrRes Name="8604" Text="Arquivos separados"/>
  <StrRes Name="8605" Text="Reduzir página"/>
  <StrRes Name="8606" Text="Monocromático"/>
  <StrRes Name="8700" Text="Exportar para PDF"/>
  <StrRes Name="8701" Text="Compactado"/>
  <StrRes Name="8702" Text="Fontes embutidas"/>
  <StrRes Name="8703" Text="Impressão otimizada"/>
  <StrRes Name="8704" Text="Indice"/>
  <StrRes Name="8705" Text="Fundo"/>
  <StrRes Name="8706" Text="Abrir depois de exportar"/>
  <StrRes Name="8707" Text="Arquivo PDF Adobe (*.pdf)|*.pdf"/>
  <StrRes Name="8708" Text=".pdf"/>
  <StrRes Name="RTFexport" Text="Arquivo RTF"/>
  <StrRes Name="BMPexport" Text="Imagem BMP"/>
  <StrRes Name="JPEGexport" Text="Imagem JPEG"/>
  <StrRes Name="TIFFexport" Text="Imagem TIFF"/>
  <StrRes Name="TextExport" Text="Texto (impressora matricial)"/>
  <StrRes Name="XlsOLEexport" Text="Tabela Excel (OLE)"/>
  <StrRes Name="HTMLexport" Text="Arquivo HTML"/>
  <StrRes Name="XlsXMLexport" Text="Tabela Excel (XML)"/>
  <StrRes Name="PDFexport" Text="Arquivo PDF"/>
  <StrRes Name="ProgressWait" Text="Por favor, aguarde"/>
  <StrRes Name="ProgressRows" Text="Definindo linhas"/>
  <StrRes Name="ProgressColumns" Text="Definindo colunas"/>
  <StrRes Name="ProgressStyles" Text="Definindo estilos"/>
  <StrRes Name="ProgressObjects" Text="Exportando objetos"/>
  <StrRes Name="TIFFexportFilter" Text="Imagem TIFF (*.tif)|*.tif"/>
  <StrRes Name="BMPexportFilter" Text="Imagem BMP (*.bmp)|*.bmp"/>
  <StrRes Name="JPEGexportFilter" Text="Imagem JPEG (*.jpg)|*.jpg"/>
  <StrRes Name="HTMLNavFirst" Text="Início"/>
  <StrRes Name="HTMLNavPrev" Text="Anterior"/>
  <StrRes Name="HTMLNavNext" Text="Seguinte"/>
  <StrRes Name="HTMLNavLast" Text="Fim"/>
  <StrRes Name="HTMLNavRefresh" Text="Atualizar"/>
  <StrRes Name="HTMLNavPrint" Text="Imprimir"/>
  <StrRes Name="HTMLNavTotal" Text="Páginas"/>
  <StrRes Name="8800" Text="Exportar para Texto"/>
  <StrRes Name="8801" Text="Arquivos texto (*.txt)|*.txt"/>
  <StrRes Name="8802" Text=".txt"/>
  <StrRes Name="SimpleTextExport" Text="Arquivo Texto"/>
  <StrRes Name="8850" Text="Exportar para CSV"/>
  <StrRes Name="8851" Text="Arquivo CSV (*.csv)|*.csv"/>
  <StrRes Name="8852" Text=".csv"/>
  <StrRes Name="8853" Text="Separador"/>
  <StrRes Name="CSVExport" Text="Arquivo CSV"/>
  <StrRes Name="8900" Text="Exportar para E-mail"/>
  <StrRes Name="8901" Text="E-mail"/>
  <StrRes Name="8902" Text="Conta"/>
  <StrRes Name="8903" Text="Conexão"/>
  <StrRes Name="8904" Text="Destinatário"/>
  <StrRes Name="8905" Text="Anexo"/>
  <StrRes Name="8906" Text="Formato"/>
  <StrRes Name="8907" Text="Endereço de email"/>
  <StrRes Name="8908" Text="Nome"/>
  <StrRes Name="8909" Text="Servidor"/>
  <StrRes Name="8910" Text="Login"/>
  <StrRes Name="8911" Text="Emitente"/>
  <StrRes Name="8912" Text="Mensagem"/>
  <StrRes Name="8913" Text="Texto"/>
  <StrRes Name="8914" Text="Organização"/>
  <StrRes Name="8915" Text="Senha"/>
  <StrRes Name="8916" Text="Porta"/>
  <StrRes Name="8917" Text="Lembrar propriedades"/>
  <StrRes Name="8918" Text="Campos requeridos não estão preenchidos"/>
  <StrRes Name="8919" Text="Configurações de exportação avançadas"/>
  <StrRes Name="8920" Text="Assinatura"/>
  <StrRes Name="8921" Text="Criar"/>
  <StrRes Name="8922" Text="Assunto"/>
  <StrRes Name="8923" Text="Atenciosamente"/>
  <StrRes Name="8924" Text="Enviar mensagem para"/>
  <StrRes Name="EmailExport" Text="E-mail"/>
  <StrRes Name="FastReportFile" Text="Arquivo FastReport"/>
  <StrRes Name="GifexportFilter" Text="Arquivo GIF (*.gif)|*.gif"/>
  <StrRes Name="GIFexport" Text="Imagem GIF"/>
  <StrRes Name="8950" Text="Contínuo"/>
  <StrRes Name="8951" Text="Cabeçalho/Rodapé da página"/>
  <StrRes Name="8952" Text="Texto"/>
  <StrRes Name="8953" Text="Cabeçalho/Rodapé"/>
  <StrRes Name="8954" Text="Nenhum"/>
  <StrRes Name="ODSExportFilter" Text="Abre documento arquivo Spreadsheet (*.ods)|*.ods"/>
  <StrRes Name="ODSExport" Text="Abre documento Spreadsheet"/>
  <StrRes Name="ODTExportFilter" Text="Abre documento arquivo texto (*.odt)|*.odt"/>
  <StrRes Name="ODTExport" Text="Abre documento texto"/>
  <StrRes Name="8960" Text=".ods"/>
  <StrRes Name="8961" Text=".odt"/>
  <StrRes Name="8962" Text="Segurança"/>
  <StrRes Name="8963" Text="Opções de segurança"/>
  <StrRes Name="8964" Text="Proprietário senha"/>
  <StrRes Name="8965" Text="Usuário senha"/>
  <StrRes Name="8966" Text="Imprimir o documento"/>
  <StrRes Name="8967" Text="Modificar o documento"/>
  <StrRes Name="8968" Text="Copiar texto e gráficos"/>
  <StrRes Name="8969" Text="Adicionar ou modificar anotações de texto"/>
  <StrRes Name="8970" Text="PDF Segurança"/>
  <StrRes Name="8971" Text="Informações do documento"/>
  <StrRes Name="8972" Text="Informações"/>
  <StrRes Name="8973" Text="Título"/>
  <StrRes Name="8974" Text="Autor"/>
  <StrRes Name="8975" Text="Assunto"/>
  <StrRes Name="8976" Text="Palavras chave"/>
  <StrRes Name="8977" Text="Criador"/>
  <StrRes Name="8978" Text="Produtor"/>
  <StrRes Name="8979" Text="Autenticação"/>
  <StrRes Name="8980" Text="Permissões"/>
  <StrRes Name="8981" Text="Visualizador"/>
  <StrRes Name="8982" Text="Preferências do visualizador"/>
  <StrRes Name="8983" Text="Esconder barra de ferramentas"/>
  <StrRes Name="8984" Text="Esconder barra de menu"/>
  <StrRes Name="8985" Text="Esconder interface do usuário"/>
  <StrRes Name="8986" Text="Ajustar janela"/>
  <StrRes Name="8987" Text="Centralizar janela"/>
  <StrRes Name="8988" Text="Escala de impressão"/>
  <StrRes Name="8989" Text="Confirmao de leitura"/>
  <StrRes Name="9101" Text="Export to DBF"/>
  <StrRes Name="9102" Text="dBase (DBF) export"/>
  <StrRes Name="9103" Text=".dbf"/>
  <StrRes Name="9104" Text="Failed to load the file"/>
  <StrRes Name="9105" Text="Failure"/>
  <StrRes Name="9106" Text="Field names"/>
  <StrRes Name="9107" Text="Automatically"/>
  <StrRes Name="9108" Text="Manually"/>
  <StrRes Name="9109" Text="Load from file"/>
  <StrRes Name="9110" Text="Text files (*.txt)|*.txt|All files|*.*"/>
  <StrRes Name="9111" Text="DBF files (*.dbf)|*.dbf|All files|*.*"/>
  <StrRes Name="propActive" Text="Especifica se o Dataset está aberto ou não"/>
  <StrRes Name="propActive.TfrxHighlight" Text="Especifica se o destaque está ativo"/>
  <StrRes Name="propAliasName" Text="O nome do alias BDE"/>
  <StrRes Name="propAlign" Text="Determina o alinhamento do objeto em relação à banda ou página"/>
  <StrRes Name="propAlignment" Text="O alinhamento do texto do objeto"/>
  <StrRes Name="propAllowAllUp" Text="Especifica se todos os speed buttons no grupo podem ser desmarcados ao mesmo tempo"/>
  <StrRes Name="propAllowEdit" Text="Determina se o usuário pode editar as páginas do relatório preparado"/>
  <StrRes Name="propAllowExpressions" Text="Determina se o objeto de texto pode conter expressões dentro do texto"/>
  <StrRes Name="propAllowGrayed" Text="Permite o estado nulo dos checkboxes"/>
  <StrRes Name="propAllowHTMLTags" Text="Determina se o objeto de texto pode conter tags HTML no seu conteúdo"/>
  <StrRes Name="propAllowSplit" Text="Determina se a banda pode dividir seu conteúdo entre páginas"/>
  <StrRes Name="propAuthor" Text="O autor do relatório "/>
  <StrRes Name="propAutoSize.TfrxPictureView" Text="Determina se a figura deve definir seu tamanho automaticamente"/>
  <StrRes Name="propAutoWidth" Text="Determina se o objeto de texto deve definir sua largura automaticamente"/>
  <StrRes Name="propBackPicture" Text="A figura de fundo da página"/>
  <StrRes Name="propBarType" Text="O tipo do código de barras "/>
  <StrRes Name="propBevelInner" Text="O tipo de relevo interno"/>
  <StrRes Name="propBevelOuter" Text="O tipo de relevo externo"/>
  <StrRes Name="propBevelWidth" Text="A largura do relevo"/>
  <StrRes Name="propBorder" Text="Determina se a borda externa deve ser mostrada ou não"/>
  <StrRes Name="propBorderStyle" Text="O estilo da janela"/>
  <StrRes Name="propBottomMargin" Text="O tamanho da margem inferior da página"/>
  <StrRes Name="propBrushStyle" Text="O estilo do pincel usado para o fundo do objeto"/>
  <StrRes Name="propCalcCheckSum" Text="Determina se o código de barras deve calcular o dígito verificador automaticamente"/>
  <StrRes Name="propCancel" Text="Determina se o botão deve ser ativado quando a tecla Esc for pressionada "/>
  <StrRes Name="propCaption" Text="O rótulo do controle "/>
  <StrRes Name="propCellFields" Text="Nomes dos campos do BD representam as células do cruzamento "/>
  <StrRes Name="propCellLevels" Text="Número de níveis de células "/>
  <StrRes Name="propCenter" Text="Determina se a imagem deve ser centralizada dentro do controle "/>
  <StrRes Name="propCharset" Text="O conjunto de caracteres da fonte "/>
  <StrRes Name="propCharSpacing" Text="Quantidade de pixels entre dois caracteres "/>
  <StrRes Name="propCheckColor" Text="A cor da marca "/>
  <StrRes Name="propChecked" Text="Determina se o controle está marcado "/>
  <StrRes Name="propCheckStyle" Text="O estilo da marca "/>
  <StrRes Name="propChild" Text="Banda filha conectada a esta banda "/>
  <StrRes Name="propClipped" Text="Determina quando o texto deve ser aparado dentro dos limites dos objetos"/>
  <StrRes Name="propCollate" Text="Configuração padrão de agrupamento "/>
  <StrRes Name="propColor.TFont" Text="A cor do texto "/>
  <StrRes Name="propColor" Text="A cor do objeto"/>
  <StrRes Name="propColor.TfrxFrame" Text="A cor da borda "/>
  <StrRes Name="propColor.TfrxHighlight" Text="Determina a cor do objeto se o destaque (highlight) está ativo "/>
  <StrRes Name="propColumnFields" Text="Nomes dos campos do BD representando as colunas do cruzamento "/>
  <StrRes Name="propColumnGap" Text="O espaço entre colunas da banda "/>
  <StrRes Name="propColumnLevels" Text="Número de níveis de colunas "/>
  <StrRes Name="propColumns" Text="Número de colunas na banda "/>
  <StrRes Name="propColumnWidth" Text="A largura da coluna da banda"/>
  <StrRes Name="propCondition" Text="A condição de agrupamento. O grupo irá quebrar se o valor desta expressão mudar "/>
  <StrRes Name="propCondition.TfrxHighlight" Text="String de expressão. Se esta expressão for Verdadeira, o destaque será ativado. "/>
  <StrRes Name="propConnected" Text="Indica se a conexão com o banco de dados está ativa"/>
  <StrRes Name="propConvertNulls" Text="Determina se valores nulos do BD serão convertidos para 0, Falso ou string vazia "/>
  <StrRes Name="propCopies" Text="O número padrão de cópias "/>
  <StrRes Name="propCursor" Text="O cursor do objeto "/>
  <StrRes Name="propDatabaseName" Text="O nome do banco de dados "/>
  <StrRes Name="propDataField" Text="Especifica o campo do qual o objeto obtém seus dados "/>
  <StrRes Name="propDataSet" Text="Liga o objeto ao dataset que contém o campo que ele representa "/>
  <StrRes Name="propDate" Text="O valor de data do controle "/>
  <StrRes Name="propDateFormat" Text="Especifica o formato em que a data é apresentada "/>
  <StrRes Name="propDecimalSeparator" Text="O separador decimal "/>
  <StrRes Name="propDefault" Text="Determina se o botão é o botão padrão "/>
  <StrRes Name="propDefHeight" Text="Altura padrão da linha "/>
  <StrRes Name="propDescription.TfrxReportOptions" Text="A descrição do relatório"/>
  <StrRes Name="propDescription" Text="A descrição do relatório"/>
  <StrRes Name="propDiagonal" Text="Indica que a linha é diagonal "/>
  <StrRes Name="propDisplayFormat" Text="O formato do valor exibido "/>
  <StrRes Name="propDoublePass" Text="Determina se o mecanismo do relatório deve realizar um segundo passo "/>
  <StrRes Name="propDown" Text="Determina se o speed button está pressionado ou não "/>
  <StrRes Name="propDownThenAcross" Text="Determina como uma tabela cruzada grande será dividida entre páginas "/>
  <StrRes Name="propDriverName" Text="O nome do driver BDE"/>
  <StrRes Name="propDropShadow" Text="Determina se o objeto possui sombra "/>
  <StrRes Name="propDuplex" Text="Especifica o modo duplex para a página "/>
  <StrRes Name="propEditMask" Text="Especifica a máscara que representa que texto é válido para o controle Edit com máscara "/>
  <StrRes Name="propEnabled" Text="Determina se o controle está habilitado "/>
  <StrRes Name="propEngineOptions" Text="As opções do mecanismo do relatório "/>
  <StrRes Name="propExpression" Text="O valor desta expressão será exibido no objeto "/>
  <StrRes Name="propExpressionDelimiters" Text="Os caracteres que serão usados para delimitar as expressões contidas no texto"/>
  <StrRes Name="propFieldAliases" Text="Os apelidos dos campos do dataset "/>
  <StrRes Name="propFilter" Text="A condição de filtragem para o dataset "/>
  <StrRes Name="propFiltered" Text="Determina se o dataset deve filtrar os registros usando a condição na propriedade Filter "/>
  <StrRes Name="propFlowTo" Text="O objeto de texto que mostrará o texto que não couber no objeto "/>
  <StrRes Name="propFont" Text="Os atributos da fonte do objeto "/>
  <StrRes Name="propFooterAfterEach" Text="Determina se a banda de rodapé deverá ser mostrada após cada linha de dados "/>
  <StrRes Name="propFormatStr" Text="A string de formatação "/>
  <StrRes Name="propFrame" Text="Os atributos da borda do objeto"/>
  <StrRes Name="propGapX" Text="A endentação esquerda do texto "/>
  <StrRes Name="propGapY" Text="A endentação superior do texto "/>
  <StrRes Name="propGlyph" Text="A imagem do controle "/>
  <StrRes Name="propGroupIndex" Text="Permite aos speed buttons funcionar juntos como um grupo "/>
  <StrRes Name="propHAlign" Text="O alinhamento horizontal do texto"/>
  <StrRes Name="propHeight" Text="A altura do objeto "/>
  <StrRes Name="propHideZeros" Text="Determina se o objeto de texto esconderá os valores zerados"/>
  <StrRes Name="propHighlight" Text="Os atributos do destaque condicional "/>
  <StrRes Name="propIndexName" Text="O nome do índice "/>
  <StrRes Name="propInitString" Text="String de inicialização da impressora para relatórios matriciais "/>
  <StrRes Name="propItems" Text="Itens de lista do objeto "/>
  <StrRes Name="propKeepAspectRatio" Text="Manter o tamanho proporcional da imagem "/>
  <StrRes Name="propKeepChild" Text="Determina se a banda será impressa junto de sua banda filha "/>
  <StrRes Name="propKeepFooter" Text="Determina se a banda será impressa junto de seu rodapé "/>
  <StrRes Name="propKeepHeader" Text="Determina se a banda será impressa junto com seu cabeçalho "/>
  <StrRes Name="propKeepTogether" Text="Determina se a banda será impressa junto de todas suas sub-bandas "/>
  <StrRes Name="propKind.TfrxFormat" Text="O tipo de formatação "/>
  <StrRes Name="propKind" Text="O tipo de botão"/>
  <StrRes Name="propLargeDesignHeight" Text="Determina se a página possuirá altura extensa no modo de desenho "/>
  <StrRes Name="propLayout" Text="O leiaute do glyph do botão "/>
  <StrRes Name="propLeft" Text="A coordenada esquerda do objeto "/>
  <StrRes Name="propLeftMargin" Text="O tamanho da margem esquerda da página"/>
  <StrRes Name="propLines" Text="O texto do objeto "/>
  <StrRes Name="propLineSpacing" Text="A quantidade de pixels entre duas linhas de texto "/>
  <StrRes Name="propLoginPrompt" Text="Determina se o diálogo de login deverá ser mostrado "/>
  <StrRes Name="propMargin" Text="Determina o número de pixels entre a borda da imagem e a borda do botão "/>
  <StrRes Name="propMaster" Text="O dataset mestre "/>
  <StrRes Name="propMasterFields" Text="Os campos ligados por relação mestre-detalhe "/>
  <StrRes Name="propMaxLength" Text="Tamanho máximo do texto"/>
  <StrRes Name="propMaxWidth" Text="Largura máxima da coluna "/>
  <StrRes Name="propMemo" Text="O texto do objeto"/>
  <StrRes Name="propMinWidth" Text="Largura mínima da coluna "/>
  <StrRes Name="propMirrorMargins" Text="Espelha as margens nas páginas pares "/>
  <StrRes Name="propModalResult" Text="Determina se e como o botão fecha seu formulário modal "/>
  <StrRes Name="propName.TFont" Text="O nome da fonte "/>
  <StrRes Name="propName.TfrxReportOptions" Text="O nome do relatório "/>
  <StrRes Name="propName" Text="O nome do objeto "/>
  <StrRes Name="propNumGlyphs" Text="Indica o número de imagens no gráfico especificado na propriedade Glyph "/>
  <StrRes Name="propOpenDataSource" Text="Determina se a fonte de dados deve ser aberta automaticamente ou não "/>
  <StrRes Name="propOrientation" Text="A orientação da página "/>
  <StrRes Name="propOutlineText" Text="O texto que será mostrado no controle de resumo da visualização "/>
  <StrRes Name="propOutlineVisible" Text="A visibilidade do controle de resumo da visualização "/>
  <StrRes Name="propOutlineWidth" Text="A largura do controle de resumo da visualização "/>
  <StrRes Name="propPageNumbers.TfrxPrintOptions" Text="O número das páginas a serem impressas."/>
  <StrRes Name="propPaperHeight" Text="A altura da página "/>
  <StrRes Name="propPaperWidth" Text="A largura da página "/>
  <StrRes Name="propParagraphGap" Text="A endentação da primeira linha do parágrafo "/>
  <StrRes Name="propParams.TfrxBDEDatabase" Text="Os parâmetros da conexão "/>
  <StrRes Name="propParams" Text="Os parâmetros da query "/>
  <StrRes Name="propParentFont" Text="Determina se o objeto usará a fonte de seu objeto pai "/>
  <StrRes Name="propPassword" Text="A senha do relatório"/>
  <StrRes Name="propPasswordChar" Text="Indica o caractere, se algum, a ser mostrado no lugar dos caracteres reais digitados no controle "/>
  <StrRes Name="propPicture" Text="A figura "/>
  <StrRes Name="propPicture.TfrxReportOptions" Text="A figura descritiva do relatório "/>
  <StrRes Name="propPosition" Text="A posição inicial da janela "/>
  <StrRes Name="propPreviewOptions" Text="As opções de visualização do relatório "/>
  <StrRes Name="propPrintable" Text="Se o objeto será impresso. Objetos com Printable=False serão visualizados, mas não impressos"/>
  <StrRes Name="propPrintChildIfInvisible" Text="Determina se a banda filha será impressa caso sua banda pai seja invisível "/>
  <StrRes Name="propPrinter" Text="O nome da impressora que será selecionada quando este relatório for aberto ou executado "/>
  <StrRes Name="propPrintIfDetailEmpty" Text="Determina se a banda de dados será impressa caso sua sub-banda esteja vazia "/>
  <StrRes Name="propPrintIfEmpty" Text="Determina se a página será impressa caso todos os seus datasets estejam vazios "/>
  <StrRes Name="propPrintOnFirstPage" Text="Determina se a banda será impressa na primeira página "/>
  <StrRes Name="propPrintOnLastPage" Text="Determina se a banda será impressa na última página "/>
  <StrRes Name="propPrintOnParent" Text="Determina se o sub-relatório será impresso em sua banda pai "/>
  <StrRes Name="propPrintOnPreviousPage" Text="Determina se a página pode ser gerada no espaço livre da página gerada anteriormente "/>
  <StrRes Name="propPrintOptions" Text="Opções de impressão do relatório"/>
  <StrRes Name="propPrintPages" Text="Determina a impressão de todas as páginas, somente as ímpares ou somente as pares "/>
  <StrRes Name="propRangeBegin" Text="Determina o ponto inicial de navegação no dataset "/>
  <StrRes Name="propRangeEnd" Text="Determina o ponto final de navegação no dataset "/>
  <StrRes Name="propRangeEndCount" Text="Determina o número de registros no dataset se RangeEnd for reCount"/>
  <StrRes Name="propReadOnly" Text="Determina se o objeto de texto é somente leitura "/>
  <StrRes Name="propRepeatHeaders" Text="Determina se os cabeçalhos de coluna e linha serão reimpressos em uma nova página "/>
  <StrRes Name="propReportOptions" Text="As opções do relatório"/>
  <StrRes Name="propReprintOnNewPage" Text="Determina se a banda será reimpressa em uma nova página "/>
  <StrRes Name="propRestrictions" Text="Conjunto de sinais de restrição "/>
  <StrRes Name="propRightMargin" Text="O tamanho da margem direita da página "/>
  <StrRes Name="propRotation.TfrxBarCodeView" Text="A orientação do código de barras "/>
  <StrRes Name="propRotation" Text="A rotação do texto "/>
  <StrRes Name="propRowCount" Text="Número de registros virtuais na banda de dados "/>
  <StrRes Name="propRowFields" Text="Nomes dos campos de BD representando as linhas de cruzamento "/>
  <StrRes Name="propRowLevels" Text="Número de níveis de linhas "/>
  <StrRes Name="propRTLReading" Text="Determina se o objeto de texto mostrará seu conteúdo no sentido da direita para a esquerda "/>
  <StrRes Name="propSessionName" Text="O nome da sessão BDE"/>
  <StrRes Name="propShadowColor" Text="A cor da sombra "/>
  <StrRes Name="propShadowWidth" Text="A largura da sombra "/>
  <StrRes Name="propShape" Text="O tipo de forma "/>
  <StrRes Name="propShiftMode" Text="O comportamento de deslocamento do objeto "/>
  <StrRes Name="propShowColumnHeader" Text="Determina se o cruzamento mostrará os cabeçalhos das colunas"/>
  <StrRes Name="propShowColumnTotal" Text="Determina se o cruzamento mostrará o total geral da coluna "/>
  <StrRes Name="propShowRowHeader" Text="Determina se o cruzamento mostrará os cabeçalhos das linhas "/>
  <StrRes Name="propShowRowTotal" Text="Determina se o cruzamento mostrará o total geral da linha "/>
  <StrRes Name="propShowDialog" Text="Determina se o diálogo de impressão será mostrado na janela de visualização "/>
  <StrRes Name="propShowText" Text="Determina se o objeto código de barras mostrará texto em formato legível "/>
  <StrRes Name="propSize" Text="O tamanho da fonte "/>
  <StrRes Name="propSorted" Text="Determina se os itens estão ordenados ou não"/>
  <StrRes Name="propSpacing" Text="Determina o número de pixels entre a imagem e o texto"/>
  <StrRes Name="propSQL" Text="A declaração SQL "/>
  <StrRes Name="propStartNewPage" Text="Inicia uma nova página antes de imprimir a banda "/>
  <StrRes Name="propStretch" Text="Estica a figura para caber nos limites do objeto "/>
  <StrRes Name="propStretched" Text="Determina se o objeto pode ser esticado "/>
  <StrRes Name="propStretchMode" Text="Modo para esticar o objeto "/>
  <StrRes Name="propStyle.TFont" Text="O estilo da fonte "/>
  <StrRes Name="propStyle" Text="O estilo do controle "/>
  <StrRes Name="propStyle.TfrxFrame" Text="O estilo da borda do objeto "/>
  <StrRes Name="propSuppressRepeated" Text="Suprime valores repetidos "/>
  <StrRes Name="propTableName" Text="O nome da tabela de dados "/>
  <StrRes Name="propTag" Text="O número de marca do objeto "/>
  <StrRes Name="propTagStr" Text="A string de marca do objeto "/>
  <StrRes Name="propText" Text="O texto do objeto"/>
  <StrRes Name="propTitleBeforeHeader" Text="Determina se o título do relatório deve ser mostrado antes do cabeçalho da página"/>
  <StrRes Name="propTop" Text="A coordenada superior do objeto "/>
  <StrRes Name="propTopMargin" Text="O tamanho da margem superior da página "/>
  <StrRes Name="propTyp" Text="O tipo da borda "/>
  <StrRes Name="propUnderlines" Text="Determina se o objeto de texto mostrará linhas de grade após cada linha de texto "/>
  <StrRes Name="propURL" Text="O URL do objeto "/>
  <StrRes Name="propUserName" Text="Nome do usuário do objeto de dados. Este nome será mostrado na árvore de dados "/>
  <StrRes Name="propVAlign" Text="O alinhamento vertical do texto"/>
  <StrRes Name="propVersionBuild" Text="Informação de versão, compilação "/>
  <StrRes Name="propVersionMajor" Text="Informação de versão, versão maior "/>
  <StrRes Name="propVersionMinor" Text="Informação de versão, versão menor "/>
  <StrRes Name="propVersionRelease" Text="Informação de versão, liberação "/>
  <StrRes Name="propVisible" Text="Visibilidade do objeto"/>
  <StrRes Name="propWidth" Text="Largura do objeto "/>
  <StrRes Name="propWidth.TfrxFrame" Text="A largura da borda "/>
  <StrRes Name="propWindowState" Text="Estado inicial da janela "/>
  <StrRes Name="propWordBreak" Text="Quebrar palavras em russo "/>
  <StrRes Name="propWordWrap" Text="Determina se o objeto de texto insere retornos de carro suaves para que o texto quebre na margem direita "/>
  <StrRes Name="propZoom.TfrxBarCodeView" Text="Zooms para o código de barras "/>
  <StrRes Name="propConnectionName" Text="Nome da conexão à base de dados usada no relatório "/>
  <StrRes Name="propCurve" Text="Curvatura das bordas do objeto roundrectangle "/>
  <StrRes Name="propDrillDown" Text="Determina se o grupo lançado para baixo (drill-down) "/>
  <StrRes Name="propFontStyle" Text="Estilo da fonte matricial"/>
  <StrRes Name="propHideIfSingleDataRecord" Text="Esconda o rodapé se um grupo tiver somente um registro de dados "/>
  <StrRes Name="propOutlineExpand" Text="Determina se expande o relatório para fora da linha ou não "/>
  <StrRes Name="propPlainCells" Text="Determina se imprime as diversas células lado a lado ou empilhado"/>
  <StrRes Name="propPrintMode" Text="Modalidade de impressão: normal, imprime uma página grande repartida em pequenas páginas, ou diversas páginas pequenas em uma grande "/>
  <StrRes Name="propPrintOnSheet" Text="Tamanho do papel para impressão do relatório. Usado se PrintMode não for pmDefault "/>
  <StrRes Name="propResetPageNumbers" Text="Restaura número/total de páginas quando imprimir o grupo. Se for usada a opção StartNewPage setada para true "/>
  <StrRes Name="propReverse" Text="Determina se imprime páginas na ordem invertida"/>
  <StrRes Name="propShowFooterIfDrillDown" Text="Determina se mostra o rodapé do grupo quando o grupo for lançado para baixo (drill-down) "/>
  <StrRes Name="propSizeMode" Text="Exibe modo do objeto OLE "/>
  <StrRes Name="propVersion" Text="Versão do FastReport "/>
  <StrRes Name="propWideBarRatio" Text="Relativo a largura das barras do objeto barcode "/>
  <StrRes Name="propWysiwyg" Text="Determina se usa o canvas da impressora para formatar o texto objeto richtext. A impressora deverá estar instalada e pronta. "/>
  <StrRes Name="propArrowEnd" Text="Determina se extrai a seta da extremidade da linha "/>
  <StrRes Name="propArrowLength" Text="Comprimento da seta "/>
  <StrRes Name="propArrowSolid" Text="Determina se extrai uma seta com linha sólida "/>
  <StrRes Name="propArrowStart" Text="Determina se extrai uma seta no início da linha"/>
  <StrRes Name="propArrowWidth" Text="Largura da seta "/>
  <StrRes Name="propCloseDataSource" Text="Determina se fecha o dataset quando o relatório é finalizado "/>
  <StrRes Name="propDatabase" Text="Conexão à Base de Dados "/>
  <StrRes Name="propIndexFieldNames" Text="Nomes de indice dos campos "/>
  <StrRes Name="propCommandTimeOut" Text="Quantidade de tempo necessário para executar a query "/>
  <StrRes Name="propExpandDrillDown" Text="Determina se expande todos os elementos drill-down no início do relatório"/>
  <StrRes Name="propWysiwyg.TfrxMemoView" Text="Determina se mostra o texto no modo WYSIWYG "/>
  <StrRes Name="propLeftLine" Text="Linha esquerda de um quadro "/>
  <StrRes Name="propTopLine" Text="Linha superior de um quadro "/>
  <StrRes Name="propRightLine" Text="Linha direita de um quadro "/>
  <StrRes Name="propBottomLine" Text="Linha inferior de um quadro"/>
  <StrRes Name="propColor.TfrxFrameLine" Text="A cor da linha do quadro "/>
  <StrRes Name="propStyle.TfrxFrameLine" Text="O estilo da linha do quadro"/>
  <StrRes Name="propWidth.TfrxFrameLine" Text="A largura da linha do quadro "/>
  <StrRes Name="propFileLink" Text="Expressão ou nome do arquivo que contém uma imagem "/>
  <StrRes Name="propEndlessWidth" Text="Modalidade de página Endless. Se true, a largura da página crescerá dependendo do número de registros de dados nela "/>
  <StrRes Name="propEndlessHeight" Text="Modalidade de página Endless. Se true, o tamanho da página crescerá dependendo do número de registros de dados nela "/>
  <StrRes Name="propAddHeight" Text="Adiciona uma quantidade de espaço especificada à altura da célula "/>
  <StrRes Name="propAddWidth" Text="Adiciona uma quantidade de espaço especificada à largura da célula "/>
  <StrRes Name="propAllowDuplicates" Text="Determina se a célula pode aceitar string com valores duplicados "/>
  <StrRes Name="propJoinEqualCells" Text="Determina se o crosstab deve juntar as células com valores iguais "/>
  <StrRes Name="propNextCross" Text="Ponteiro para o próximo crosstab que será mostrado lado a lado "/>
  <StrRes Name="propNextCrossGap" Text="Abertura entre o lado a lado do crosstab "/>
  <StrRes Name="propShowCorner" Text="Determina se o crosstab deve indicar os elementos de canto esquerdo superior "/>
  <StrRes Name="propSuppressNullRecords" Text="Determina se o crosstab reprime registros com todos os valores nulos "/>
  <StrRes Name="propShowTitle" Text="Determina se o crosstab exibe o título"/>
  <StrRes Name="propAutoSize" Text="Determina se o crosstab carrega o tamanho automaticamente"/>
  <StrRes Name="propShowHint" Text="Determines if object should show hint when move cursor on it"/>
  <StrRes Name="propHint" Text="Hint text"/>
  <StrRes Name="propPaperSize" Text="PaperSize"/>
  <StrRes Name="propPageCount" Text="Count of pages"/>
  <StrRes Name="propBackPictureVisible" Text="Determines if the page should display a background picture"/>
  <StrRes Name="propBackPicturePrintable" Text="Determines if the page should print a background picture"/>
  <StrRes Name="propHightQuality" Text="Show picture in high quality"/>
  <StrRes Name="propLockType" Text="Specifies the lock type to use when opening a dataset"/>
  <StrRes Name="propIgnoreDupParams" Text="Ignore duplicate parameters in ParamEditor"/>
  <StrRes Name="propTransparent" Text="Determinates if the picture can be transparent"/>
  <StrRes Name="propTransparentColor" Text="Transparent color"/>
  <StrRes Name="propIgnoreNulls" Text="Allow to ingnore Nulls values in Chart"/>
  <StrRes Name="propShowClildIfDrillDown" Text="Determinates if child band shown if group is drilldown"/>
</Resources>
