<?xml version="1.1" encoding="utf-8"?>
<Resources CodePage="1252">
  <StrRes Name="1" Text="OK"/>
  <StrRes Name="2" Text="Annulla"/>
  <StrRes Name="3" Text="Tutte"/>
  <StrRes Name="4" Text="Pagina corrente"/>
  <StrRes Name="5" Text="Pagine:"/>
  <StrRes Name="6" Text="Interruzioni di pagina"/>
  <StrRes Name="7" Text="Pagine"/>
  <StrRes Name="8" Text="Impostazioni di esportazione"/>
  <StrRes Name="9" Text="Immettere i numeri di pagine e/o l'intervallo di pagine, separate da virgole. Per esempio, 1,3,5-12"/>
  <StrRes Name="100" Text="Anteprima"/>
  <StrRes Name="101" Text="Stampa"/>
  <StrRes Name="102" Text="Stampa"/>
  <StrRes Name="103" Text="Apri"/>
  <StrRes Name="104" Text="Apri"/>
  <StrRes Name="105" Text="Salva"/>
  <StrRes Name="106" Text="Salva"/>
  <StrRes Name="107" Text="Esporta"/>
  <StrRes Name="108" Text="Esporta"/>
  <StrRes Name="109" Text="Trova"/>
  <StrRes Name="110" Text="Trova"/>
  <StrRes Name="111" Text="Pagina intera"/>
  <StrRes Name="112" Text="Pagina intera"/>
  <StrRes Name="113" Text="Larghezza pagina"/>
  <StrRes Name="114" Text="Larghezza pagina"/>
  <StrRes Name="115" Text="100%"/>
  <StrRes Name="116" Text="100%"/>
  <StrRes Name="117" Text="Due Pagine"/>
  <StrRes Name="118" Text="Due Pagine"/>
  <StrRes Name="119" Text="Zoom"/>
  <StrRes Name="120" Text="Margini"/>
  <StrRes Name="121" Text="Impostazioni della pagina"/>
  <StrRes Name="122" Text="Profilo"/>
  <StrRes Name="123" Text="Profilo"/>
  <StrRes Name="124" Text="Zoom avanti"/>
  <StrRes Name="125" Text="Zoom avanti"/>
  <StrRes Name="126" Text="Zoom indietro"/>
  <StrRes Name="127" Text="Zoom indietro"/>
  <StrRes Name="128" Text="Indice"/>
  <StrRes Name="129" Text="Indice"/>
  <StrRes Name="130" Text="Miniature"/>
  <StrRes Name="131" Text="Miniature"/>
  <StrRes Name="132" Text="Modifica"/>
  <StrRes Name="133" Text="Modifica pagina"/>
  <StrRes Name="134" Text="Prima"/>
  <StrRes Name="135" Text="Prima pagina"/>
  <StrRes Name="136" Text="Precedente"/>
  <StrRes Name="137" Text="Pagina precedente"/>
  <StrRes Name="138" Text="Successivo"/>
  <StrRes Name="139" Text="Pagina successiva"/>
  <StrRes Name="140" Text="Ultima"/>
  <StrRes Name="141" Text="Ultima pagina"/>
  <StrRes Name="142" Text="Numero pagina"/>
  <StrRes Name="150" Text="Visualizza a schermo intero"/>
  <StrRes Name="151" Text="Esporta in PDF"/>
  <StrRes Name="152" Text="Send by E-mail"/>
  <StrRes Name="zmPageWidth" Text="Larghezza pagina"/>
  <StrRes Name="zmWholePage" Text="Pagina intera"/>
  <StrRes Name="200" Text="Stampa"/>
  <StrRes Name="201" Text=" Stampante "/>
  <StrRes Name="202" Text=" Pagine da stampare "/>
  <StrRes Name="203" Text="Numero di copie"/>
  <StrRes Name="204" Text="Fascicola"/>
  <StrRes Name="205" Text=" Copie "/>
  <StrRes Name="206" Text="Stampa:"/>
  <StrRes Name="207" Text=" Altre impostazioni "/>
  <StrRes Name="208" Text="Dove:"/>
  <StrRes Name="209" Text="Proprietà..."/>
  <StrRes Name="210" Text="Stampa su file"/>
  <StrRes Name="211" Text="Ordine:"/>
  <StrRes Name="212" Text="Nome:"/>
  <StrRes Name="213" Text=" Modalità di stampa "/>
  <StrRes Name="214" Text="Stampa su fogli"/>
  <StrRes Name="216" Text="Fronte retro:"/>
  <StrRes Name="ppAll" Text="Tutte le pagine"/>
  <StrRes Name="ppOdd" Text="Pagine dispari"/>
  <StrRes Name="ppEven" Text="Pagine pari"/>
  <StrRes Name="pgDefault" Text="Default"/>
  <StrRes Name="pmDefault" Text="Normale"/>
  <StrRes Name="pmSplit" Text="Dividi le pagine grandi in due"/>
  <StrRes Name="pmJoin" Text="Unisci le pagine piccole in una"/>
  <StrRes Name="pmScale" Text="Adatta alla pagina"/>
  <StrRes Name="poDirect" Text="Dalla prima pagina all'utima (1-9)"/>
  <StrRes Name="poReverse" Text="Dall'ultima pagina alla prima (9-1)"/>
  <StrRes Name="300" Text="Trova testo"/>
  <StrRes Name="301" Text="Testo da trovare:"/>
  <StrRes Name="302" Text="Opzioni di ricerca"/>
  <StrRes Name="303" Text="Sostituisci con"/>
  <StrRes Name="304" Text="Cerca dall'inizio"/>
  <StrRes Name="305" Text="Differenzia maiuscole/minuscole"/>
  <StrRes Name="400" Text="Imposta pagina"/>
  <StrRes Name="401" Text="Larghezza"/>
  <StrRes Name="402" Text="Altezza"/>
  <StrRes Name="403" Text=" Dimensione "/>
  <StrRes Name="404" Text=" Orientamento "/>
  <StrRes Name="405" Text="Sinistro"/>
  <StrRes Name="406" Text="Superiore"/>
  <StrRes Name="407" Text="Destro"/>
  <StrRes Name="408" Text="Inferiore"/>
  <StrRes Name="409" Text=" Margini "/>
  <StrRes Name="410" Text="Verticale"/>
  <StrRes Name="411" Text="Orizzontale"/>
  <StrRes Name="412" Text=" Campo di applicazione "/>
  <StrRes Name="413" Text="Applica modifiche solo alla pagina corrente"/>
  <StrRes Name="414" Text="Applica a tutte le pagine"/>
  <StrRes Name="500" Text="Stampa"/>
  <StrRes Name="501" Text="Stampante"/>
  <StrRes Name="502" Text="Pagine"/>
  <StrRes Name="503" Text="Copie"/>
  <StrRes Name="504" Text="Numero di copie"/>
  <StrRes Name="505" Text="Opzioni"/>
  <StrRes Name="506" Text="Comandi di escape"/>
  <StrRes Name="507" Text="Stampa su file"/>
  <StrRes Name="508" Text="Set di caratteri OEM"/>
  <StrRes Name="509" Text="Pseudografica"/>
  <StrRes Name="510" Text="File di stampa (*.prn)|*.prn"/>
  <StrRes Name="mbConfirm" Text="Richiesta di conferma"/>
  <StrRes Name="mbError" Text="Errore"/>
  <StrRes Name="mbInfo" Text="Avviso"/>
  <StrRes Name="xrCantFindClass" Text="Classe non trovata (suggerimenti: includere unit o componente) --&gt;"/>
  <StrRes Name="prVirtual" Text="Virtuale"/>
  <StrRes Name="prDefault" Text="Default"/>
  <StrRes Name="prCustom" Text="Personalizzata"/>
  <StrRes Name="enUnconnHeader" Text="Piede non collegato alla testata o viceversa --&gt;"/>
  <StrRes Name="enUnconnGroup" Text="Nessuna sezione dati per il gruppo"/>
  <StrRes Name="enUnconnGFooter" Text="Nessuna intestazione di gruppo per"/>
  <StrRes Name="enBandPos" Text="Posizione errata della sezione:"/>
  <StrRes Name="dbNotConn" Text="Il DataSet %s non è connesso ai dati"/>
  <StrRes Name="dbFldNotFound" Text="Campo non trovato:"/>
  <StrRes Name="clDSNotIncl" Text="(il Dataset non è incluso nel Report.DataSets)"/>
  <StrRes Name="clUnknownVar" Text="Variabile o campo sconosciuto:"/>
  <StrRes Name="clScrError" Text="Errore nel codice alla riga:colonna %s: %s"/>
  <StrRes Name="clDSNotExist" Text="Il Dataset &#38;#34;%s&#38;#34; non esiste"/>
  <StrRes Name="clErrors" Text="Si sono verificati i seguenti errori:"/>
  <StrRes Name="clExprError" Text="Errore nell'espressione"/>
  <StrRes Name="clFP3files" Text="Report preparato"/>
  <StrRes Name="clSaving" Text="Salvataggio file..."/>
  <StrRes Name="clCancel" Text="Annulla"/>
  <StrRes Name="clClose" Text="Chiudi"/>
  <StrRes Name="clPrinting" Text="Stampa pagina in corso"/>
  <StrRes Name="clLoading" Text="Caricamento file..."/>
  <StrRes Name="clPageOf" Text="Pagina %d di %d"/>
  <StrRes Name="clFirstPass" Text="Primo passaggio: pagina "/>
  <StrRes Name="clNoPrinters" Text="Non ci sono stampanti installate nel computer"/>
  <StrRes Name="clDecompressError" Text="Errore di decompressione dello stream"/>
  <StrRes Name="crFillMx" Text="Riempire il cross-tab..."/>
  <StrRes Name="crBuildMx" Text="Costruire il cross-tab..."/>
  <StrRes Name="prRunningFirst" Text="Primo passaggio di stampa: pagina %d"/>
  <StrRes Name="prRunning" Text="Sto preparando pagina %d"/>
  <StrRes Name="prPrinting" Text="Sto stampando pagina %d"/>
  <StrRes Name="prExporting" Text="Sto esportando pagina %d"/>
  <StrRes Name="uCm" Text="cm"/>
  <StrRes Name="uInch" Text="in"/>
  <StrRes Name="uPix" Text="px"/>
  <StrRes Name="uChar" Text="car"/>
  <StrRes Name="dupDefault" Text="Predefinito"/>
  <StrRes Name="dupVert" Text="Verticale (lato lungo)"/>
  <StrRes Name="dupHorz" Text="Orizzontale (lato corto)"/>
  <StrRes Name="dupSimpl" Text="Simplex"/>
  <StrRes Name="SLangNotFound" Text="Lingua '%s' non trovata"/>
  <StrRes Name="SInvalidLanguage" Text="Definizione della lingua errata"/>
  <StrRes Name="SIdRedeclared" Text="Identificativo ridichiarato: "/>
  <StrRes Name="SUnknownType" Text="Tipo sconosciuto: "/>
  <StrRes Name="SIncompatibleTypes" Text="Tipi incompatibili"/>
  <StrRes Name="SIdUndeclared" Text="Identificativo non dichiarato --&gt;"/>
  <StrRes Name="SClassRequired" Text="E' richiesta una classe"/>
  <StrRes Name="SIndexRequired" Text="E' richiesta un indice"/>
  <StrRes Name="SStringError" Text="Le stringhe non hanno proprietà o metodi"/>
  <StrRes Name="SClassError" Text="Le classi %s non hanno una proprietà predefinita"/>
  <StrRes Name="SArrayRequired" Text="E' richiesto il tipo vettore"/>
  <StrRes Name="SVarRequired" Text="Variabile richiesta"/>
  <StrRes Name="SNotEnoughParams" Text="Parametri insufficienti"/>
  <StrRes Name="STooManyParams" Text="Ci sono troppo paramentri"/>
  <StrRes Name="SLeftCantAssigned" Text="La parte sinistra non può essere assegnata a"/>
  <StrRes Name="SForError" Text="Le variabili dei cicli For devono essere variabili di tipo numerico"/>
  <StrRes Name="SEventError" Text="Il gestore di evento deve essere una procedura"/>
  <StrRes Name="600" Text="Espandi tutto"/>
  <StrRes Name="601" Text="Comprimi tutto"/>
  <StrRes Name="clStrNotFound" Text="Testo non trovato"/>
  <StrRes Name="2000" Text="Proprietà dell'oggetto"/>
  <StrRes Name="oiProp" Text="Proprietà"/>
  <StrRes Name="oiEvent" Text="Eventi"/>
  <StrRes Name="2100" Text="Dati, variabili, funzioni, classi"/>
  <StrRes Name="2101" Text="Origini dati"/>
  <StrRes Name="2102" Text="Variabili"/>
  <StrRes Name="2103" Text="Funzioni"/>
  <StrRes Name="2104" Text="Crea campo"/>
  <StrRes Name="2105" Text="Crea etichetta con il nome del campo"/>
  <StrRes Name="2106" Text="Classi"/>
  <StrRes Name="dtNoData" Text="Origine dati non specificata"/>
  <StrRes Name="dtNoData1" Text="Andare nel menù &quot;Report--&gt;Origini dati...&quot; per selezionare un'origine dati esistente o crearne una nuova nella scheda &quot;Origine dati&quot; in alto a sinistra."/>
  <StrRes Name="dtData" Text="Origini dati"/>
  <StrRes Name="dtSysVar" Text="Variabili di sistema"/>
  <StrRes Name="dtVar" Text="Variabili"/>
  <StrRes Name="dtFunc" Text="Funzioni"/>
  <StrRes Name="2200" Text="Struttura del report"/>
  <StrRes Name="2300" Text="Apri il file di Script"/>
  <StrRes Name="2301" Text="Salva lo Script nel file"/>
  <StrRes Name="2302" Text="Esegui Script"/>
  <StrRes Name="2303" Text="Traccia dentro"/>
  <StrRes Name="2304" Text="Termina Script"/>
  <StrRes Name="2305" Text="Valuta"/>
  <StrRes Name="2306" Text="Linguaggio:"/>
  <StrRes Name="2307" Text="Allineamento"/>
  <StrRes Name="2308" Text="Allinea a sinistra"/>
  <StrRes Name="2309" Text="Allinea al centro"/>
  <StrRes Name="2310" Text="Allinea a destra"/>
  <StrRes Name="2311" Text="Allinea in alto"/>
  <StrRes Name="2312" Text="Allinea al centro"/>
  <StrRes Name="2313" Text="Allinea in fondo"/>
  <StrRes Name="2314" Text="Spazia orizzontalmente"/>
  <StrRes Name="2315" Text="Spazia verticalmente"/>
  <StrRes Name="2316" Text="Centra orizzontalmente nella sezione"/>
  <StrRes Name="2317" Text="Centra verticalmente nella sezione"/>
  <StrRes Name="2318" Text="Stessa larghezza"/>
  <StrRes Name="2319" Text="Stessa altezza"/>
  <StrRes Name="2320" Text="Testo"/>
  <StrRes Name="2321" Text="Stile"/>
  <StrRes Name="2322" Text="Carattere"/>
  <StrRes Name="2323" Text="Dimensione"/>
  <StrRes Name="2324" Text="Grassetto"/>
  <StrRes Name="2325" Text="Corsivo"/>
  <StrRes Name="2326" Text="Sottolineato"/>
  <StrRes Name="2327" Text="Colore del carattere"/>
  <StrRes Name="2328" Text="Evidenziato"/>
  <StrRes Name="2329" Text="Rotazione del testo"/>
  <StrRes Name="2330" Text="Allinea a sinistra"/>
  <StrRes Name="2331" Text="Allinea al centro"/>
  <StrRes Name="2332" Text="Allinea a destra"/>
  <StrRes Name="2333" Text="Giustificato"/>
  <StrRes Name="2334" Text="Allinea in alto"/>
  <StrRes Name="2335" Text="Allinea al centro"/>
  <StrRes Name="2336" Text="Allinea in fondo"/>
  <StrRes Name="2337" Text="Cornice"/>
  <StrRes Name="2338" Text="Linea alta"/>
  <StrRes Name="2339" Text="Linea bassa"/>
  <StrRes Name="2340" Text="Linea sinistra"/>
  <StrRes Name="2341" Text="Linea destra"/>
  <StrRes Name="2342" Text="Linee su tutta la Cornice"/>
  <StrRes Name="2343" Text="Nessuna cornice"/>
  <StrRes Name="2344" Text="Ombra"/>
  <StrRes Name="2345" Text="Colore di sfondo"/>
  <StrRes Name="2346" Text="Colore"/>
  <StrRes Name="2347" Text="Stile"/>
  <StrRes Name="2348" Text="Spessore"/>
  <StrRes Name="2349" Text="Standard"/>
  <StrRes Name="2350" Text="Nuovo Report"/>
  <StrRes Name="2351" Text="Apri Report"/>
  <StrRes Name="2352" Text="Salva Report"/>
  <StrRes Name="2353" Text="Anteprima"/>
  <StrRes Name="2354" Text="Nuova pagina Report"/>
  <StrRes Name="2355" Text="Nuova finestra di dialogo"/>
  <StrRes Name="2356" Text="Elimina pagina / finestra di dialogo"/>
  <StrRes Name="2357" Text="Impostazioni della pagina"/>
  <StrRes Name="2358" Text="Variabili"/>
  <StrRes Name="2359" Text="Taglia"/>
  <StrRes Name="2360" Text="Copia"/>
  <StrRes Name="2361" Text="Incolla"/>
  <StrRes Name="2362" Text="Copia formattazione"/>
  <StrRes Name="2363" Text="Annulla"/>
  <StrRes Name="2364" Text="Ripeti"/>
  <StrRes Name="2365" Text="Raggruppa"/>
  <StrRes Name="2366" Text="Annulla raggruppamento"/>
  <StrRes Name="2367" Text="Mostra Griglia"/>
  <StrRes Name="2368" Text="Allinea alla griglia"/>
  <StrRes Name="2369" Text="Dimensiona alla griglia"/>
  <StrRes Name="2370" Text="Zoom"/>
  <StrRes Name="2371" Text="Strumenti aggiuntivi"/>
  <StrRes Name="2372" Text="Seleziona"/>
  <StrRes Name="2373" Text="Sposta"/>
  <StrRes Name="2374" Text="Zoom"/>
  <StrRes Name="2375" Text="Modifica testo"/>
  <StrRes Name="2376" Text="Copia formato"/>
  <StrRes Name="2377" Text="Inserisci sezione"/>
  <StrRes Name="2378" Text="&amp;File"/>
  <StrRes Name="2379" Text="&amp;Modifica"/>
  <StrRes Name="2380" Text="Trova..."/>
  <StrRes Name="2381" Text="Trova successivo"/>
  <StrRes Name="2382" Text="Sostituisci..."/>
  <StrRes Name="2383" Text="&amp;Report"/>
  <StrRes Name="2384" Text="Origini dati..."/>
  <StrRes Name="2385" Text="Opzioni..."/>
  <StrRes Name="2386" Text="Stili..."/>
  <StrRes Name="2387" Text="&amp;Visualizza"/>
  <StrRes Name="2388" Text="Barre degli strumenti"/>
  <StrRes Name="2389" Text="Standard"/>
  <StrRes Name="2390" Text="Testo"/>
  <StrRes Name="2391" Text="Cornice"/>
  <StrRes Name="2392" Text="Strumenti di allineamento"/>
  <StrRes Name="2393" Text="Strumenti aggiuntivi"/>
  <StrRes Name="2394" Text="Proprietà dell'oggetto"/>
  <StrRes Name="2395" Text="Dati, variabili, funzioni, classi"/>
  <StrRes Name="2396" Text="Struttura del report"/>
  <StrRes Name="2397" Text="Righelli"/>
  <StrRes Name="2398" Text="Guide"/>
  <StrRes Name="2399" Text="Elimina le guide"/>
  <StrRes Name="2400" Text="Opzioni..."/>
  <StrRes Name="2401" Text="&amp;?"/>
  <StrRes Name="2402" Text="&amp;Guida..."/>
  <StrRes Name="2403" Text="&amp;Informazioni su FastReport..."/>
  <StrRes Name="2404" Text="Ordine di Tabulazione..."/>
  <StrRes Name="2405" Text="Annulla"/>
  <StrRes Name="2406" Text="Ripeti"/>
  <StrRes Name="2407" Text="Taglia"/>
  <StrRes Name="2408" Text="Copia"/>
  <StrRes Name="2409" Text="Incolla"/>
  <StrRes Name="2410" Text="Raggruppa"/>
  <StrRes Name="2411" Text="Annulla raggruppamento"/>
  <StrRes Name="2412" Text="Elimina"/>
  <StrRes Name="2413" Text="Elimina pagina / finestra di dialogo"/>
  <StrRes Name="2414" Text="Seleziona tutto"/>
  <StrRes Name="2415" Text="Modifica..."/>
  <StrRes Name="2416" Text="Porta in primo piano"/>
  <StrRes Name="2417" Text="Porta in secondo piano"/>
  <StrRes Name="2418" Text="Nuovo..."/>
  <StrRes Name="2419" Text="Nuovo Report"/>
  <StrRes Name="2420" Text="Nuova pagina"/>
  <StrRes Name="2421" Text="Nuova finestra di dialogo"/>
  <StrRes Name="2422" Text="Apri..."/>
  <StrRes Name="2423" Text="Salva"/>
  <StrRes Name="2424" Text="Salva come..."/>
  <StrRes Name="2425" Text="Variabili..."/>
  <StrRes Name="2426" Text="Impostazioni della pagina..."/>
  <StrRes Name="2427" Text="Anteprima"/>
  <StrRes Name="2428" Text="Esci"/>
  <StrRes Name="2429" Text="Titolo del Report"/>
  <StrRes Name="2430" Text="Sommario del Report"/>
  <StrRes Name="2431" Text="Intestazione della pagina"/>
  <StrRes Name="2432" Text="Pié pagina"/>
  <StrRes Name="2433" Text="Intestazione"/>
  <StrRes Name="2434" Text="Piede"/>
  <StrRes Name="2435" Text="Database principale"/>
  <StrRes Name="2436" Text="Database dettaglio"/>
  <StrRes Name="2437" Text="Sub-dettaglio dei dati"/>
  <StrRes Name="2438" Text="Dati 4° livello"/>
  <StrRes Name="2439" Text="Dati 5° livello"/>
  <StrRes Name="2440" Text="Dati 6° livello"/>
  <StrRes Name="2441" Text="Intestazione del gruppo"/>
  <StrRes Name="2442" Text="Piede del gruppo"/>
  <StrRes Name="2443" Text="Figlio"/>
  <StrRes Name="2444" Text="Intestazione della colonna"/>
  <StrRes Name="2445" Text="Piede della colonna"/>
  <StrRes Name="2446" Text="Sfondo"/>
  <StrRes Name="2447" Text="Sezione verticale"/>
  <StrRes Name="2448" Text="Intestazione"/>
  <StrRes Name="2449" Text="Piede"/>
  <StrRes Name="2450" Text="Database principale"/>
  <StrRes Name="2451" Text="Database dettaglio"/>
  <StrRes Name="2452" Text="Sub-dettaglio dei dati"/>
  <StrRes Name="2453" Text="Intestazione del gruppo"/>
  <StrRes Name="2454" Text="Piede del gruppo"/>
  <StrRes Name="2455" Text="Figlio"/>
  <StrRes Name="2456" Text="0°"/>
  <StrRes Name="2457" Text="45°"/>
  <StrRes Name="2458" Text="90°"/>
  <StrRes Name="2459" Text="180°"/>
  <StrRes Name="2460" Text="270°"/>
  <StrRes Name="2461" Text="Impostazioni del carattere"/>
  <StrRes Name="2462" Text="Grassetto"/>
  <StrRes Name="2463" Text="Corsivo"/>
  <StrRes Name="2464" Text="Sottolineato"/>
  <StrRes Name="2465" Text="Apice"/>
  <StrRes Name="2466" Text="Pedice"/>
  <StrRes Name="2467" Text="Condensato"/>
  <StrRes Name="2468" Text="Largo"/>
  <StrRes Name="2469" Text="12 cpi"/>
  <StrRes Name="2470" Text="15 cpi"/>
  <StrRes Name="2471" Text="Report (*.fr3)|*.fr3"/>
  <StrRes Name="2472" Text="File Pascal(*.pas)|*.pas|file C++ (*.cpp)|*.cpp|File JavaScript (*.js)|*.js|File Basic (*.vb)|*.vb|Tutti i file|*.*"/>
  <StrRes Name="2473" Text="File Pascal (*.pas)|*.pas|file C++ (*.cpp)|*.cpp|File JavaScript (*.js)|*.js|File Basic (*.vb)|*.vb|Tutti i file|*.*"/>
  <StrRes Name="2474" Text="Connessioni..."/>
  <StrRes Name="2475" Text="Lingua"/>
  <StrRes Name="2476" Text="Toggle breakpoint"/>
  <StrRes Name="2477" Text="Vai al cursore"/>
  <StrRes Name="2478" Text="Aggiungi una sezione figlio"/>
  <StrRes Name="dsCm" Text="Centimetri"/>
  <StrRes Name="dsInch" Text="Pollici"/>
  <StrRes Name="dsPix" Text="Pixel"/>
  <StrRes Name="dsChars" Text="Caratteri"/>
  <StrRes Name="dsCode" Text="Codice"/>
  <StrRes Name="dsData" Text="Origine dati"/>
  <StrRes Name="dsPage" Text="Pagina"/>
  <StrRes Name="dsRepFilter" Text="Report (*.fr3)|*.fr3"/>
  <StrRes Name="dsComprRepFilter" Text="Report compresso (*.fr3)|*.fr3"/>
  <StrRes Name="dsSavePreviewChanges" Text="Salvare le modifiche nell'anteprima ?"/>
  <StrRes Name="dsSaveChangesTo" Text="Salvare le modifiche in"/>
  <StrRes Name="dsCantLoad" Text="Impossibile caricare il file"/>
  <StrRes Name="dsStyleFile" Text="Stile"/>
  <StrRes Name="dsCantFindProc" Text="Impossibile trovare la procedura principale"/>
  <StrRes Name="dsClearScript" Text="Questo cancellerà tutto il codice. Sei sicuro di continuare ?"/>
  <StrRes Name="dsNoStyle" Text="Nessun stile"/>
  <StrRes Name="dsStyleSample" Text="Stile di esempio"/>
  <StrRes Name="dsTextNotFound" Text="Testo '%s' non trovato"/>
  <StrRes Name="dsReplace" Text="Sostituisci l'occorrenza di '%s'?"/>
  <StrRes Name="2600" Text="Informazioni su FastReport"/>
  <StrRes Name="2601" Text="Visita il nostro sito web:"/>
  <StrRes Name="2602" Text="Vendite:"/>
  <StrRes Name="2603" Text="Assistenza:"/>
  <StrRes Name="2700" Text="Impostazioni della pagina"/>
  <StrRes Name="2701" Text="Carta"/>
  <StrRes Name="2702" Text="Larghezza"/>
  <StrRes Name="2703" Text="Altezza"/>
  <StrRes Name="2704" Text="Dimensione"/>
  <StrRes Name="2705" Text="Orientamento"/>
  <StrRes Name="2706" Text="Sinistra"/>
  <StrRes Name="2707" Text="Alto"/>
  <StrRes Name="2708" Text="Destra"/>
  <StrRes Name="2709" Text="Basso"/>
  <StrRes Name="2710" Text="Margini"/>
  <StrRes Name="2711" Text="Origine carta"/>
  <StrRes Name="2712" Text="Prima pagina"/>
  <StrRes Name="2713" Text="Altre pagine"/>
  <StrRes Name="2714" Text="Verticale"/>
  <StrRes Name="2715" Text="Orizzontale"/>
  <StrRes Name="2716" Text="Altre opzioni"/>
  <StrRes Name="2717" Text="Colonne"/>
  <StrRes Name="2718" Text="Numeri"/>
  <StrRes Name="2719" Text="Larghezza"/>
  <StrRes Name="2720" Text="Posizione"/>
  <StrRes Name="2721" Text="Altro"/>
  <StrRes Name="2722" Text="Doppia"/>
  <StrRes Name="2723" Text="Stampa nella pagina precedente"/>
  <StrRes Name="2724" Text="Margini speculari"/>
  <StrRes Name="2725" Text="Incrementa l'altezza durante la creazione"/>
  <StrRes Name="2726" Text="Endless page width"/>
  <StrRes Name="2727" Text="Endless page height"/>
  <StrRes Name="2800" Text="Selezionare le origini dati desiderate"/>
  <StrRes Name="2900" Text="Modifica le variabili"/>
  <StrRes Name="2901" Text="Categoria"/>
  <StrRes Name="2902" Text="Variabili"/>
  <StrRes Name="2903" Text="Modifica"/>
  <StrRes Name="2904" Text="Elimina"/>
  <StrRes Name="2905" Text="Elenca"/>
  <StrRes Name="2906" Text="Carica"/>
  <StrRes Name="2907" Text="Salva"/>
  <StrRes Name="2908" Text=" Espressione:"/>
  <StrRes Name="2909" Text="Dizionario (*.fd3)|*.fd3"/>
  <StrRes Name="2910" Text="Dizionario (*.fd3)|*.fd3"/>
  <StrRes Name="vaNoVar" Text="(nessuna variabile definita)"/>
  <StrRes Name="vaVar" Text="Variabili"/>
  <StrRes Name="vaDupName" Text="Duplica il nome"/>
  <StrRes Name="3000" Text="Opzioni designer"/>
  <StrRes Name="3001" Text=" Griglia "/>
  <StrRes Name="3002" Text="Unità di misura"/>
  <StrRes Name="3003" Text="Dimensione"/>
  <StrRes Name="3004" Text="Finestra di dialogo:"/>
  <StrRes Name="3005" Text=" Altro "/>
  <StrRes Name="3006" Text=" Caratteri "/>
  <StrRes Name="3007" Text="Codice sorgente"/>
  <StrRes Name="3008" Text="Caselle di testo"/>
  <StrRes Name="3009" Text="Dimens."/>
  <StrRes Name="3010" Text="Dimens."/>
  <StrRes Name="3011" Text=" Colori "/>
  <StrRes Name="3012" Text="Distanza tra le sezioni:"/>
  <StrRes Name="3013" Text="cm"/>
  <StrRes Name="3014" Text="po"/>
  <StrRes Name="3015" Text="pt"/>
  <StrRes Name="3016" Text="pt"/>
  <StrRes Name="3017" Text="pt"/>
  <StrRes Name="3018" Text="Centimetri:"/>
  <StrRes Name="3019" Text="Pollici:"/>
  <StrRes Name="3020" Text="Pixel:"/>
  <StrRes Name="3021" Text="Mostra griglia"/>
  <StrRes Name="3022" Text="Allinea alla griglia"/>
  <StrRes Name="3023" Text="Mostra Editor dopo l'inserimento"/>
  <StrRes Name="3024" Text="Usa il carattere dell'oggetto"/>
  <StrRes Name="3025" Text="Area di lavoro"/>
  <StrRes Name="3026" Text="Finestra degli strumenti"/>
  <StrRes Name="3027" Text="Colore della griglia LCD"/>
  <StrRes Name="3028" Text="Posizione libera delle varie sezioni"/>
  <StrRes Name="3029" Text="Visualizza combobox con la lista dei campi"/>
  <StrRes Name="3030" Text="Visualizza schermata iniziale"/>
  <StrRes Name="3031" Text="Ripristina i valori di default"/>
  <StrRes Name="3032" Text="Mostra i titoli delle sezioni"/>
  <StrRes Name="3100" Text="Selezionare un'origine dati"/>
  <StrRes Name="3101" Text="Numero di records:"/>
  <StrRes Name="dbNotAssigned" Text="[non assegnato]"/>
  <StrRes Name="3200" Text="Gruppo"/>
  <StrRes Name="3201" Text=" Raggruppa i dati in base a: "/>
  <StrRes Name="3202" Text=" Opzioni "/>
  <StrRes Name="3203" Text="Un campo dati"/>
  <StrRes Name="3204" Text="Un'espressione"/>
  <StrRes Name="3205" Text="Mantieni l'intestazione gruppo assieme ai dati"/>
  <StrRes Name="3206" Text="Inizia in una nuova pagina"/>
  <StrRes Name="3207" Text="Mostra nell'indice"/>
  <StrRes Name="3300" Text="Variabili di sistema"/>
  <StrRes Name="3301" Text="Sezione dati"/>
  <StrRes Name="3302" Text="Origine dati"/>
  <StrRes Name="3303" Text="Campo"/>
  <StrRes Name="3304" Text="Funzione"/>
  <StrRes Name="3305" Text="Espressione"/>
  <StrRes Name="3306" Text="Valore aggregato"/>
  <StrRes Name="3307" Text="Variabile del sistema"/>
  <StrRes Name="3308" Text="Considera anche le sezioni invisibili"/>
  <StrRes Name="3309" Text="Testo"/>
  <StrRes Name="3310" Text="Calcola il valore complessivo finale"/>
  <StrRes Name="agAggregate" Text="Inserisci aggregato"/>
  <StrRes Name="vt1" Text="[DATA]"/>
  <StrRes Name="vt2" Text="[TIME]"/>
  <StrRes Name="vt3" Text="[PAGE#]"/>
  <StrRes Name="vt4" Text="[TOTALPAGE#]"/>
  <StrRes Name="vt5" Text="[PAGE#] of [TOTALPAGE#]"/>
  <StrRes Name="vt6" Text="[LINE#]"/>
  <StrRes Name="3400" Text="Oggetto OLE"/>
  <StrRes Name="3401" Text="Inserisci..."/>
  <StrRes Name="3402" Text="Modifica..."/>
  <StrRes Name="3403" Text="Chiudi"/>
  <StrRes Name="olStretched" Text="Allungato"/>
  <StrRes Name="3500" Text="Modifica codici a barre"/>
  <StrRes Name="3501" Text="Codice"/>
  <StrRes Name="3502" Text="Tipo di codice a barre"/>
  <StrRes Name="3503" Text="Zoom:"/>
  <StrRes Name="3504" Text="Opzioni"/>
  <StrRes Name="3505" Text="Rotazione"/>
  <StrRes Name="3506" Text="Calcola Checksum "/>
  <StrRes Name="3507" Text="Testo"/>
  <StrRes Name="3508" Text="0°"/>
  <StrRes Name="3509" Text="90°"/>
  <StrRes Name="3510" Text="180°"/>
  <StrRes Name="3511" Text="270°"/>
  <StrRes Name="bcCalcChecksum" Text="Calcola CheckSum"/>
  <StrRes Name="bcShowText" Text="Mostra testo"/>
  <StrRes Name="3600" Text="Modifica Aliases"/>
  <StrRes Name="3601" Text="Premi INVIO per modificare"/>
  <StrRes Name="3602" Text="Gruppo di dati degli alias"/>
  <StrRes Name="3603" Text="Alias dei campi"/>
  <StrRes Name="3604" Text="Cancella"/>
  <StrRes Name="3605" Text="Update"/>
  <StrRes Name="alUserName" Text="Nome utente"/>
  <StrRes Name="alOriginal" Text="Nome originali"/>
  <StrRes Name="3700" Text="Modifica parametri"/>
  <StrRes Name="qpName" Text="Nome"/>
  <StrRes Name="qpDataType" Text="Tipo di dato"/>
  <StrRes Name="qpValue" Text="Valore"/>
  <StrRes Name="3800" Text="Master-Dettaglio collegamento"/>
  <StrRes Name="3801" Text="Archivio dettaglio"/>
  <StrRes Name="3802" Text="Archivio master"/>
  <StrRes Name="3803" Text="Campi collegati"/>
  <StrRes Name="3804" Text="Aggiungi"/>
  <StrRes Name="3805" Text="Cancella"/>
  <StrRes Name="3900" Text="Modifica casella di testo"/>
  <StrRes Name="3901" Text="Inserisci espressione"/>
  <StrRes Name="3902" Text="Inserisci aggregato"/>
  <StrRes Name="3903" Text="Inserisci formattato"/>
  <StrRes Name="3904" Text="A capo automatico"/>
  <StrRes Name="3905" Text="Contenuto"/>
  <StrRes Name="3906" Text="Formattazione"/>
  <StrRes Name="3907" Text="Stile"/>
  <StrRes Name="4000" Text="Immagine"/>
  <StrRes Name="4001" Text="Carica"/>
  <StrRes Name="4002" Text="Copia"/>
  <StrRes Name="4003" Text="Incolla"/>
  <StrRes Name="4004" Text="Cancella"/>
  <StrRes Name="piEmpty" Text="Vuoto"/>
  <StrRes Name="4100" Text="Modifica Grafico"/>
  <StrRes Name="4101" Text="Aggiungi serie"/>
  <StrRes Name="4102" Text="Cancella serie"/>
  <StrRes Name="4103" Text="Edit Chart"/>
  <StrRes Name="4104" Text="Sorgente sezione"/>
  <StrRes Name="4105" Text="Dati fissi"/>
  <StrRes Name="4106" Text="Archivio"/>
  <StrRes Name="4107" Text="Data Source"/>
  <StrRes Name="4108" Text="Values"/>
  <StrRes Name="4109" Text="Select the chart series or add a new one."/>
  <StrRes Name="4114" Text="Altre opzioni"/>
  <StrRes Name="4115" Text="Max N Valori"/>
  <StrRes Name="4116" Text="Etichetta Max N Valori"/>
  <StrRes Name="4117" Text="Ordine"/>
  <StrRes Name="4126" Text="X Axis"/>
  <StrRes Name="ch3D" Text="Vista 3D"/>
  <StrRes Name="chAxis" Text="Mostra assi"/>
  <StrRes Name="chsoNone" Text="Nessuno"/>
  <StrRes Name="chsoAscending" Text="Ascendente"/>
  <StrRes Name="chsoDescending" Text="Discendente"/>
  <StrRes Name="chxtText" Text="Text"/>
  <StrRes Name="chxtNumber" Text="Numeric"/>
  <StrRes Name="chxtDate" Text="Date"/>
  <StrRes Name="4200" Text="Modifica RTF"/>
  <StrRes Name="4201" Text="Apri file"/>
  <StrRes Name="4202" Text="Salva file"/>
  <StrRes Name="4203" Text="Annulla"/>
  <StrRes Name="4204" Text="Carattere"/>
  <StrRes Name="4205" Text="Inserisci espressione"/>
  <StrRes Name="4206" Text="Grassetto"/>
  <StrRes Name="4207" Text="Corsivo"/>
  <StrRes Name="4208" Text="Sottolineato"/>
  <StrRes Name="4209" Text="Allinea a sinistra"/>
  <StrRes Name="4210" Text="Allinea al centro"/>
  <StrRes Name="4211" Text="Allinea a destra"/>
  <StrRes Name="4212" Text="Giustificato"/>
  <StrRes Name="4213" Text="Elenco puntato"/>
  <StrRes Name="4300" Text="Modifica tabella incrociata"/>
  <StrRes Name="4301" Text="Sorgente dati"/>
  <StrRes Name="4302" Text="Dimensioni"/>
  <StrRes Name="4303" Text="Righe"/>
  <StrRes Name="4304" Text="Colonne"/>
  <StrRes Name="4305" Text="Celle"/>
  <StrRes Name="4306" Text="Struttura della Cross-tab"/>
  <StrRes Name="4307" Text="Intestazione della riga"/>
  <StrRes Name="4308" Text="Intestazione della colonna"/>
  <StrRes Name="4309" Text="Importo totale della riga"/>
  <StrRes Name="4310" Text="Importo totale della colonna"/>
  <StrRes Name="4311" Text="Scambia righe/colonne"/>
  <StrRes Name="4312" Text="!Select style"/>
  <StrRes Name="4313" Text="!Save current style..."/>
  <StrRes Name="4314" Text="!Show title"/>
  <StrRes Name="4315" Text="!Show corner"/>
  <StrRes Name="4316" Text="!Reprint headers on new page"/>
  <StrRes Name="4317" Text="!Auto size"/>
  <StrRes Name="4318" Text="!Border around cells"/>
  <StrRes Name="4319" Text="!Print down then across"/>
  <StrRes Name="4320" Text="!Side-by-side cells"/>
  <StrRes Name="4321" Text="!Join equal cells"/>
  <StrRes Name="4322" Text="Nessuno"/>
  <StrRes Name="4323" Text="Somma"/>
  <StrRes Name="4324" Text="Minimo"/>
  <StrRes Name="4325" Text="Massimo"/>
  <StrRes Name="4326" Text="Media"/>
  <StrRes Name="4327" Text="Conta"/>
  <StrRes Name="4328" Text="Ascendente (A-Z)"/>
  <StrRes Name="4329" Text="Discendente (Z-A)"/>
  <StrRes Name="4330" Text="Non ordinare"/>
  <StrRes Name="crStName" Text="!Enter the style name:"/>
  <StrRes Name="crResize" Text="!To resize a cross-tab, set its &#38;#34;AutoSize&#38;#34; property to False."/>
  <StrRes Name="crSubtotal" Text="Subtotale"/>
  <StrRes Name="crNone" Text="Nessuno"/>
  <StrRes Name="crSum" Text="Somma"/>
  <StrRes Name="crMin" Text="Minimo"/>
  <StrRes Name="crMax" Text="Massimo"/>
  <StrRes Name="crAvg" Text="Media"/>
  <StrRes Name="crCount" Text="Conta"/>
  <StrRes Name="crAsc" Text="A-Z"/>
  <StrRes Name="crDesc" Text="Z-A"/>
  <StrRes Name="4400" Text="Modifica espressione"/>
  <StrRes Name="4401" Text="Espressione:"/>
  <StrRes Name="4500" Text="Formattazione"/>
  <StrRes Name="4501" Text="Categoria"/>
  <StrRes Name="4502" Text="Formato"/>
  <StrRes Name="4503" Text="Formato:"/>
  <StrRes Name="4504" Text="Separatore decimale:"/>
  <StrRes Name="fkText" Text="Testo (non formattato)"/>
  <StrRes Name="fkNumber" Text="Numero"/>
  <StrRes Name="fkDateTime" Text="Data/Ora"/>
  <StrRes Name="fkBoolean" Text="Booleano"/>
  <StrRes Name="fkNumber1" Text="1234.5;%g"/>
  <StrRes Name="fkNumber2" Text="1234.50;%2.2f"/>
  <StrRes Name="fkNumber3" Text="1,234.50;%2.2n"/>
  <StrRes Name="fkNumber4" Text="$1,234.50;%2.2m"/>
  <StrRes Name="fkDateTime1" Text="28.11.2002;dd.mm.yyyy"/>
  <StrRes Name="fkDateTime2" Text="28 nov 2002;dd mmm yyyy"/>
  <StrRes Name="fkDateTime3" Text="28 Novembre, 2002;dd mmmm, yyyy"/>
  <StrRes Name="fkDateTime4" Text="02:14;hh:mm"/>
  <StrRes Name="fkDateTime5" Text="02:14am;hh:mm am/pm"/>
  <StrRes Name="fkDateTime6" Text="02:14:00;hh:mm:ss"/>
  <StrRes Name="fkDateTime7" Text="02:14am, 28 Novembre, 2002;hh:mm am/pm, dd mmmm, yyyy"/>
  <StrRes Name="fkBoolean1" Text="0,1;0,1"/>
  <StrRes Name="fkBoolean2" Text="No,Sì;No,Sì"/>
  <StrRes Name="fkBoolean3" Text="_,x;_,x"/>
  <StrRes Name="fkBoolean4" Text="Falso,Vero;Falso,Vero"/>
  <StrRes Name="4600" Text="Evidenziato"/>
  <StrRes Name="4601" Text="Colore..."/>
  <StrRes Name="4602" Text="Colore..."/>
  <StrRes Name="4603" Text="Condizione"/>
  <StrRes Name="4604" Text="Carattere"/>
  <StrRes Name="4605" Text="Sfondo"/>
  <StrRes Name="4606" Text="Grassetto"/>
  <StrRes Name="4607" Text="Corsivo"/>
  <StrRes Name="4608" Text="Sottolineato"/>
  <StrRes Name="4609" Text="Trasparente"/>
  <StrRes Name="4610" Text="Altro"/>
  <StrRes Name="4700" Text="Impostazioni del report"/>
  <StrRes Name="4701" Text=" Generale "/>
  <StrRes Name="4702" Text=" Impostazioni stampante "/>
  <StrRes Name="4703" Text="Copie"/>
  <StrRes Name="4704" Text="Generale"/>
  <StrRes Name="4705" Text="Password"/>
  <StrRes Name="4706" Text="Fascicola pagine"/>
  <StrRes Name="4707" Text="Doppio passaggio"/>
  <StrRes Name="4708" Text="Stampa se vuoto"/>
  <StrRes Name="4709" Text=" Descrizione "/>
  <StrRes Name="4710" Text="Nome"/>
  <StrRes Name="4711" Text="Descrizione"/>
  <StrRes Name="4712" Text="Immagine"/>
  <StrRes Name="4713" Text="Autore"/>
  <StrRes Name="4714" Text="Maggiore"/>
  <StrRes Name="4715" Text="Minore"/>
  <StrRes Name="4716" Text="Rilascio"/>
  <StrRes Name="4717" Text="Build"/>
  <StrRes Name="4718" Text="Creato"/>
  <StrRes Name="4719" Text="Modificato"/>
  <StrRes Name="4720" Text="Descrizione"/>
  <StrRes Name="4721" Text=" Versione "/>
  <StrRes Name="4722" Text="Modifica..."/>
  <StrRes Name="4723" Text=" Impostazioni di ereditarietà "/>
  <StrRes Name="4724" Text="Scegliere l'operazione desiderata:"/>
  <StrRes Name="4725" Text="Non cambiare niente"/>
  <StrRes Name="4726" Text="Scollega dal report di partenza"/>
  <StrRes Name="4727" Text="Eredita dal report di partenza:"/>
  <StrRes Name="4728" Text="Ereditarietà"/>
  <StrRes Name="4729" Text="Percorso reports:"/>
  <StrRes Name="rePrnOnPort" Text="on"/>
  <StrRes Name="riNotInherited" Text="Questo report non è stato ereditato."/>
  <StrRes Name="riInherited" Text="Questo report è stato ereditato da: %s"/>
  <StrRes Name="4800" Text="Linee"/>
  <StrRes Name="4900" Text="SQL"/>
  <StrRes Name="4901" Text="Query Builder"/>
  <StrRes Name="5000" Text="Password"/>
  <StrRes Name="5001" Text="Inserisci la password:"/>
  <StrRes Name="5100" Text="Modifica stile"/>
  <StrRes Name="5101" Text="Colore..."/>
  <StrRes Name="5102" Text="Carattere..."/>
  <StrRes Name="5103" Text="Cornice..."/>
  <StrRes Name="5104" Text="Aggiungi"/>
  <StrRes Name="5105" Text="Cancella"/>
  <StrRes Name="5106" Text="Modifica"/>
  <StrRes Name="5107" Text="Carica"/>
  <StrRes Name="5108" Text="Salva"/>
  <StrRes Name="5200" Text="Modifica cornice"/>
  <StrRes Name="5201" Text="Cornice"/>
  <StrRes Name="5202" Text="Linea della cornice"/>
  <StrRes Name="5203" Text="Ombra"/>
  <StrRes Name="5204" Text="Linea superiore"/>
  <StrRes Name="5205" Text="Linea inferiore"/>
  <StrRes Name="5206" Text="Linea sinistra"/>
  <StrRes Name="5207" Text="Linea destra"/>
  <StrRes Name="5208" Text="Tutte le linee della cornice"/>
  <StrRes Name="5209" Text="Nessuna cornice"/>
  <StrRes Name="5210" Text="Colore cornice"/>
  <StrRes Name="5211" Text="Stile cornice"/>
  <StrRes Name="5212" Text="Larghezza cornice"/>
  <StrRes Name="5213" Text="Ombra"/>
  <StrRes Name="5214" Text="Colore ombra"/>
  <StrRes Name="5215" Text="Larghezza ombra"/>
  <StrRes Name="5300" Text="Nuovo report da modello"/>
  <StrRes Name="5301" Text="Modello"/>
  <StrRes Name="5302" Text="Templates"/>
  <StrRes Name="5303" Text="Inherit the report"/>
  <StrRes Name="5400" Text="Ordine di Tabulazione"/>
  <StrRes Name="5401" Text="Controlla oggetti nell'ordine di tabulazione:"/>
  <StrRes Name="5402" Text="Sposta sù"/>
  <StrRes Name="5403" Text="Sposta giù"/>
  <StrRes Name="5500" Text="Valuta"/>
  <StrRes Name="5501" Text="Espressione"/>
  <StrRes Name="5502" Text="Risultato"/>
  <StrRes Name="5600" Text="Autocomposizione Report"/>
  <StrRes Name="5601" Text="Dati"/>
  <StrRes Name="5602" Text="Fields"/>
  <StrRes Name="5603" Text="Gruppi"/>
  <StrRes Name="5604" Text="Disposizione"/>
  <StrRes Name="5605" Text="Stile"/>
  <StrRes Name="5606" Text="Step 1. Select the dataset."/>
  <StrRes Name="5607" Text="Step 2. Select the fields to display."/>
  <StrRes Name="5608" Text="Step 3. Create groups (optional)."/>
  <StrRes Name="5609" Text="Step 4. Define the page orientation and data layout."/>
  <StrRes Name="5610" Text="Step 5. Choose the report style."/>
  <StrRes Name="5611" Text="Aggiungi &#62;"/>
  <StrRes Name="5612" Text="Aggiungi tutti &#62;&#62;"/>
  <StrRes Name="5613" Text="&#60; Rimuovi"/>
  <StrRes Name="5614" Text="&#60;&#60; Rimuovi tutti"/>
  <StrRes Name="5615" Text="Aggiungi &#62;"/>
  <StrRes Name="5616" Text="&#60; Rimuovi"/>
  <StrRes Name="5617" Text="Campi selezionati:"/>
  <StrRes Name="5618" Text="Campi disponibili:"/>
  <StrRes Name="5619" Text="Gruppi:"/>
  <StrRes Name="5620" Text="Orientamento"/>
  <StrRes Name="5621" Text="Disposizione"/>
  <StrRes Name="5622" Text="Verticale"/>
  <StrRes Name="5623" Text="Orizzontale"/>
  <StrRes Name="5624" Text="Tabulare"/>
  <StrRes Name="5625" Text="Verticale"/>
  <StrRes Name="5626" Text="Predisponi i campi in base alla larghezza della pagina"/>
  <StrRes Name="5627" Text="&#60;&#60; Indietro"/>
  <StrRes Name="5628" Text="Successivo &#62;&#62;"/>
  <StrRes Name="5629" Text="Fine"/>
  <StrRes Name="5630" Text="New table..."/>
  <StrRes Name="5631" Text="New query..."/>
  <StrRes Name="5632" Text="Select database connection:"/>
  <StrRes Name="5633" Text="Select a table:"/>
  <StrRes Name="5634" Text="or"/>
  <StrRes Name="5635" Text="Create a query..."/>
  <StrRes Name="5636" Text="Configure connections"/>
  <StrRes Name="wzStd" Text="Autocomposizione standard del Report"/>
  <StrRes Name="wzDMP" Text="Autocomposizione report per stampanti ad aghi"/>
  <StrRes Name="wzStdEmpty" Text="Report standard"/>
  <StrRes Name="wzDMPEmpty" Text="Report per stampanti ad aghi"/>
  <StrRes Name="5700" Text="Connection Wizard"/>
  <StrRes Name="5701" Text="Connection"/>
  <StrRes Name="5702" Text="Choose the connection type:"/>
  <StrRes Name="5703" Text="Choose the database:"/>
  <StrRes Name="5704" Text="Login"/>
  <StrRes Name="5705" Text="Password"/>
  <StrRes Name="5706" Text="Prompt login"/>
  <StrRes Name="5707" Text="Use login/password:"/>
  <StrRes Name="5708" Text="Table"/>
  <StrRes Name="5709" Text="Choose the table name:"/>
  <StrRes Name="5710" Text="Filter records:"/>
  <StrRes Name="5711" Text="Query"/>
  <StrRes Name="5712" Text="SQL statement:"/>
  <StrRes Name="5713" Text="Query Builder"/>
  <StrRes Name="5714" Text="Edit Query Parameters"/>
  <StrRes Name="ftAllFiles" Text="Tutti i file"/>
  <StrRes Name="ftPictures" Text="Immagini"/>
  <StrRes Name="ftDB" Text="Database"/>
  <StrRes Name="ftRichFile" Text="File RichText"/>
  <StrRes Name="ftTextFile" Text="File di testo"/>
  <StrRes Name="prNotAssigned" Text="(Non assegnato)"/>
  <StrRes Name="prInvProp" Text="Valore non valido"/>
  <StrRes Name="prDupl" Text="Nome duplicato"/>
  <StrRes Name="prPict" Text="(Immagine)"/>
  <StrRes Name="mvExpr" Text="Permetti espressioni"/>
  <StrRes Name="mvStretch" Text="Allunga"/>
  <StrRes Name="mvStretchToMax" Text="Allunga fino alla massima altezza"/>
  <StrRes Name="mvShift" Text="Sposta"/>
  <StrRes Name="mvShiftOver" Text="Sposta quando coincidono"/>
  <StrRes Name="mvVisible" Text="Visibile"/>
  <StrRes Name="mvPrintable" Text="Stampabile"/>
  <StrRes Name="mvFont" Text="Carattere..."/>
  <StrRes Name="mvFormat" Text="Formattazione..."/>
  <StrRes Name="mvClear" Text="Cancella contenuti"/>
  <StrRes Name="mvAutoWidth" Text="Larghezza automatica"/>
  <StrRes Name="mvWWrap" Text="A capo automatico"/>
  <StrRes Name="mvSuppress" Text="Sopprimi i valori ripetuti"/>
  <StrRes Name="mvHideZ" Text="Nascondi gli zeri"/>
  <StrRes Name="mvHTML" Text="Permetti Tag HTML"/>
  <StrRes Name="lvDiagonal" Text="Diagonale"/>
  <StrRes Name="pvAutoSize" Text="Autodimensiona"/>
  <StrRes Name="pvCenter" Text="Centra"/>
  <StrRes Name="pvAspect" Text="Mantieni rapporto"/>
  <StrRes Name="bvSplit" Text="Permetti divisione"/>
  <StrRes Name="bvKeepChild" Text="Stampa assieme ai dati"/>
  <StrRes Name="bvPrintChild" Text="Se non è visibile, stampa ugualmente i figli"/>
  <StrRes Name="bvStartPage" Text="Inizia in una nuova pagina"/>
  <StrRes Name="bvPrintIfEmpty" Text="Stampa il dettaglio se è vuoto"/>
  <StrRes Name="bvKeepDetail" Text="Tieni dettaglio insieme"/>
  <StrRes Name="bvKeepFooter" Text="Tiene piede insieme"/>
  <StrRes Name="bvReprint" Text="Ristampa su una nuova pagina"/>
  <StrRes Name="bvOnFirst" Text="Stampa la prima pagina"/>
  <StrRes Name="bvOnLast" Text="stampa l'ultima pagina"/>
  <StrRes Name="bvKeepGroup" Text="Tieni insieme"/>
  <StrRes Name="bvFooterAfterEach" Text="Piede dopo ogni riga"/>
  <StrRes Name="bvDrillDown" Text="Sezione espandibile / comprimibile"/>
  <StrRes Name="bvResetPageNo" Text="Azzera il numero delle pagine e riparti da 1"/>
  <StrRes Name="srParent" Text="Stampa sul Padre"/>
  <StrRes Name="bvKeepHeader" Text="Mantieni intestazioni unite"/>
  <StrRes Name="obCatDraw" Text="Disegna"/>
  <StrRes Name="obCatOther" Text="Altri oggetti"/>
  <StrRes Name="obCatOtherControls" Text="Altri controlli"/>
  <StrRes Name="obDiagLine" Text="Linea diagonale"/>
  <StrRes Name="obRect" Text="Rettangolo"/>
  <StrRes Name="obRoundRect" Text="Rettangolo arrotondato"/>
  <StrRes Name="obEllipse" Text="Ellisse"/>
  <StrRes Name="obTrian" Text="Triangolo"/>
  <StrRes Name="obDiamond" Text="Diamante"/>
  <StrRes Name="obLabel" Text="Controllo Etichetta"/>
  <StrRes Name="obEdit" Text="Controllo Edit"/>
  <StrRes Name="obMemoC" Text="Controllo Memo"/>
  <StrRes Name="obButton" Text="Controllo Pulsante"/>
  <StrRes Name="obChBoxC" Text="Controllo Checkbox"/>
  <StrRes Name="obRButton" Text="Controllo Radiobutton"/>
  <StrRes Name="obLBox" Text="Controllo ListBox"/>
  <StrRes Name="obCBox" Text="Controllo Combobox"/>
  <StrRes Name="obDateEdit" Text="Controllo DateEdit"/>
  <StrRes Name="obImageC" Text="Controllo Immagine"/>
  <StrRes Name="obPanel" Text="Controllo Pannello"/>
  <StrRes Name="obGrBox" Text="Controllo Groupbox"/>
  <StrRes Name="obBBtn" Text="Controllo BitBtn"/>
  <StrRes Name="obSBtn" Text="Controllo SpeedButton"/>
  <StrRes Name="obMEdit" Text="Controllo MaskEdit"/>
  <StrRes Name="obChLB" Text="Controllo CheckListBox"/>
  <StrRes Name="obDBLookup" Text="Controllo DBLookupComboBox"/>
  <StrRes Name="obBevel" Text="Smussatura oggetto"/>
  <StrRes Name="obShape" Text="Forma oggetto"/>
  <StrRes Name="obText" Text="Testo"/>
  <StrRes Name="obSysText" Text="Variabili di sistema"/>
  <StrRes Name="obLine" Text="Linea"/>
  <StrRes Name="obPicture" Text="Immagine"/>
  <StrRes Name="obBand" Text="Sezione"/>
  <StrRes Name="obDataBand" Text="Oggetto sezione dati"/>
  <StrRes Name="obSubRep" Text="Sottoreport"/>
  <StrRes Name="obDlgPage" Text="Finestra di dialogo"/>
  <StrRes Name="obRepPage" Text="Pagina del report"/>
  <StrRes Name="obReport" Text="Report"/>
  <StrRes Name="obRich" Text="RTF (testo formattato)"/>
  <StrRes Name="obOLE" Text="OLE"/>
  <StrRes Name="obChBox" Text="Casella di controllo"/>
  <StrRes Name="obChart" Text="Grafico"/>
  <StrRes Name="obBarC" Text="Codice a barre"/>
  <StrRes Name="obCross" Text="Tabella incrociata"/>
  <StrRes Name="obDBCross" Text="Tabella incrociata legata ad un database"/>
  <StrRes Name="obGrad" Text="Gradiente"/>
  <StrRes Name="obDMPText" Text="Testo per stampante ad aghi"/>
  <StrRes Name="obDMPLine" Text="Linea per stampante ad aghi"/>
  <StrRes Name="obDMPCmd" Text="Dot-matrix Command object"/>
  <StrRes Name="obBDEDB" Text="BDE Database"/>
  <StrRes Name="obBDETb" Text="Tabella BDE"/>
  <StrRes Name="obBDEQ" Text="BDE Query"/>
  <StrRes Name="obBDEComps" Text="Componenti BDE"/>
  <StrRes Name="obIBXDB" Text="Database IBX"/>
  <StrRes Name="obIBXTb" Text="Tabella IBX"/>
  <StrRes Name="obIBXQ" Text="Query IBX"/>
  <StrRes Name="obIBXComps" Text="Componenti IBX"/>
  <StrRes Name="obADODB" Text="Database ADO"/>
  <StrRes Name="obADOTb" Text="Tabella ADO"/>
  <StrRes Name="obADOQ" Text="Query ADO"/>
  <StrRes Name="obADOComps" Text="Componenti ADO"/>
  <StrRes Name="obDBXDB" Text="Database DBX"/>
  <StrRes Name="obDBXTb" Text="Tabella DBX"/>
  <StrRes Name="obDBXQ" Text="Query DBX"/>
  <StrRes Name="obDBXComps" Text="Componenti DBX"/>
  <StrRes Name="obFIBDB" Text="FIB Database"/>
  <StrRes Name="obFIBTb" Text="FIB Table"/>
  <StrRes Name="obFIBQ" Text="FIB Query"/>
  <StrRes Name="obFIBComps" Text="FIB Components"/>
  <StrRes Name="obDataBases" Text="Databases"/>
  <StrRes Name="obTables" Text="Tabelle"/>
  <StrRes Name="obQueries" Text="Queries"/>
  <StrRes Name="ctString" Text="Stringa"/>
  <StrRes Name="ctDate" Text="Data ora"/>
  <StrRes Name="ctConv" Text="Conversione"/>
  <StrRes Name="ctFormat" Text="Formattazione"/>
  <StrRes Name="ctMath" Text="Matematiche"/>
  <StrRes Name="ctOther" Text="Varie"/>
  <StrRes Name="IntToStr" Text="Converti il valore intero in stringa"/>
  <StrRes Name="FloatToStr" Text="Converti il valore reale in stringa"/>
  <StrRes Name="DateToStr" Text="Converti la data in stringa"/>
  <StrRes Name="TimeToStr" Text="Converti l'ora in stringa"/>
  <StrRes Name="DateTimeToStr" Text="Converti data e ora in stringa"/>
  <StrRes Name="VarToStr" Text="Converti il Variant in stringa"/>
  <StrRes Name="StrToInt" Text="Converti una stringa in valore intero"/>
  <StrRes Name="StrToInt64" Text="Converts a string to an Int64 value"/>
  <StrRes Name="StrToFloat" Text="Converti una stringa in valore reale"/>
  <StrRes Name="StrToDate" Text="Converti una stringa in formato data"/>
  <StrRes Name="StrToTime" Text="Converti una stringa in formato ora"/>
  <StrRes Name="StrToDateTime" Text="Converti una stringa in formato data/ora"/>
  <StrRes Name="Format" Text="Restituisci una stringa formattata da un vettore"/>
  <StrRes Name="FormatFloat" Text="Formatta un valore reale"/>
  <StrRes Name="FormatDateTime" Text="Formatta un valore data e ora"/>
  <StrRes Name="FormatMaskText" Text="Restituisci una stringa formattata usando una maschera di input"/>
  <StrRes Name="EncodeDate" Text="Restituisci data e ora in Anno, Mese, e Giorno"/>
  <StrRes Name="DecodeDate" Text="Spezza data e ora in valori Anno, Mese, e Giorno"/>
  <StrRes Name="EncodeTime" Text="Restituisci data e ora in Ore, Min, Sec, e MSec"/>
  <StrRes Name="DecodeTime" Text="Restituisci data e ora in ore, minuti, secondi, e millisecondi"/>
  <StrRes Name="Date" Text="Restituisci la data corrente"/>
  <StrRes Name="Time" Text="Restituisci l'ora corrente"/>
  <StrRes Name="Now" Text="Restituisci data e ora correnti"/>
  <StrRes Name="DayOfWeek" Text="Restituisci il giorno della settimana per una data specifica"/>
  <StrRes Name="IsLeapYear" Text="Indica se un anno specificato è un anno bisestile"/>
  <StrRes Name="DaysInMonth" Text="Restituisci il numero di giorni in un mese specifico"/>
  <StrRes Name="Length" Text="Restituisci la lunghezza della stringa"/>
  <StrRes Name="Copy" Text="Restituisci la substringa della stringa"/>
  <StrRes Name="Pos" Text="Restituisci la posizione della substringa nella stringa"/>
  <StrRes Name="Delete" Text="Rimuovi la substringa dalla stringa"/>
  <StrRes Name="Insert" Text="Inserisci una substringa nella stringa"/>
  <StrRes Name="Uppercase" Text="Converti tutti i caratteri nella stringa in maiuscolo"/>
  <StrRes Name="Lowercase" Text="Converti tutti i caratteri nella stringa in minuscolo"/>
  <StrRes Name="Trim" Text="Elimina tutti gli spazi prima e dopo la stringa"/>
  <StrRes Name="NameCase" Text="Converti il primo carattere di una parola in maiuscolo"/>
  <StrRes Name="CompareText" Text="Compara due stringhe"/>
  <StrRes Name="Chr" Text="Converti un valore intero in char"/>
  <StrRes Name="Ord" Text="Converti un valore char in valore intero"/>
  <StrRes Name="SetLength" Text="Regola la lunghezza della stringa"/>
  <StrRes Name="Round" Text="Arrotonda il valore reale al numero intero più vicino"/>
  <StrRes Name="Trunc" Text="Tronca il valore reale ad un numero intero"/>
  <StrRes Name="Int" Text="Restituisci la parte intera di un numero reale"/>
  <StrRes Name="Frac" Text="Restituisci la parte frazionaria di un numero reale"/>
  <StrRes Name="Sqrt" Text="Restituisci la radice quadrata di un numero specificato"/>
  <StrRes Name="Abs" Text="Restituisci il valore assoluto"/>
  <StrRes Name="Sin" Text="Restituisci il seno di un angolo (in radianti)"/>
  <StrRes Name="Cos" Text="Restituisci il coseno di un angolo (in radianti)"/>
  <StrRes Name="ArcTan" Text="Restituisci l'arcotangente"/>
  <StrRes Name="Tan" Text="Restituisci la tangente"/>
  <StrRes Name="Exp" Text="Restituisci l'esponenziale"/>
  <StrRes Name="Ln" Text="Restituisci il logaritmo naturale di un'espressione reale"/>
  <StrRes Name="Pi" Text="Restituisci il pi-greco"/>
  <StrRes Name="Inc" Text="Incrementa il valore"/>
  <StrRes Name="Dec" Text="Decrementa il valore"/>
  <StrRes Name="RaiseException" Text="Solleva un'eccezione"/>
  <StrRes Name="ShowMessage" Text="Mostra una finestra di messaggio"/>
  <StrRes Name="Randomize" Text="Avvia il generatore di numeri causuali"/>
  <StrRes Name="Random" Text="Restituisci un numero casuale"/>
  <StrRes Name="ValidInt" Text="Restituisci Vero se la stringa specificata contiene un valore intero valido"/>
  <StrRes Name="ValidFloat" Text="Restituisci Vero se la stringa specificata contiene un valore reale valido"/>
  <StrRes Name="ValidDate" Text="Restituisci Vero se la stringa specificata contiene una data valida"/>
  <StrRes Name="IIF" Text="Restituisci Valore Vero se Expr specificata è vera, altrimenti ritorna un Valore Falso"/>
  <StrRes Name="Get" Text="Solo per uso interno"/>
  <StrRes Name="Set" Text="Solo per uso interno"/>
  <StrRes Name="InputBox" Text="Visualizza una finestra di dialogo che permetta all'utente di inserire una stringa"/>
  <StrRes Name="InputQuery" Text="Visualizza una finestra di dialogo che permetta all'utente di inserire una query"/>
  <StrRes Name="MessageDlg" Text="Mostra una finestra di messaggio"/>
  <StrRes Name="CreateOleObject" Text="Crea un oggetto OLE"/>
  <StrRes Name="VarArrayCreate" Text="Crea un variant array"/>
  <StrRes Name="VarType" Text="Restituisci il tipo di una variabile"/>
  <StrRes Name="DayOf" Text="Returns day number (1..31) of given Date"/>
  <StrRes Name="MonthOf" Text="Returns month number (1..12) of given Date"/>
  <StrRes Name="YearOf" Text="Returns year of given Date"/>
  <StrRes Name="ctAggregate" Text="Aggregazione"/>
  <StrRes Name="Sum" Text="Calcola la somma di Espr nella sezione dati"/>
  <StrRes Name="Avg" Text="Calcola la media di Espr nella sezione dati"/>
  <StrRes Name="Min" Text="Calcola il valore minimo di Espr nella sezione dati"/>
  <StrRes Name="Max" Text="Calcola il valore massimo di Espr nella sezione dati"/>
  <StrRes Name="Count" Text="Conta il numero di righe"/>
  <StrRes Name="wzDBConn" Text="New Connection Wizard"/>
  <StrRes Name="wzDBTable" Text="New Table Wizard"/>
  <StrRes Name="wzDBQuery" Text="New Query Wizard"/>
  <StrRes Name="5800" Text="Connections"/>
  <StrRes Name="5801" Text="New"/>
  <StrRes Name="5802" Text="Delete"/>
  <StrRes Name="cpName" Text="Name"/>
  <StrRes Name="cpConnStr" Text="Connection string"/>
  <StrRes Name="startCreateNew" Text="Create new report"/>
  <StrRes Name="startCreateBlank" Text="Create blank report"/>
  <StrRes Name="startOpenReport" Text="Open report"/>
  <StrRes Name="startOpenLast" Text="Open last report"/>
  <StrRes Name="startEditAliases" Text="Edit connection aliases"/>
  <StrRes Name="startHelp" Text="Help"/>
  <StrRes Name="5900" Text="Watches"/>
  <StrRes Name="5901" Text="Add Watch"/>
  <StrRes Name="5902" Text="Delete Watch"/>
  <StrRes Name="5903" Text="Edit Watch"/>
  <StrRes Name="6000" Text="Inherit error"/>
  <StrRes Name="6001" Text="Base and inherited reports have duplicate objects. What should we do?"/>
  <StrRes Name="6002" Text="Delete duplicates"/>
  <StrRes Name="6003" Text="Rename duplicates"/>
  <StrRes Name="6004" Text="Ordina i campi per nome"/>
  <StrRes Name="crGroup" Text="Gruppo"/>
  <StrRes Name="4331" Text="Raggruppamento"/>
  <StrRes Name="dsDialog" Text="Finestra"/>
  <StrRes Name="8000" Text="Esporta nel formato Excel"/>
  <StrRes Name="8001" Text="Stili"/>
  <StrRes Name="8002" Text="Immagini"/>
  <StrRes Name="8003" Text="Unisci celle"/>
  <StrRes Name="8004" Text="Fast export"/>
  <StrRes Name="8005" Text="Anteprima"/>
  <StrRes Name="8006" Text="As text"/>
  <StrRes Name="8007" Text="Background"/>
  <StrRes Name="8008" Text="Apri il file Excel dopo l'esportazione"/>
  <StrRes Name="8009" Text="File Excel(*.xls)|*.xls"/>
  <StrRes Name="8010" Text=".xls"/>
  <StrRes Name="8100" Text="Esporta nel formato Excel"/>
  <StrRes Name="8101" Text="Stili"/>
  <StrRes Name="8102" Text="Anteprima"/>
  <StrRes Name="8103" Text="Background"/>
  <StrRes Name="8104" Text="Apri il file Excel dopo l'esportazione"/>
  <StrRes Name="8105" Text="File XML Excel (*.xls)|*.xls"/>
  <StrRes Name="8106" Text=".xls"/>
  <StrRes Name="8200" Text="Esporta in formato HTML"/>
  <StrRes Name="8201" Text="Apri dopo l'esportazione"/>
  <StrRes Name="8202" Text="Stili"/>
  <StrRes Name="8203" Text="Immagini"/>
  <StrRes Name="8204" Text="Tutti in una sola cartella"/>
  <StrRes Name="8205" Text="Larghezza fissa"/>
  <StrRes Name="8206" Text="Pagina di navigazione"/>
  <StrRes Name="8207" Text="Multipagina"/>
  <StrRes Name="8208" Text="Browser Mozilla"/>
  <StrRes Name="8209" Text="Background"/>
  <StrRes Name="8210" Text="File HTML (*.html)|*.html"/>
  <StrRes Name="8211" Text=".html"/>
  <StrRes Name="8300" Text="Esporta in formato testo (file di testo a spaziatura fissa)"/>
  <StrRes Name="8301" Text="Anteprima sì/no"/>
  <StrRes Name="8302" Text=" Proprietà di esportazione  "/>
  <StrRes Name="8303" Text="Interruzioni di pagina "/>
  <StrRes Name="8304" Text="Set di caratteri OEM"/>
  <StrRes Name="8305" Text="Linee Vuote"/>
  <StrRes Name="8306" Text="Caratteri vuoti"/>
  <StrRes Name="8307" Text="Pagine:"/>
  <StrRes Name="8308" Text="Immettere i numeri di pagine e/o l'intervallo di pagine, separate da virgole. Per esempio, 1,3,5-12"/>
  <StrRes Name="8309" Text=" Scalare"/>
  <StrRes Name="8310" Text="Scala orizzonatalmente"/>
  <StrRes Name="8311" Text="Scala verticalmente"/>
  <StrRes Name="8312" Text=" Pagine "/>
  <StrRes Name="8313" Text="Nessuna"/>
  <StrRes Name="8314" Text="Semplice"/>
  <StrRes Name="8315" Text="Grafica"/>
  <StrRes Name="8316" Text="Solo con OEM codepage"/>
  <StrRes Name="8317" Text="Stampa dopo l'esportazione"/>
  <StrRes Name="8318" Text="Salva impostazioni"/>
  <StrRes Name="8319" Text=" Anteprima "/>
  <StrRes Name="8320" Text="Larghezza:"/>
  <StrRes Name="8321" Text="Altezza:"/>
  <StrRes Name="8322" Text="Pagina"/>
  <StrRes Name="8323" Text="Zoom in"/>
  <StrRes Name="8324" Text="Zoom out"/>
  <StrRes Name="8325" Text="File di testo PRN (file di testo a spaziatura fissa)(*.prn)|*.prn"/>
  <StrRes Name="8326" Text=".prn"/>
  <StrRes Name="8400" Text="Stampa"/>
  <StrRes Name="8401" Text="Stampante"/>
  <StrRes Name="8402" Text="Modello"/>
  <StrRes Name="8403" Text="Configura..."/>
  <StrRes Name="8404" Text="Copie"/>
  <StrRes Name="8405" Text="Numero di copie"/>
  <StrRes Name="8406" Text=" Inizializzazione stampante"/>
  <StrRes Name="8407" Text="Modello"/>
  <StrRes Name="8408" Text=".fpi"/>
  <StrRes Name="8409" Text="Modello di inizializzazione stampante(*.fpi)|*.fpi"/>
  <StrRes Name="8410" Text=".fpi"/>
  <StrRes Name="8411" Text="Modello di inizializzazione stampante (*.fpi)|*.fpi"/>
  <StrRes Name="8500" Text="Esporta in formato RTF"/>
  <StrRes Name="8501" Text="Immagini"/>
  <StrRes Name="8502" Text="Anteprima"/>
  <StrRes Name="8503" Text="Apri dopo l'esportazione"/>
  <StrRes Name="8504" Text="RTF file (*.rtf)|*.rtf"/>
  <StrRes Name="8505" Text=".rtf"/>
  <StrRes Name="8600" Text="Esporta in formato JPEG"/>
  <StrRes Name="8601" Text=" Impostazioni dell'immagine "/>
  <StrRes Name="8602" Text="Qualità JPEG"/>
  <StrRes Name="8603" Text="Resolution (dpi)"/>
  <StrRes Name="8604" Text="Separate files"/>
  <StrRes Name="8605" Text="Ricava la pagina intera"/>
  <StrRes Name="8606" Text="Monocromatico"/>
  <StrRes Name="8700" Text="Esportazione in formato PDF"/>
  <StrRes Name="8701" Text="Compresso"/>
  <StrRes Name="8702" Text="Includi caratteri"/>
  <StrRes Name="8703" Text="Stampa ottimizzata"/>
  <StrRes Name="8704" Text="Outline"/>
  <StrRes Name="8705" Text="Esporta in sottofondo"/>
  <StrRes Name="8706" Text="Apri il PDF dopo l'esportazione"/>
  <StrRes Name="8707" Text="Adobe PDF file (*.pdf)|*.pdf"/>
  <StrRes Name="8708" Text=".pdf"/>
  <StrRes Name="RTFexport" Text="File RTF"/>
  <StrRes Name="BMPexport" Text="Immagine BMP"/>
  <StrRes Name="JPEGexport" Text="Immagine JPEG"/>
  <StrRes Name="TIFFexport" Text="Immagine TIFF"/>
  <StrRes Name="TextExport" Text="Testo (stampante ad aghi)"/>
  <StrRes Name="XlsOLEexport" Text="Foglio Excel (OLE)"/>
  <StrRes Name="HTMLexport" Text="File HTML"/>
  <StrRes Name="XlsXMLexport" Text="Foglio Excel (XML)"/>
  <StrRes Name="PDFexport" Text="File PDF"/>
  <StrRes Name="ProgressWait" Text="Aspettare..."/>
  <StrRes Name="ProgressRows" Text="Imposta la distanza tra le righe"/>
  <StrRes Name="ProgressColumns" Text="Imposta la distanza tra le colonne"/>
  <StrRes Name="ProgressStyles" Text="Imposta gli stili"/>
  <StrRes Name="ProgressObjects" Text="Esporta oggetti"/>
  <StrRes Name="TIFFexportFilter" Text="Immagine Tiff (*.tif)|*.tif"/>
  <StrRes Name="BMPexportFilter" Text="Immagine BMP (*.bmp)|*.bmp"/>
  <StrRes Name="JPEGexportFilter" Text="Immagine Jpeg (*.jpg)|*.jpg"/>
  <StrRes Name="HTMLNavFirst" Text="First"/>
  <StrRes Name="HTMLNavPrev" Text="Prev"/>
  <StrRes Name="HTMLNavNext" Text="Next"/>
  <StrRes Name="HTMLNavLast" Text="Last"/>
  <StrRes Name="HTMLNavRefresh" Text="Refresh"/>
  <StrRes Name="HTMLNavPrint" Text="Print"/>
  <StrRes Name="HTMLNavTotal" Text="Total pages"/>
  <StrRes Name="8800" Text="Export to Text"/>
  <StrRes Name="8801" Text="Text file (*.txt)|*.txt"/>
  <StrRes Name="8802" Text=".txt"/>
  <StrRes Name="SimpleTextExport" Text="Text file"/>
  <StrRes Name="8850" Text="Export to CSV"/>
  <StrRes Name="8851" Text="CSV file (*.csv)|*.csv"/>
  <StrRes Name="8852" Text=".csv"/>
  <StrRes Name="8853" Text="Separator"/>
  <StrRes Name="CSVExport" Text="CSV file"/>
  <StrRes Name="8900" Text="Invio tramite E-mail"/>
  <StrRes Name="8901" Text="E-mail"/>
  <StrRes Name="8902" Text="Account"/>
  <StrRes Name="8903" Text="Connection"/>
  <StrRes Name="8904" Text="Indirizzo"/>
  <StrRes Name="8905" Text="Allegato"/>
  <StrRes Name="8906" Text="Formato"/>
  <StrRes Name="8907" Text="Mittente: E-mail"/>
  <StrRes Name="8908" Text="Mittente: Nome"/>
  <StrRes Name="8909" Text="Server SMTP"/>
  <StrRes Name="8910" Text="Login"/>
  <StrRes Name="8911" Text="Mail"/>
  <StrRes Name="8912" Text="Message"/>
  <StrRes Name="8913" Text="Text"/>
  <StrRes Name="8914" Text="Organizzazione"/>
  <StrRes Name="8915" Text="Password"/>
  <StrRes Name="8916" Text="Porta"/>
  <StrRes Name="8917" Text="Remember properties"/>
  <StrRes Name="8918" Text="Non sono stati impostati uno o più campi obbligatori"/>
  <StrRes Name="8919" Text="Visualizza i parametri di esportazione file"/>
  <StrRes Name="8920" Text="Firma"/>
  <StrRes Name="8921" Text="Crea"/>
  <StrRes Name="8922" Text="Oggetto"/>
  <StrRes Name="8923" Text="Distinti saluti"/>
  <StrRes Name="8924" Text="Sto inviando l'e-mail a"/>
  <StrRes Name="EmailExport" Text="E-mail"/>
  <StrRes Name="FastReportFile" Text="FastReport file"/>
  <StrRes Name="GifexportFilter" Text="Gif file (*.gif)|*.gif"/>
  <StrRes Name="GIFexport" Text="Gif image"/>
  <StrRes Name="8950" Text="Continuous"/>
  <StrRes Name="8951" Text="Page Header/Footer"/>
  <StrRes Name="8952" Text="Text"/>
  <StrRes Name="8953" Text="Header/Footer"/>
  <StrRes Name="8954" Text="None"/>
  <StrRes Name="ODSExportFilter" Text="Open Document Spreadsheet file (*.ods)|*.ods"/>
  <StrRes Name="ODSExport" Text="Open Document Spreadsheet"/>
  <StrRes Name="ODTExportFilter" Text="Open Document Text file (*.odt)|*.odt"/>
  <StrRes Name="ODTExport" Text="Open Document Text"/>
  <StrRes Name="8960" Text=".ods"/>
  <StrRes Name="8961" Text=".odt"/>
  <StrRes Name="8962" Text="Sicurezza"/>
  <StrRes Name="8963" Text=" Impostazioni di sicurezza "/>
  <StrRes Name="8964" Text="Parola chiave proprietario"/>
  <StrRes Name="8965" Text="Parola chiave utente"/>
  <StrRes Name="8966" Text="Permetti la stampa del documento"/>
  <StrRes Name="8967" Text="Permetti la modifica del documento"/>
  <StrRes Name="8968" Text="Permetti l'estrazione di testi e/o immagini"/>
  <StrRes Name="8969" Text="Permetti l'aggiunta e/o la modifica di annotazioni"/>
  <StrRes Name="8970" Text="PDF Security"/>
  <StrRes Name="8971" Text=" Informazioni del documento "/>
  <StrRes Name="8972" Text="Informazioni"/>
  <StrRes Name="8973" Text="Titolo"/>
  <StrRes Name="8974" Text="Autore"/>
  <StrRes Name="8975" Text="Oggetto"/>
  <StrRes Name="8976" Text="Parole chiave"/>
  <StrRes Name="8977" Text="Creatore"/>
  <StrRes Name="8978" Text="Produttore"/>
  <StrRes Name="8979" Text=" Autentificazione "/>
  <StrRes Name="8980" Text=" Autorizzazioni "/>
  <StrRes Name="8981" Text="Visualizzazione"/>
  <StrRes Name="8982" Text=" Impostazioni di visualizzazione "/>
  <StrRes Name="8983" Text="Nascondi la barra degli strumenti"/>
  <StrRes Name="8984" Text="Nascondi i menù"/>
  <StrRes Name="8985" Text="Nascondi l'interfaccia utente"/>
  <StrRes Name="8986" Text="Adatta alla finestra"/>
  <StrRes Name="8987" Text="Centra la finestra nello schermo"/>
  <StrRes Name="8988" Text="Stampa in scala (print scaling)"/>
  <StrRes Name="8989" Text="Confirmation Reading"/>
  <StrRes Name="9000" Text="Conteggio righe:"/>
  <StrRes Name="9001" Text="Adatta al foglio"/>
  <StrRes Name="9002" Text="Non adattare"/>
  <StrRes Name="9003" Text="Utilizza pagine report"/>
  <StrRes Name="9004" Text="Utilizza stampa nel parent"/>
  <StrRes Name="9101" Text="Export to DBF"/>
  <StrRes Name="9102" Text="dBase (DBF) export"/>
  <StrRes Name="9103" Text=".dbf"/>
  <StrRes Name="9104" Text="Failed to load the file"/>
  <StrRes Name="9105" Text="Failure"/>
  <StrRes Name="9106" Text="Field names"/>
  <StrRes Name="9107" Text="Automatically"/>
  <StrRes Name="9108" Text="Manually"/>
  <StrRes Name="9109" Text="Load from file"/>
  <StrRes Name="9110" Text="Text files (*.txt)|*.txt|All files|*.*"/>
  <StrRes Name="9111" Text="DBF files (*.dbf)|*.dbf|All files|*.*"/>
  <StrRes Name="propActive" Text="Indica se un DataSet è aperto o meno"/>
  <StrRes Name="propActive.TfrxHighlight" Text="Indica se il testo selezionato è attivo o meno"/>
  <StrRes Name="propAliasName" Text="Il nome dell'alias BDE"/>
  <StrRes Name="propAlign" Text="Determina l'allineamento dell'oggetto relativamente alla sezione o alla pagina"/>
  <StrRes Name="propAlignment" Text="Allineamento Oggetto testo"/>
  <StrRes Name="propAllowAllUp" Text="Determina se tutti gli Speed Button di uno stesso gruppo possono essere deselezionati nello stesso momento"/>
  <StrRes Name="propAllowEdit" Text="Determina se l'utente può modificare le pagine del report preparato"/>
  <StrRes Name="propAllowExpressions" Text="Determina se l'oggetto testo può contenere espressioni nel testo"/>
  <StrRes Name="propAllowGrayed" Text="Permetti lo stato disattivato dei controlli Checkbox"/>
  <StrRes Name="propAllowHTMLTags" Text="Determina se l'oggetto testo può contenere dei Tag HTML nel testo"/>
  <StrRes Name="propAllowSplit" Text="Determina se la sezione può spezzare il suo contenuto su più pagine"/>
  <StrRes Name="propAuthor" Text="L'autore del report"/>
  <StrRes Name="propAutoSize.TfrxPictureView" Text="Determina se l'immagine debba gestire automaticamente la sua dimensione"/>
  <StrRes Name="propAutoWidth" Text="Determina se l'oggetto testo debba gestire automaticamente la sua larghezza"/>
  <StrRes Name="propBackPicture" Text="Immagine di sfondo della pagina"/>
  <StrRes Name="propBarType" Text="Tipo di codice a barre"/>
  <StrRes Name="propBevelInner" Text="Tipo di bordo interno"/>
  <StrRes Name="propBevelOuter" Text="Tipo di bordo esterno"/>
  <StrRes Name="propBevelWidth" Text="Larghezza della smussatura"/>
  <StrRes Name="propBorder" Text="Determina se mostrare il bordo esterno o meno"/>
  <StrRes Name="propBorderStyle" Text="Stile della finestra"/>
  <StrRes Name="propBottomMargin" Text="Il formato del margine inferiore della pagina"/>
  <StrRes Name="propBrushStyle" Text="Stile del pennello usato per lo sfondo dell'oggetto"/>
  <StrRes Name="propCalcCheckSum" Text="Determina se la cifra di controllo del codice a barre debba essere calcolata automaticamente"/>
  <StrRes Name="propCancel" Text="Determina se il pulsante debba essere attivato quando viene premuto il tasto Esc"/>
  <StrRes Name="propCaption" Text="Il titolo del controllo"/>
  <StrRes Name="propCellFields" Text="I nome dei campi DB rappresenta le celle trasversali"/>
  <StrRes Name="propCellLevels" Text="Numero di livelli delle celle"/>
  <StrRes Name="propCenter" Text="Determina se l'immagine dove essere centrata all'interno del controllo"/>
  <StrRes Name="propCharset" Text="Set di caratteri"/>
  <StrRes Name="propCharSpacing" Text="Quantità di pixel fra due caratteri"/>
  <StrRes Name="propCheckColor" Text="Colore dei Check Mark"/>
  <StrRes Name="propChecked" Text="Indica se il controllo è contrassegnato"/>
  <StrRes Name="propCheckStyle" Text="Stile dei Check Mark"/>
  <StrRes Name="propChild" Text="Sezione figlia connessa a questa"/>
  <StrRes Name="propClipped" Text="Determines whether the text should be clipped inside the objects bounds"/>
  <StrRes Name="propCollate" Text="Impostazioni di default della Collazione"/>
  <StrRes Name="propColor.TFont" Text="Colore del testo"/>
  <StrRes Name="propColor" Text="Colore dell'oggetto"/>
  <StrRes Name="propColor.TfrxFrame" Text="Colore della cornice"/>
  <StrRes Name="propColor.TfrxHighlight" Text="Determina il colore dell'oggetto se è evidenziato"/>
  <StrRes Name="propColumnFields" Text="I nomi dei campi DB rappresenta le colonne trasverali"/>
  <StrRes Name="propColumnGap" Text="Spazio tra le colonne della sezione"/>
  <StrRes Name="propColumnLevels" Text="Numero di livelli della colonna"/>
  <StrRes Name="propColumns" Text="Numero di colonne nella sezione"/>
  <StrRes Name="propColumnWidth" Text="Larghezza della colonna della sezione"/>
  <StrRes Name="propCondition" Text="Condizione di raggruppamento al variare della quale verrà creato un nuovo gruppo"/>
  <StrRes Name="propCondition.TfrxHighlight" Text="Espressione. Se questa espressione è Vera, l'evidenziatore sarà attivo"/>
  <StrRes Name="propConnected" Text="Indica se la connessione al Database è attiva"/>
  <StrRes Name="propConvertNulls" Text="Determina se i valori nulli DB saranno convertiti a 0, Falso o stringa vuota"/>
  <StrRes Name="propCopies" Text="Numero di copie di default "/>
  <StrRes Name="propCursor" Text="Il cursore dell'oggetto"/>
  <StrRes Name="propDatabaseName" Text="Nome del Database"/>
  <StrRes Name="propDataField" Text="Specifica il campo dal quale l'oggetto ottiene i dati"/>
  <StrRes Name="propDataSet" Text="Collega l'oggetto al Dataset che contiene il campo che lo rappresenta"/>
  <StrRes Name="propDate" Text="Valore del controllo in formato Data"/>
  <StrRes Name="propDateFormat" Text="Specifica il formato nel quale la data sarà rappresentata"/>
  <StrRes Name="propDecimalSeparator" Text="Separatore decimale"/>
  <StrRes Name="propDefault" Text="Determina se il pulsante è il pulsante di default"/>
  <StrRes Name="propDefHeight" Text="Altezza di default della riga"/>
  <StrRes Name="propDescription.TfrxReportOptions" Text="Descrizione del Report"/>
  <StrRes Name="propDescription" Text="Object's description"/>
  <StrRes Name="propDiagonal" Text="Indica che la linea è diagonale"/>
  <StrRes Name="propDisplayFormat" Text="Formato del valore visualizzato"/>
  <StrRes Name="propDoublePass" Text="Specifica se la stampa deve avvenire in due passaggi anziché essere diretta. Per due passaggi si intende il primo di verifica/controllo, il secondo di stampa vera e propria."/>
  <StrRes Name="propDown" Text="Determina se lo Speed Button è premuto o no"/>
  <StrRes Name="propDownThenAcross" Text="Determina come una grande tabella trasversale sarà spezzata attraverso le pagine"/>
  <StrRes Name="propDriverName" Text="Nome del driver BDE"/>
  <StrRes Name="propDropShadow" Text="Determina se gli oggetti avranno un'ombra"/>
  <StrRes Name="propDuplex" Text="Indica la visualizzazione in doppia pagina"/>
  <StrRes Name="propEditMask" Text="Specifica la maschera che rappresenta un testo valido per il controllo Masked Edit"/>
  <StrRes Name="propEnabled" Text="Determina se il controllo è disabilitato"/>
  <StrRes Name="propEngineOptions" Text="Opzioni motore del Report"/>
  <StrRes Name="propExpression" Text="Il valore di questa espressione sarà indicato nell'oggetto"/>
  <StrRes Name="propExpressionDelimiters" Text="I caratteri che saranno usati per delimitare un testo"/>
  <StrRes Name="propFieldAliases" Text="Gli Aliases del campo del Dataset"/>
  <StrRes Name="propFilter" Text="Condizioni di filtro per il Dataset"/>
  <StrRes Name="propFiltered" Text="Determina se il Dataset dovrebbe filtrare i Record usando le condizioni nelle Proprietà Filtro"/>
  <StrRes Name="propFlowTo" Text="L'oggetto testo mostrerà il testo anche se non ci sta nell'oggetto"/>
  <StrRes Name="propFont" Text="Attributi del carattere dell'oggetto"/>
  <StrRes Name="propFooterAfterEach" Text="Determina se la sezione Piede viene visualizzata dopo ogni fila di dati"/>
  <StrRes Name="propFormatStr" Text="Stringa formattata"/>
  <StrRes Name="propFrame" Text="Attributi della cornice dell'oggetto"/>
  <StrRes Name="propGapX" Text="Rientranza di sinistra del testo"/>
  <StrRes Name="propGapY" Text="Rientranza superiore del testo"/>
  <StrRes Name="propGlyph" Text="Immagine del controllo"/>
  <StrRes Name="propGroupIndex" Text="Permetti che gli Speed Button funzionino insieme come gruppo"/>
  <StrRes Name="propHAlign" Text="Allineamento orizzonatale del testo"/>
  <StrRes Name="propHeight" Text="Altezza dell'oggetto"/>
  <StrRes Name="propHideZeros" Text="Determina se l'oggetto testo deve nascondere i valori a zero"/>
  <StrRes Name="propHighlight" Text="Gli attributi condizionali per evidenziare"/>
  <StrRes Name="propIndexName" Text="Nome dell'indice"/>
  <StrRes Name="propInitString" Text="Stringa di inizializzazione per Report per stampanti ad aghi"/>
  <StrRes Name="propItems" Text="Lista di voci nell'oggetto"/>
  <StrRes Name="propKeepAspectRatio" Text="Mantieni le proporzioni originali dell'immagine"/>
  <StrRes Name="propKeepChild" Text="Determina se la sezione verrà stampata assieme al figlio"/>
  <StrRes Name="propKeepFooter" Text="Determina se la sezione verrà stampata assieme al piede"/>
  <StrRes Name="propKeepHeader" Text="Determina se la sezione verrà stampata assieme all'intestazione"/>
  <StrRes Name="propKeepTogether" Text="Determina se la sezione verrà stampata assieme con tutte le sottosezioni"/>
  <StrRes Name="propKind.TfrxFormat" Text="Tipo di formattazione"/>
  <StrRes Name="propKind" Text="Tipo di pulsante"/>
  <StrRes Name="propLargeDesignHeight" Text="Determina se la pagina abbia un'altezza maggiorata nella modalità Design"/>
  <StrRes Name="propLayout" Text="Allineamento immagine nel pulsante"/>
  <StrRes Name="propLeft" Text="Coordinate di sinistra dell'oggetto"/>
  <StrRes Name="propLeftMargin" Text="Dimensione del margine sinistro della pagina"/>
  <StrRes Name="propLines" Text="Testo dell'oggetto"/>
  <StrRes Name="propLineSpacing" Text="Quantità di pixel fra due linee di testo"/>
  <StrRes Name="propLoginPrompt" Text="Determina se mostrare la finestra di Login"/>
  <StrRes Name="propMargin" Text="Determina il numero di pixel fra il bordo dell'immagine ed il bordo del bottone"/>
  <StrRes Name="propMaster" Text="Database principale"/>
  <StrRes Name="propMasterFields" Text="Campi collegati da relazione master-detail"/>
  <StrRes Name="propMaxLength" Text="Lunghezza massima del testo"/>
  <StrRes Name="propMaxWidth" Text="Lunghezza massima della colonna"/>
  <StrRes Name="propMemo" Text="Testo dell'oggetto"/>
  <StrRes Name="propMinWidth" Text="Larghezza minima della colonna"/>
  <StrRes Name="propMirrorMargins" Text="Margini della pagina speculari su ogni pagina"/>
  <StrRes Name="propModalResult" Text="Determina se e come il bottone chiude la relativa finestra modale"/>
  <StrRes Name="propName.TFont" Text="Nome del font"/>
  <StrRes Name="propName.TfrxReportOptions" Text="Nome del report"/>
  <StrRes Name="propName" Text="Nome dell'oggetto"/>
  <StrRes Name="propNumGlyphs" Text="Indica il numero di immagini"/>
  <StrRes Name="propOpenDataSource" Text="Determina se aprire il datasource automaticamente o no"/>
  <StrRes Name="propOrientation" Text="Orientamento della pagina"/>
  <StrRes Name="propOutlineText" Text="Testo che sarà mostrato nell'outline"/>
  <StrRes Name="propOutlineVisible" Text="Visibilità dell'outline"/>
  <StrRes Name="propOutlineWidth" Text="Larghezza dell'outline"/>
  <StrRes Name="propPageNumbers.TfrxPrintOptions" Text="Numeri delle pagine da stampare"/>
  <StrRes Name="propPaperHeight" Text="Altezza della pagina"/>
  <StrRes Name="propPaperWidth" Text="Larghezza della pagina"/>
  <StrRes Name="propParagraphGap" Text="Rientranza della prima linea del paragrafo"/>
  <StrRes Name="propParams.TfrxBDEDatabase" Text="Parametri di connessione"/>
  <StrRes Name="propParams" Text="Parametri della Query"/>
  <StrRes Name="propParentFont" Text="Determina se l'oggetto userà il carattere del Padre"/>
  <StrRes Name="propPassword" Text="Password del Report"/>
  <StrRes Name="propPasswordChar" Text="Indica il carattere da visualizzare per mascherare la password"/>
  <StrRes Name="propPicture" Text="Immagine"/>
  <StrRes Name="propPicture.TfrxReportOptions" Text="Descrizione dell'immagine del Report"/>
  <StrRes Name="propPosition" Text="Posizione iniziale della finestra"/>
  <StrRes Name="propPreviewOptions" Text="Opzioni di anteprima del Report"/>
  <StrRes Name="propPrintable" Text="Stampabilità dell'oggetto. Gli oggetti con Printable=False saranno mostrati in anteprima, ma non saranno stampati"/>
  <StrRes Name="propPrintChildIfInvisible" Text="Determina se verrà stampata la sezione figlia nel caso in cui la sezione padre sia invisibile"/>
  <StrRes Name="propPrinter" Text="Nome della stampante che sarà selezionata quando aprirai o eseguirai questo Report"/>
  <StrRes Name="propPrintIfDetailEmpty" Text="Determina se i dati della sezione saranno stampati se la sotto-sezione è vuota"/>
  <StrRes Name="propPrintIfEmpty" Text="Determina se la pagina sarà stampata se tutti i Dataset sono vuoti"/>
  <StrRes Name="propPrintOnFirstPage" Text="Determina se la sezione sarà stampata sulla prima pagina"/>
  <StrRes Name="propPrintOnLastPage" Text="Determina se la sezione sarà stampata sull'ultima pagina"/>
  <StrRes Name="propPrintOnParent" Text="Determina se il sub-Report può essere stampato nella sezione padre"/>
  <StrRes Name="propPrintOnPreviousPage" Text="Determina se la pagina può essere generata sullo spazio libero della pagina precedentemente generata"/>
  <StrRes Name="propPrintOptions" Text="Opzioni di stampa del Report"/>
  <StrRes Name="propPrintPages" Text="Determina se stampare tutto o solo le pagine pari o dispari"/>
  <StrRes Name="propRangeBegin" Text="Determina il punto iniziale di navigazione del Dataset"/>
  <StrRes Name="propRangeEnd" Text="Determina il punto finale di navigazione del Dataset"/>
  <StrRes Name="propRangeEndCount" Text="Determina il numero di Record nel Dataset se RangeEnd è reCount"/>
  <StrRes Name="propReadOnly" Text="Determina se l'oggetto testo è a sola lettura"/>
  <StrRes Name="propRepeatHeaders" Text="Determina se le intestazioni delle colonne e delle righe saranno ristampate sulla nuova pagina"/>
  <StrRes Name="propReportOptions" Text="Opzioni del Report"/>
  <StrRes Name="propReprintOnNewPage" Text="Determina se la sezione verrà stampata su ogni nuova pagina"/>
  <StrRes Name="propRestrictions" Text="Imposta le restrizioni"/>
  <StrRes Name="propRightMargin" Text="Dimensione del margine destro della pagina"/>
  <StrRes Name="propRotation.TfrxBarCodeView" Text="Orientamento del condice a barre"/>
  <StrRes Name="propRotation" Text="Rotazione del testo"/>
  <StrRes Name="propRowCount" Text="Numero di record virtuali nella sezione dati"/>
  <StrRes Name="propRowFields" Text="Nomi dei campi DB che sono rappresentati nelle righe trasversali"/>
  <StrRes Name="propRowLevels" Text="Numero di livelli di righe"/>
  <StrRes Name="propRTLReading" Text="Determina se l'oggetto testo mostrerà il testo da destra verso sinistra"/>
  <StrRes Name="propSessionName" Text="Nome della sessione BDE"/>
  <StrRes Name="propShadowColor" Text="Colore dell'ombra"/>
  <StrRes Name="propShadowWidth" Text="Larghezza dell'ombra"/>
  <StrRes Name="propShape" Text="Tipo di forma"/>
  <StrRes Name="propShiftMode" Text="Metodo di Shift dell'oggetto"/>
  <StrRes Name="propShowColumnHeader" Text="Mostra le intestazioni della colonna"/>
  <StrRes Name="propShowColumnTotal" Text="Mostra l'importo totale della colonna"/>
  <StrRes Name="propShowRowHeader" Text="Mostra le intestazioni della riga"/>
  <StrRes Name="propShowRowTotal" Text="Mostra il totale della riga"/>
  <StrRes Name="propShowDialog" Text="Mostra la finestra di dialogo di Stampa durante l'anteprima"/>
  <StrRes Name="propShowText" Text="Determina se l'oggetto codice a barre sarà mostrato come testo leggibile"/>
  <StrRes Name="propSize" Text="Dimensione del carattere"/>
  <StrRes Name="propSorted" Text="Determina se le righe sono ordinate oppure no"/>
  <StrRes Name="propSpacing" Text="Determina il numero di pixel tra l'immagine ed il testo"/>
  <StrRes Name="propSQL" Text="Istruzione SQL"/>
  <StrRes Name="propStartNewPage" Text="Inizia una nuova pagina prima della stampa della sezione"/>
  <StrRes Name="propStretch" Text="Allunga l'immagine fino ai margini dell'oggetto"/>
  <StrRes Name="propStretched" Text="Determina se l'oggetto può essere allungato"/>
  <StrRes Name="propStretchMode" Text="Tipo di allungamento dell'oggetto"/>
  <StrRes Name="propStyle.TFont" Text="Stile del carattere"/>
  <StrRes Name="propStyle" Text="Stile del controllo"/>
  <StrRes Name="propStyle.TfrxFrame" Text="Stile della cornice dell'oggetto"/>
  <StrRes Name="propSuppressRepeated" Text="Sopprimi valori ripetuti"/>
  <StrRes Name="propTableName" Text="Nome tabella"/>
  <StrRes Name="propTag" Text="Numero di Tag dell'oggetto"/>
  <StrRes Name="propTagStr" Text="Stringa di Tag dell'oggetto"/>
  <StrRes Name="propText" Text="Testo dell'oggetto"/>
  <StrRes Name="propTitleBeforeHeader" Text="Determina se mostrare il titolo del report prima dell'intestazione della pagina"/>
  <StrRes Name="propTop" Text="Coordinate superiori dell'oggetto"/>
  <StrRes Name="propTopMargin" Text="Dimensione del margine superiore della pagina"/>
  <StrRes Name="propTyp" Text="Tipo di cornice"/>
  <StrRes Name="propUnderlines" Text="Determina se l'oggetto testo mosterà linee della griglia dopo ogni linea di testo"/>
  <StrRes Name="propURL" Text="URL dell'oggetto"/>
  <StrRes Name="propUserName" Text="Nome utente. Questo nome sarà mostrato nell'elenco degli archivi"/>
  <StrRes Name="propVAlign" Text="Allineamento verticale del testo"/>
  <StrRes Name="propVersionBuild" Text="Informazioni sulla versione, Build"/>
  <StrRes Name="propVersionMajor" Text="Informazioni sulla versione, Major Version"/>
  <StrRes Name="propVersionMinor" Text="Informazioni sulla versione, Minor Version"/>
  <StrRes Name="propVersionRelease" Text="Informazioni sulla versione, Release"/>
  <StrRes Name="propVisible" Text="Visibilità dell'oggetto"/>
  <StrRes Name="propWidth" Text="Larghezza dell'oggetto"/>
  <StrRes Name="propWidth.TfrxFrame" Text="Larghezza della cornice"/>
  <StrRes Name="propWindowState" Text="Condizione iniziale della finestra"/>
  <StrRes Name="propWordBreak" Text="Sillabazione"/>
  <StrRes Name="propWordWrap" Text="A capo automatico"/>
  <StrRes Name="propZoom.TfrxBarCodeView" Text="Ingrandisci il codice a barre"/>
  <StrRes Name="propConnectionName" Text="Name of the connection to the database used in the report"/>
  <StrRes Name="propCurve" Text="Curvature of the roundrectangle edges"/>
  <StrRes Name="propDrillDown" Text="Determines whether the group can be drilled down"/>
  <StrRes Name="propFontStyle" Text="Dot-matrix font style"/>
  <StrRes Name="propHideIfSingleDataRecord" Text="Hide the footer if a group has only one data record"/>
  <StrRes Name="propOutlineExpand" Text="Determines whether to expand the report outline or not"/>
  <StrRes Name="propPlainCells" Text="Determines whether to print several cells side-by-side or stacked"/>
  <StrRes Name="propPrintMode" Text="Print mode: normal, split big pages to small one, or print several small pages on a big one"/>
  <StrRes Name="propPrintOnSheet" Text="Paper size to print report on. Used if PrintMode is not pmDefault"/>
  <StrRes Name="propResetPageNumbers" Text="Reset page number/total pages numbers when print a group. Should be used with StartNewPage option set to true"/>
  <StrRes Name="propReverse" Text="Determines whether to print pages in reversed order"/>
  <StrRes Name="propShowFooterIfDrillDown" Text="Determines whether to show group footer if group is drilldown"/>
  <StrRes Name="propSizeMode" Text="Display mode of the OLE object"/>
  <StrRes Name="propVersion" Text="Versione di FastReport"/>
  <StrRes Name="propWideBarRatio" Text="Relative with of wide bars of the barcode"/>
  <StrRes Name="propWysiwyg" Text="Determines whether the rich object should use the printer canvas to format the text. A printer should be installed and ready."/>
  <StrRes Name="propArrowEnd" Text="Determines whether to draw an arrow at the end of line"/>
  <StrRes Name="propArrowLength" Text="Length of the arrow"/>
  <StrRes Name="propArrowSolid" Text="Determines whether to draw a solid-filled arrow"/>
  <StrRes Name="propArrowStart" Text="Determines whether to draw an arrow at the start of line"/>
  <StrRes Name="propArrowWidth" Text="Width of the arrow"/>
  <StrRes Name="propCloseDataSource" Text="Determines whether to close the dataset when report is finished"/>
  <StrRes Name="propDatabase" Text="Database connection"/>
  <StrRes Name="propIndexFieldNames" Text="Names of index fields"/>
  <StrRes Name="propCommandTimeOut" Text="Amount of time needed to execute a query"/>
  <StrRes Name="propExpandDrillDown" Text="Determines whether to expand all drill-down elements at first start of a report"/>
  <StrRes Name="propWysiwyg.TfrxMemoView" Text="Determines whether to display a text in WYSIWYG mode"/>
  <StrRes Name="propLeftLine" Text="Left line of a frame"/>
  <StrRes Name="propTopLine" Text="Top line of a frame"/>
  <StrRes Name="propRightLine" Text="Right line of a frame"/>
  <StrRes Name="propBottomLine" Text="Bottom line of a frame"/>
  <StrRes Name="propColor.TfrxFrameLine" Text="The color of the frame line"/>
  <StrRes Name="propStyle.TfrxFrameLine" Text="The style of the frame line"/>
  <StrRes Name="propWidth.TfrxFrameLine" Text="The width of the frame line"/>
  <StrRes Name="propFileLink" Text="Expression or name of the file containing a picture"/>
  <StrRes Name="propEndlessWidth" Text="Endless page mode. If true, page will grow depending on number of data records on it"/>
  <StrRes Name="propEndlessHeight" Text="Endless page mode. If true, page will grow depending on number of data records on it"/>
  <StrRes Name="propAddHeight" Text="Adds specified amount of space to the cell height"/>
  <StrRes Name="propAddWidth" Text="Adds specified amount of space to the cell width"/>
  <StrRes Name="propAllowDuplicates" Text="Determines whether the cell can accept duplicate string values"/>
  <StrRes Name="propJoinEqualCells" Text="Determines whether the crosstab should join cells with equal values"/>
  <StrRes Name="propNextCross" Text="Pointer to the next crosstab that will be displayed side-by-side"/>
  <StrRes Name="propNextCrossGap" Text="Gap between side-by-side crosstabs"/>
  <StrRes Name="propShowCorner" Text="Determines whether the crosstab should display a left-top corner elements"/>
  <StrRes Name="propSuppressNullRecords" Text="!Determines if the crosstab should suppress records with all NULL values"/>
  <StrRes Name="propShowTitle" Text="!Determines if the crosstab should display a title"/>
  <StrRes Name="propAutoSize" Text="!Determines if the crosstab should handle its size automatically"/>
  <StrRes Name="propShowHint" Text="Determines if object should show hint when move cursor on it"/>
  <StrRes Name="propHint" Text="Hint text"/>
  <StrRes Name="propPaperSize" Text="PaperSize"/>
  <StrRes Name="propPageCount" Text="Count of pages"/>
  <StrRes Name="propBackPictureVisible" Text="Determines if the page should display a background picture"/>
  <StrRes Name="propBackPicturePrintable" Text="Determines if the page should print a background picture"/>
  <StrRes Name="propHightQuality" Text="Show picture in high quality"/>
  <StrRes Name="propLockType" Text="Specifies the lock type to use when opening a dataset"/>
  <StrRes Name="propIgnoreDupParams" Text="Ignore duplicate parameters in ParamEditor"/>
  <StrRes Name="propTransparent" Text="Determinates if the picture can be transparent"/>
  <StrRes Name="propTransparentColor" Text="Transparent color"/>
  <StrRes Name="propIgnoreNulls" Text="Allow to ingnore Nulls values in Chart"/>
  <StrRes Name="propShowClildIfDrillDown" Text="Determinates if child band shown if group is drilldown"/>
</Resources>
