<?xml version="1.1" encoding="utf-8"?>
<Resources CodePage="1252">
  <StrRes Name="1" Text="OK"/>
  <StrRes Name="2" Text="Cancelar"/>
  <StrRes Name="3" Text="Todas as páginas"/>
  <StrRes Name="4" Text="Página actual"/>
  <StrRes Name="5" Text="Paginas:"/>
  <StrRes Name="6" Text="Quebras de Página"/>
  <StrRes Name="7" Text="Intervalo"/>
  <StrRes Name="8" Text="Opções de Exportação"/>
  <StrRes Name="9" Text="Digite números de página e/ou intervalos, separados por vírgulas. Por exemplo, 1,3,5-12"/>
  <StrRes Name="100" Text="Pré-Visualizar"/>
  <StrRes Name="101" Text="Imprimir"/>
  <StrRes Name="102" Text="Imprimir"/>
  <StrRes Name="103" Text="Abrir"/>
  <StrRes Name="104" Text="Abrir"/>
  <StrRes Name="105" Text="Guardar"/>
  <StrRes Name="106" Text="Guardar"/>
  <StrRes Name="107" Text="Exportar"/>
  <StrRes Name="108" Text="Exportar"/>
  <StrRes Name="109" Text="Localizar"/>
  <StrRes Name="110" Text="Localizar"/>
  <StrRes Name="111" Text="Toda a Página"/>
  <StrRes Name="112" Text="Toda a Página"/>
  <StrRes Name="113" Text="Largura da Página"/>
  <StrRes Name="114" Text="Largura da Página"/>
  <StrRes Name="115" Text="100%"/>
  <StrRes Name="116" Text="100%"/>
  <StrRes Name="117" Text="Duas Páginas"/>
  <StrRes Name="118" Text="Duas Páginas"/>
  <StrRes Name="119" Text="Zoom"/>
  <StrRes Name="120" Text="Margens"/>
  <StrRes Name="121" Text="Margens"/>
  <StrRes Name="122" Text="Resumo"/>
  <StrRes Name="123" Text="Resumo"/>
  <StrRes Name="124" Text="Ampliar"/>
  <StrRes Name="125" Text="Ampliar"/>
  <StrRes Name="126" Text="Reduzir"/>
  <StrRes Name="127" Text="Reduzir"/>
  <StrRes Name="128" Text="Resumo"/>
  <StrRes Name="129" Text="Resumo do relatório"/>
  <StrRes Name="130" Text="Miniaturas"/>
  <StrRes Name="131" Text="Miniaturas"/>
  <StrRes Name="132" Text="Editar"/>
  <StrRes Name="133" Text="Editar Página"/>
  <StrRes Name="134" Text="Primeira"/>
  <StrRes Name="135" Text="Primeira Página"/>
  <StrRes Name="136" Text="Anterior"/>
  <StrRes Name="137" Text="Página Anterior"/>
  <StrRes Name="138" Text="Próxima"/>
  <StrRes Name="139" Text="Próxima Página"/>
  <StrRes Name="140" Text="Última"/>
  <StrRes Name="141" Text="Última Página"/>
  <StrRes Name="142" Text="Número da Página"/>
  <StrRes Name="150" Text="Ecran inteiro"/>
  <StrRes Name="151" Text="Exportar para PDF"/>
  <StrRes Name="152" Text="Enviar por e-mail"/>
  <StrRes Name="zmPageWidth" Text="Largura da Página"/>
  <StrRes Name="zmWholePage" Text="Toda a Página"/>
  <StrRes Name="200" Text="Imprimir"/>
  <StrRes Name="201" Text=" Impressora "/>
  <StrRes Name="202" Text=" Páginas "/>
  <StrRes Name="203" Text="Número de cópias"/>
  <StrRes Name="204" Text="Agrupar"/>
  <StrRes Name="205" Text=" Cópias "/>
  <StrRes Name="206" Text="Imprimir"/>
  <StrRes Name="207" Text="Outros"/>
  <StrRes Name="208" Text="Em:"/>
  <StrRes Name="209" Text="Propriedades..."/>
  <StrRes Name="210" Text="Imprimir para ficheiro"/>
  <StrRes Name="211" Text="Ordem"/>
  <StrRes Name="212" Text="Nome:"/>
  <StrRes Name="213" Text="Modo de Impressão"/>
  <StrRes Name="214" Text="Imprimir em papel"/>
  <StrRes Name="216" Text="Duplex"/>
  <StrRes Name="ppAll" Text="Todas as páginas"/>
  <StrRes Name="ppOdd" Text="Páginas ímpares"/>
  <StrRes Name="ppEven" Text="Páginas pares"/>
  <StrRes Name="pgDefault" Text="Padrão"/>
  <StrRes Name="pmDefault" Text="Padrão"/>
  <StrRes Name="pmSplit" Text="Separar pág. grandes"/>
  <StrRes Name="pmJoin" Text="Juntar pág. pequenas"/>
  <StrRes Name="pmScale" Text="À Escala"/>
  <StrRes Name="poDirect" Text="Normal (1-9)"/>
  <StrRes Name="poReverse" Text="Inversa (9-1)"/>
  <StrRes Name="300" Text="Localizar Texto"/>
  <StrRes Name="301" Text="Texto a localizar:"/>
  <StrRes Name="302" Text=" Opções de pesquisa "/>
  <StrRes Name="303" Text="Substituir por"/>
  <StrRes Name="304" Text="Procurar desde o início"/>
  <StrRes Name="305" Text="Diferenciar maiúsculas/minúsculas"/>
  <StrRes Name="400" Text="Configuração da Página"/>
  <StrRes Name="401" Text="Largura"/>
  <StrRes Name="402" Text="Altura"/>
  <StrRes Name="403" Text=" Tamanho "/>
  <StrRes Name="404" Text=" Orientação "/>
  <StrRes Name="405" Text="Esquerda"/>
  <StrRes Name="406" Text="Superior"/>
  <StrRes Name="407" Text="Direita"/>
  <StrRes Name="408" Text="Inferior"/>
  <StrRes Name="409" Text=" Margens "/>
  <StrRes Name="410" Text="Retrato"/>
  <StrRes Name="411" Text="Paisagem"/>
  <StrRes Name="412" Text=" Acção "/>
  <StrRes Name="413" Text="Aplicar à página actual"/>
  <StrRes Name="414" Text="Aplicar a todas as páginas"/>
  <StrRes Name="500" Text="Imprimir"/>
  <StrRes Name="501" Text=" Impressora "/>
  <StrRes Name="502" Text=" Páginas "/>
  <StrRes Name="503" Text=" Cópias "/>
  <StrRes Name="504" Text="Número de cópias"/>
  <StrRes Name="505" Text=" Opções "/>
  <StrRes Name="506" Text=" Comandos &#34;ESC&#34; "/>
  <StrRes Name="507" Text="Imprimir para ficheiro"/>
  <StrRes Name="508" Text="OEM codepage"/>
  <StrRes Name="509" Text="Pseudographic"/>
  <StrRes Name="510" Text="Ficheiro de impressora (*.prn)|*.prn"/>
  <StrRes Name="mbConfirm" Text="Confirmar"/>
  <StrRes Name="mbError" Text="Erro"/>
  <StrRes Name="mbInfo" Text="Informação"/>
  <StrRes Name="xrCantFindClass" Text="Classe não encontrada"/>
  <StrRes Name="prVirtual" Text="Virtual"/>
  <StrRes Name="prDefault" Text="Padrão"/>
  <StrRes Name="prCustom" Text="Personalizado"/>
  <StrRes Name="enUnconnHeader" Text="Cabeçalho/Rodapé não associados"/>
  <StrRes Name="enUnconnGroup" Text="Grupo sem banda de dados"/>
  <StrRes Name="enUnconnGFooter" Text="Não existe cabeçalho de grupo para "/>
  <StrRes Name="enBandPos" Text="Posição incorrecta da banda:"/>
  <StrRes Name="dbNotConn" Text="DataSet %s não está ligado aos dados"/>
  <StrRes Name="dbFldNotFound" Text="Campo não encontrado:"/>
  <StrRes Name="clDSNotIncl" Text="(Dataset não está incluído em Report.DataSets)"/>
  <StrRes Name="clUnknownVar" Text="Variável ou campo desconhecido:"/>
  <StrRes Name="clScrError" Text="Erro no script em %s: %s"/>
  <StrRes Name="clDSNotExist" Text="Dataset &#38;#34;%s&#38;#34; não existe"/>
  <StrRes Name="clErrors" Text="Ocorreram os seguintes erros:"/>
  <StrRes Name="clExprError" Text="Erro na expressão"/>
  <StrRes Name="clFP3files" Text="Relatório preparado"/>
  <StrRes Name="clSaving" Text="Guardando ficheiro..."/>
  <StrRes Name="clCancel" Text="Cancelar"/>
  <StrRes Name="clClose" Text="Fechar"/>
  <StrRes Name="clPrinting" Text="Imprimindo página"/>
  <StrRes Name="clLoading" Text="Lendo ficheiro..."/>
  <StrRes Name="clPageOf" Text="Pág. %d de %d"/>
  <StrRes Name="clFirstPass" Text="Primeiro passo: página "/>
  <StrRes Name="clNoPrinters" Text="Não há impressoras instaladas no sistema"/>
  <StrRes Name="clDecompressError" Text="Erro de descompressão de &#38;#34;Stream&#38;#34;"/>
  <StrRes Name="crFillMx" Text="Preenchendo a grelha..."/>
  <StrRes Name="crBuildMx" Text="Construindo a grelha..."/>
  <StrRes Name="prRunningFirst" Text="Primeiro passo: página %d"/>
  <StrRes Name="prRunning" Text="Preparando página %d"/>
  <StrRes Name="prPrinting" Text="Imprimindo página %d"/>
  <StrRes Name="prExporting" Text="Exportando página %d"/>
  <StrRes Name="uCm" Text="cm"/>
  <StrRes Name="uInch" Text="pol"/>
  <StrRes Name="uPix" Text="px"/>
  <StrRes Name="uChar" Text="car"/>
  <StrRes Name="dupDefault" Text="Padrão"/>
  <StrRes Name="dupVert" Text="Vertical"/>
  <StrRes Name="dupHorz" Text="Horizontal"/>
  <StrRes Name="dupSimpl" Text="Simples"/>
  <StrRes Name="SLangNotFound" Text="Linguagem '%s' não encontrada"/>
  <StrRes Name="SInvalidLanguage" Text="Definição inválida de linguagem"/>
  <StrRes Name="SIdRedeclared" Text="Identificador redeclarado: "/>
  <StrRes Name="SUnknownType" Text="Tipo desconhecido: "/>
  <StrRes Name="SIncompatibleTypes" Text="Tipos incompatíveis"/>
  <StrRes Name="SIdUndeclared" Text="Identificador não declarado: "/>
  <StrRes Name="SClassRequired" Text="Requerido tipo Class"/>
  <StrRes Name="SIndexRequired" Text="Índice requerido"/>
  <StrRes Name="SStringError" Text="&#38;#34;Strings&#38;#34; não têm propriedades ou métodos"/>
  <StrRes Name="SClassError" Text="Classe %s não tem um valor por defeito"/>
  <StrRes Name="SArrayRequired" Text="Tipo &#34;Array&#34; esperado"/>
  <StrRes Name="SVarRequired" Text="Variável requerida"/>
  <StrRes Name="SNotEnoughParams" Text="Sem parâmetros suficientes"/>
  <StrRes Name="STooManyParams" Text="Demasiados parâmetros"/>
  <StrRes Name="SLeftCantAssigned" Text="Não pode atribuir valores ao lado esquerdo"/>
  <StrRes Name="SForError" Text="Variável do ciclo &#38;#34;For&#38;#34; tem de ser numérica"/>
  <StrRes Name="SEventError" Text="Manipulador de eventos tem de ser um procedimento"/>
  <StrRes Name="600" Text="Expandir tudo"/>
  <StrRes Name="601" Text="Condensar tudo"/>
  <StrRes Name="clStrNotFound" Text="Text not found"/>
  <StrRes Name="2000" Text="Inspector de Objectos"/>
  <StrRes Name="oiProp" Text="Propriedades"/>
  <StrRes Name="oiEvent" Text="Eventos"/>
  <StrRes Name="2100" Text="Árvore de dados"/>
  <StrRes Name="2101" Text="Dados"/>
  <StrRes Name="2102" Text="Variáveis"/>
  <StrRes Name="2103" Text="Funções"/>
  <StrRes Name="2104" Text="Criar campo"/>
  <StrRes Name="2105" Text="Criar rótulo"/>
  <StrRes Name="2106" Text="Classes"/>
  <StrRes Name="dtNoData" Text="Sem dados disponíveis"/>
  <StrRes Name="dtNoData1" Text="Seleccione o menu &#38;#34;Relatório|Dados...&#38;#34; para adicionar &#38;#34;datasets&#38;#34; existentes ao relatório, ou mude para o separador &#38;#34;Dados&#38;#34; e crie novos &#38;#34;datasets&#38;#34;."/>
  <StrRes Name="dtData" Text="Dados"/>
  <StrRes Name="dtSysVar" Text="Variáveis do Sistema"/>
  <StrRes Name="dtVar" Text="Variáveis"/>
  <StrRes Name="dtFunc" Text="Funções"/>
  <StrRes Name="2200" Text="Árvore do Relatório"/>
  <StrRes Name="2300" Text="Abrir ficheiro de Script"/>
  <StrRes Name="2301" Text="Guardar Script num ficheiro"/>
  <StrRes Name="2302" Text="Executar Script"/>
  <StrRes Name="2303" Text="Passo a passo"/>
  <StrRes Name="2304" Text="Terminar Script"/>
  <StrRes Name="2305" Text="Avaliar"/>
  <StrRes Name="2306" Text="Linguagem:"/>
  <StrRes Name="2307" Text="Alinhar"/>
  <StrRes Name="2308" Text="Alinhar à esquerda"/>
  <StrRes Name="2309" Text="Centrar"/>
  <StrRes Name="2310" Text="Alinhar à direita"/>
  <StrRes Name="2311" Text="Alinhar em cima"/>
  <StrRes Name="2312" Text="Centrar"/>
  <StrRes Name="2313" Text="Alinhar em baixo"/>
  <StrRes Name="2314" Text="Espaçar Horizontalmente"/>
  <StrRes Name="2315" Text="Espaçar Verticalmente"/>
  <StrRes Name="2316" Text="Centrar Horizontalmente na Banda"/>
  <StrRes Name="2317" Text="Centrar Verticalmente na Banda"/>
  <StrRes Name="2318" Text="Mesma Largura"/>
  <StrRes Name="2319" Text="Mesma Altura"/>
  <StrRes Name="2320" Text="Texto"/>
  <StrRes Name="2321" Text="Estilo"/>
  <StrRes Name="2322" Text="Tipo de Letra"/>
  <StrRes Name="2323" Text="Tamanho de Letra"/>
  <StrRes Name="2324" Text="Negrito"/>
  <StrRes Name="2325" Text="Itálico"/>
  <StrRes Name="2326" Text="Sublinhado"/>
  <StrRes Name="2327" Text="Cor da Letra"/>
  <StrRes Name="2328" Text="Destacar"/>
  <StrRes Name="2329" Text="Rotação do Texto"/>
  <StrRes Name="2330" Text="Alinhar à esquerda"/>
  <StrRes Name="2331" Text="Centrar"/>
  <StrRes Name="2332" Text="Alinhar à direita"/>
  <StrRes Name="2333" Text="Alinhar tudo"/>
  <StrRes Name="2334" Text="Alinhar em cima"/>
  <StrRes Name="2335" Text="Alinhar ao centro"/>
  <StrRes Name="2336" Text="Alinhar em baixo"/>
  <StrRes Name="2337" Text="Limites"/>
  <StrRes Name="2338" Text="Linha Superior"/>
  <StrRes Name="2339" Text="Linha Inferior"/>
  <StrRes Name="2340" Text="Linha à Esquerda"/>
  <StrRes Name="2341" Text="Linha à Direita"/>
  <StrRes Name="2342" Text="Todas as linhas"/>
  <StrRes Name="2343" Text="Sem linhas"/>
  <StrRes Name="2344" Text="Sombra"/>
  <StrRes Name="2345" Text="Cor do fundo"/>
  <StrRes Name="2346" Text="Cor dos limites"/>
  <StrRes Name="2347" Text="Estilo dos limites"/>
  <StrRes Name="2348" Text="Largura dos limites"/>
  <StrRes Name="2349" Text="Padrão"/>
  <StrRes Name="2350" Text="Novo Relatório"/>
  <StrRes Name="2351" Text="Abrir Relatório"/>
  <StrRes Name="2352" Text="Guardar Relatório"/>
  <StrRes Name="2353" Text="Pré-Visualizar"/>
  <StrRes Name="2354" Text="Nova Página de Relatório"/>
  <StrRes Name="2355" Text="Nova Página de Diálogo"/>
  <StrRes Name="2356" Text="Eliminar Página"/>
  <StrRes Name="2357" Text="Configuração da Página"/>
  <StrRes Name="2358" Text="Variáveis"/>
  <StrRes Name="2359" Text="Cortar"/>
  <StrRes Name="2360" Text="Copiar"/>
  <StrRes Name="2361" Text="Colar"/>
  <StrRes Name="2362" Text="Copiar formatação"/>
  <StrRes Name="2363" Text="Desfazer"/>
  <StrRes Name="2364" Text="Refazer"/>
  <StrRes Name="2365" Text="Agrupar"/>
  <StrRes Name="2366" Text="Desagregar"/>
  <StrRes Name="2367" Text="Mostrar Grelha"/>
  <StrRes Name="2368" Text="Alinhar à Grelha"/>
  <StrRes Name="2369" Text="Ajustar à Grelha"/>
  <StrRes Name="2370" Text="Ampliar"/>
  <StrRes Name="2371" Text="Ferramentas Extra"/>
  <StrRes Name="2372" Text="Ferramenta Seleccionar"/>
  <StrRes Name="2373" Text="Ferramenta Mover"/>
  <StrRes Name="2374" Text="Ferramenta Zoom"/>
  <StrRes Name="2375" Text="Ferramenta Editar Texto"/>
  <StrRes Name="2376" Text="Ferramenta Copiar Formatação"/>
  <StrRes Name="2377" Text="Inserir Banda"/>
  <StrRes Name="2378" Text="&amp;Ficheiro"/>
  <StrRes Name="2379" Text="&amp;Editar"/>
  <StrRes Name="2380" Text="Localizar..."/>
  <StrRes Name="2381" Text="Localizar Próximo"/>
  <StrRes Name="2382" Text="Substituir..."/>
  <StrRes Name="2383" Text="&amp;Relatório"/>
  <StrRes Name="2384" Text="Dados..."/>
  <StrRes Name="2385" Text="Opções..."/>
  <StrRes Name="2386" Text="Estilos..."/>
  <StrRes Name="2387" Text="&amp;Ver"/>
  <StrRes Name="2388" Text="Barras de Ferramentas"/>
  <StrRes Name="2389" Text="Padrão"/>
  <StrRes Name="2390" Text="Texto"/>
  <StrRes Name="2391" Text="Limites"/>
  <StrRes Name="2392" Text="Paleta de Alinhamento"/>
  <StrRes Name="2393" Text="Ferramentas Extra"/>
  <StrRes Name="2394" Text="Inspector de Objectos"/>
  <StrRes Name="2395" Text="Árvore de Dados"/>
  <StrRes Name="2396" Text="Árvore do Relatório"/>
  <StrRes Name="2397" Text="Réguas"/>
  <StrRes Name="2398" Text="Guias"/>
  <StrRes Name="2399" Text="Apagar Guias"/>
  <StrRes Name="2400" Text="Opções..."/>
  <StrRes Name="2401" Text="&amp;Ajuda"/>
  <StrRes Name="2402" Text="Conteúdo da Ajuda..."/>
  <StrRes Name="2403" Text="Sobre o FastReport..."/>
  <StrRes Name="2404" Text="Ordem das Tabulações..."/>
  <StrRes Name="2405" Text="Desfazer"/>
  <StrRes Name="2406" Text="Refazer"/>
  <StrRes Name="2407" Text="Cortar"/>
  <StrRes Name="2408" Text="Copiar"/>
  <StrRes Name="2409" Text="Colar"/>
  <StrRes Name="2410" Text="Agrupar"/>
  <StrRes Name="2411" Text="Desagregar"/>
  <StrRes Name="2412" Text="Apagar"/>
  <StrRes Name="2413" Text="Apagar Página"/>
  <StrRes Name="2414" Text="Seleccionar Tudo"/>
  <StrRes Name="2415" Text="Editar..."/>
  <StrRes Name="2416" Text="Trazer para a Frente"/>
  <StrRes Name="2417" Text="Enviar para Trás"/>
  <StrRes Name="2418" Text="Novo..."/>
  <StrRes Name="2419" Text="Novo Relatório"/>
  <StrRes Name="2420" Text="Nova Página"/>
  <StrRes Name="2421" Text="Novo Diálogo"/>
  <StrRes Name="2422" Text="Abrir..."/>
  <StrRes Name="2423" Text="Guardar"/>
  <StrRes Name="2424" Text="Guardar Como..."/>
  <StrRes Name="2425" Text="Variáveis..."/>
  <StrRes Name="2426" Text="Configuração da Página..."/>
  <StrRes Name="2427" Text="Pré-Visualizar"/>
  <StrRes Name="2428" Text="Sair"/>
  <StrRes Name="2429" Text="Título do Relatório"/>
  <StrRes Name="2430" Text="Sumário do Relatório"/>
  <StrRes Name="2431" Text="Cabeçalho de Página"/>
  <StrRes Name="2432" Text="Rodapé de Página"/>
  <StrRes Name="2433" Text="Cabeçalho"/>
  <StrRes Name="2434" Text="Rodapé"/>
  <StrRes Name="2435" Text="Dados Mestre"/>
  <StrRes Name="2436" Text="Dados de Detalhe"/>
  <StrRes Name="2437" Text="Dados de Sub-detalhe"/>
  <StrRes Name="2438" Text="Dados de 4º nível"/>
  <StrRes Name="2439" Text="Dados de 5º nível"/>
  <StrRes Name="2440" Text="Dados de 6º nível"/>
  <StrRes Name="2441" Text="Cabeçalho de Grupo"/>
  <StrRes Name="2442" Text="Rodapé de Grupo"/>
  <StrRes Name="2443" Text="Filha"/>
  <StrRes Name="2444" Text="Cabeçalho de Coluna"/>
  <StrRes Name="2445" Text="Rodapé de Coluna"/>
  <StrRes Name="2446" Text="Deslocamento"/>
  <StrRes Name="2447" Text="Bandas verticais"/>
  <StrRes Name="2448" Text="Cabeçalho"/>
  <StrRes Name="2449" Text="Rodapé"/>
  <StrRes Name="2450" Text="Dados Mestre"/>
  <StrRes Name="2451" Text="Dados de Detalhe"/>
  <StrRes Name="2452" Text="Dados de Sub-detalhe"/>
  <StrRes Name="2453" Text="Cabeçalho de Grupo"/>
  <StrRes Name="2454" Text="Rodapé de Grupo"/>
  <StrRes Name="2455" Text="Filha"/>
  <StrRes Name="2456" Text="0°"/>
  <StrRes Name="2457" Text="45°"/>
  <StrRes Name="2458" Text="90°"/>
  <StrRes Name="2459" Text="180°"/>
  <StrRes Name="2460" Text="270°"/>
  <StrRes Name="2461" Text="Configuração da Letra"/>
  <StrRes Name="2462" Text="Negrito"/>
  <StrRes Name="2463" Text="Itálico"/>
  <StrRes Name="2464" Text="Sublinhado"/>
  <StrRes Name="2465" Text="Sobrescrito"/>
  <StrRes Name="2466" Text="Subscrito"/>
  <StrRes Name="2467" Text="Condensado"/>
  <StrRes Name="2468" Text="Largo"/>
  <StrRes Name="2469" Text="12 cpi"/>
  <StrRes Name="2470" Text="15 cpi"/>
  <StrRes Name="2471" Text="Relatório (*.fr3)|*.fr3"/>
  <StrRes Name="2472" Text="Ficheiros Pascal (*.pas)|*.pas|Ficheiros C++ (*.cpp)|*.cpp|Ficheiros JavaScript (*.js)|*.js|Ficheiros Basic (*.vb)|*.vb|Todos |*.*"/>
  <StrRes Name="2473" Text="Ficheiros Pascal (*.pas)|*.pas|Ficheiros C++ (*.cpp)|*.cpp|Ficheiros JavaScript (*.js)|*.js|Ficheiros Basic (*.vb)|*.vb|Todos |*.*"/>
  <StrRes Name="2474" Text="Ligações..."/>
  <StrRes Name="2475" Text="Linguagem"/>
  <StrRes Name="2476" Text="Marcar ponto de paragem"/>
  <StrRes Name="2477" Text="Executar até ao cursor"/>
  <StrRes Name="2478" Text="Adicionar banda filha"/>
  <StrRes Name="dsCm" Text="Centímetros"/>
  <StrRes Name="dsInch" Text="Polegadas"/>
  <StrRes Name="dsPix" Text="Pixels"/>
  <StrRes Name="dsChars" Text="Caracteres"/>
  <StrRes Name="dsCode" Text="Código"/>
  <StrRes Name="dsData" Text="Data"/>
  <StrRes Name="dsPage" Text="Página"/>
  <StrRes Name="dsRepFilter" Text="Relatório (*.fr3)|*.fr3"/>
  <StrRes Name="dsComprRepFilter" Text="Relatório comprimido (*.fr3)|*.fr3"/>
  <StrRes Name="dsSavePreviewChanges" Text="Guardar alterações na página de pré-visualização?"/>
  <StrRes Name="dsSaveChangesTo" Text="Guardar alterações para "/>
  <StrRes Name="dsCantLoad" Text="Impossível carregar ficheiro"/>
  <StrRes Name="dsStyleFile" Text="Estilo"/>
  <StrRes Name="dsCantFindProc" Text="Impossível localizar o procedimento principal"/>
  <StrRes Name="dsClearScript" Text="Irá apagar todo o código. Quer continuar?"/>
  <StrRes Name="dsNoStyle" Text="Sem estilo"/>
  <StrRes Name="dsStyleSample" Text="Exemplo de estilo"/>
  <StrRes Name="dsTextNotFound" Text="Texto '%s' não encontrado"/>
  <StrRes Name="dsReplace" Text="Substituir esta ocorrência de '%s'?"/>
  <StrRes Name="2600" Text="Sobre o FastReport"/>
  <StrRes Name="2601" Text="Visite a nossa página:"/>
  <StrRes Name="2602" Text="Vendas:"/>
  <StrRes Name="2603" Text="Suporte:"/>
  <StrRes Name="2700" Text="Opções de Página"/>
  <StrRes Name="2701" Text="Papel"/>
  <StrRes Name="2702" Text="Largura"/>
  <StrRes Name="2703" Text="Altura"/>
  <StrRes Name="2704" Text=" Tamanho "/>
  <StrRes Name="2705" Text=" Orientação "/>
  <StrRes Name="2706" Text="Esquerda"/>
  <StrRes Name="2707" Text="Superior"/>
  <StrRes Name="2708" Text="Direita"/>
  <StrRes Name="2709" Text="Inferior"/>
  <StrRes Name="2710" Text=" Margens "/>
  <StrRes Name="2711" Text=" Origem do Papel "/>
  <StrRes Name="2712" Text="Primeira Página"/>
  <StrRes Name="2713" Text="Outras páginas"/>
  <StrRes Name="2714" Text="Retrato"/>
  <StrRes Name="2715" Text="Paisagem"/>
  <StrRes Name="2716" Text="Outras Opções"/>
  <StrRes Name="2717" Text=" Colunas "/>
  <StrRes Name="2718" Text="Número"/>
  <StrRes Name="2719" Text="Largura"/>
  <StrRes Name="2720" Text="Posições"/>
  <StrRes Name="2721" Text=" Outros "/>
  <StrRes Name="2722" Text="Duplex"/>
  <StrRes Name="2723" Text="Imprimir na página anterior"/>
  <StrRes Name="2724" Text="Margens simétricas"/>
  <StrRes Name="2725" Text="Altura maior em modo de desenho"/>
  <StrRes Name="2726" Text="Largura de página sem fim"/>
  <StrRes Name="2727" Text="Altura de página sem fim"/>
  <StrRes Name="2800" Text="Seleccione os Datasets do Relatório"/>
  <StrRes Name="2900" Text="Editar Variáveis"/>
  <StrRes Name="2901" Text="Categoria"/>
  <StrRes Name="2902" Text="Variável"/>
  <StrRes Name="2903" Text="Editar"/>
  <StrRes Name="2904" Text="Apagar"/>
  <StrRes Name="2905" Text="Listar"/>
  <StrRes Name="2906" Text="Carregar"/>
  <StrRes Name="2907" Text="Guardar"/>
  <StrRes Name="2908" Text=" Expressão:"/>
  <StrRes Name="2909" Text="Dicionário (*.fd3)|*.fd3"/>
  <StrRes Name="2910" Text="Dicionário (*.fd3)|*.fd3"/>
  <StrRes Name="vaNoVar" Text="(sem variáveis definidas)"/>
  <StrRes Name="vaVar" Text="Variáveis"/>
  <StrRes Name="vaDupName" Text="Nome Duplicado"/>
  <StrRes Name="3000" Text="Opções do Desenhador"/>
  <StrRes Name="3001" Text=" Grelha "/>
  <StrRes Name="3002" Text="Tipo"/>
  <StrRes Name="3003" Text="Tamanho"/>
  <StrRes Name="3004" Text="Formulário de Diálogo:"/>
  <StrRes Name="3005" Text=" Outro "/>
  <StrRes Name="3006" Text=" Tipos de Letra "/>
  <StrRes Name="3007" Text="Janela de código"/>
  <StrRes Name="3008" Text="Editor de texto"/>
  <StrRes Name="3009" Text="Tamanho"/>
  <StrRes Name="3010" Text="Tamanho"/>
  <StrRes Name="3011" Text=" Cores "/>
  <StrRes Name="3012" Text="Espaço entre bandas:"/>
  <StrRes Name="3013" Text="cm"/>
  <StrRes Name="3014" Text="pol"/>
  <StrRes Name="3015" Text="pt"/>
  <StrRes Name="3016" Text="pt"/>
  <StrRes Name="3017" Text="pt"/>
  <StrRes Name="3018" Text="Centímetros:"/>
  <StrRes Name="3019" Text="Polegadas:"/>
  <StrRes Name="3020" Text="Pixels:"/>
  <StrRes Name="3021" Text="Mostrar Grelha"/>
  <StrRes Name="3022" Text="Alinhar à grelha"/>
  <StrRes Name="3023" Text="Mostrar editor após inserir"/>
  <StrRes Name="3024" Text="Usar tipo de letra do objecto"/>
  <StrRes Name="3025" Text="Espaço de trabalho"/>
  <StrRes Name="3026" Text="Janelas de Ferramentas"/>
  <StrRes Name="3027" Text="Cor da grelha LCD"/>
  <StrRes Name="3028" Text="Colocação livre das bandas"/>
  <StrRes Name="3029" Text="Mostrar lista de campos"/>
  <StrRes Name="3030" Text="Mostrar ecran inicial"/>
  <StrRes Name="3031" Text="Restaurar valores padrão"/>
  <StrRes Name="3032" Text="Mostrar rótulos das bandas"/>
  <StrRes Name="3100" Text="Seleccionar DataSet"/>
  <StrRes Name="3101" Text="Numero de registos:"/>
  <StrRes Name="dbNotAssigned" Text="[não atribuído]"/>
  <StrRes Name="3200" Text="Grupo"/>
  <StrRes Name="3201" Text=" Quebrar em "/>
  <StrRes Name="3202" Text=" Opções "/>
  <StrRes Name="3203" Text="Campo de dados"/>
  <StrRes Name="3204" Text="Expressão"/>
  <StrRes Name="3205" Text="Manter agrupado"/>
  <StrRes Name="3206" Text="Iniciar nova página"/>
  <StrRes Name="3207" Text="Mostrar no resumo"/>
  <StrRes Name="3300" Text="Memo do Sistema"/>
  <StrRes Name="3301" Text="Banda de dados"/>
  <StrRes Name="3302" Text="DataSet"/>
  <StrRes Name="3303" Text="Campo"/>
  <StrRes Name="3304" Text="Função"/>
  <StrRes Name="3305" Text="Expressão"/>
  <StrRes Name="3306" Text="Valor agregado"/>
  <StrRes Name="3307" Text="Variável de sistema"/>
  <StrRes Name="3308" Text="Contar bandas invisíveis"/>
  <StrRes Name="3309" Text="Texto"/>
  <StrRes Name="3310" Text="Total Geral"/>
  <StrRes Name="agAggregate" Text="Inserir Agregado"/>
  <StrRes Name="vt1" Text="[DATE]"/>
  <StrRes Name="vt2" Text="[TIME]"/>
  <StrRes Name="vt3" Text="[PAGE#]"/>
  <StrRes Name="vt4" Text="[TOTALPAGES#]"/>
  <StrRes Name="vt5" Text="[PAGE#] de [TOTALPAGES#]"/>
  <StrRes Name="vt6" Text="[LINE#]"/>
  <StrRes Name="3400" Text="Objecto OLE"/>
  <StrRes Name="3401" Text="Inserir..."/>
  <StrRes Name="3402" Text="Editar..."/>
  <StrRes Name="3403" Text="Fechar"/>
  <StrRes Name="olStretched" Text="Esticado"/>
  <StrRes Name="3500" Text="Editor de Códigos de Barras"/>
  <StrRes Name="3501" Text="Código"/>
  <StrRes Name="3502" Text="Tipo de Barras"/>
  <StrRes Name="3503" Text="Zoom:"/>
  <StrRes Name="3504" Text=" Opções "/>
  <StrRes Name="3505" Text=" Rotação "/>
  <StrRes Name="3506" Text="Calc. Dígito de Controlo"/>
  <StrRes Name="3507" Text="Texto"/>
  <StrRes Name="3508" Text="0°"/>
  <StrRes Name="3509" Text="90°"/>
  <StrRes Name="3510" Text="180°"/>
  <StrRes Name="3511" Text="270°"/>
  <StrRes Name="bcCalcChecksum" Text="Calc. Dígito de Controlo"/>
  <StrRes Name="bcShowText" Text="Mostrar Texto"/>
  <StrRes Name="3600" Text="Editar Aliases"/>
  <StrRes Name="3601" Text="Carregue em Enter para editar o item"/>
  <StrRes Name="3602" Text="Nome do Dataset"/>
  <StrRes Name="3603" Text="Nomes dos Campos"/>
  <StrRes Name="3604" Text="Limpar"/>
  <StrRes Name="3605" Text="Actualizar"/>
  <StrRes Name="alUserName" Text="Utilizador"/>
  <StrRes Name="alOriginal" Text="Nome Original"/>
  <StrRes Name="3700" Text="Editor de Parâmetros"/>
  <StrRes Name="qpName" Text="Nome"/>
  <StrRes Name="qpDataType" Text="Tipo"/>
  <StrRes Name="qpValue" Text="Valor"/>
  <StrRes Name="3800" Text="Ligação Mestre-Detalhe"/>
  <StrRes Name="3801" Text="Campos de Detalhe"/>
  <StrRes Name="3802" Text="Campos Mestre"/>
  <StrRes Name="3803" Text="Campos Ligados"/>
  <StrRes Name="3804" Text="Adicionar"/>
  <StrRes Name="3805" Text="Limpar"/>
  <StrRes Name="3900" Text="Memo"/>
  <StrRes Name="3901" Text="Inserir Expressão"/>
  <StrRes Name="3902" Text="Inserir Agregado"/>
  <StrRes Name="3903" Text="Inserir Formatação"/>
  <StrRes Name="3904" Text="Quebrar Linhas"/>
  <StrRes Name="3905" Text="Texto"/>
  <StrRes Name="3906" Text="Formato"/>
  <StrRes Name="3907" Text="Destaque"/>
  <StrRes Name="4000" Text="Figura"/>
  <StrRes Name="4001" Text="Carregar"/>
  <StrRes Name="4002" Text="Copiar"/>
  <StrRes Name="4003" Text="Colar"/>
  <StrRes Name="4004" Text="Limpar"/>
  <StrRes Name="piEmpty" Text="Vazio"/>
  <StrRes Name="4100" Text="Editor de Gráficos"/>
  <StrRes Name="4101" Text="Adicionar Séries"/>
  <StrRes Name="4102" Text="Apagar Séries"/>
  <StrRes Name="4103" Text="Editar Gráfico"/>
  <StrRes Name="4104" Text="Banda"/>
  <StrRes Name="4105" Text="Dados Fixos"/>
  <StrRes Name="4106" Text="Dados do relatório"/>
  <StrRes Name="4107" Text="Origem de Dados"/>
  <StrRes Name="4108" Text="Valores"/>
  <StrRes Name="4109" Text="Seleccione a série ou adicione uma nova."/>
  <StrRes Name="4114" Text=" Outras Opções "/>
  <StrRes Name="4115" Text="Primeiros N valores"/>
  <StrRes Name="4116" Text="Primeiros N rótulos"/>
  <StrRes Name="4117" Text="Ordem"/>
  <StrRes Name="4126" Text="Eixo X"/>
  <StrRes Name="ch3D" Text="Vista 3D"/>
  <StrRes Name="chAxis" Text="Mostrar Eixos"/>
  <StrRes Name="chsoNone" Text="Nenhuma"/>
  <StrRes Name="chsoAscending" Text="Crescente"/>
  <StrRes Name="chsoDescending" Text="Decrescente"/>
  <StrRes Name="chxtText" Text="Texto"/>
  <StrRes Name="chxtNumber" Text="Numérico"/>
  <StrRes Name="chxtDate" Text="Data"/>
  <StrRes Name="4200" Text="Editor de Texto"/>
  <StrRes Name="4201" Text="Abrir Ficheiro"/>
  <StrRes Name="4202" Text="Guardar Ficheiro"/>
  <StrRes Name="4203" Text="Desfazer"/>
  <StrRes Name="4204" Text="Tipo de Letra"/>
  <StrRes Name="4205" Text="Inserir Expressão"/>
  <StrRes Name="4206" Text="Negrito"/>
  <StrRes Name="4207" Text="Italico"/>
  <StrRes Name="4208" Text="Sublinhado"/>
  <StrRes Name="4209" Text="Alinhar à Esquerda"/>
  <StrRes Name="4210" Text="Centrar"/>
  <StrRes Name="4211" Text="Alinhar à Direita"/>
  <StrRes Name="4212" Text="Alinhar Tudo"/>
  <StrRes Name="4213" Text="Marcadores"/>
  <StrRes Name="4300" Text="Editor de Grelhas"/>
  <StrRes Name="4301" Text=" Fonte de Dados "/>
  <StrRes Name="4302" Text=" Dimensões "/>
  <StrRes Name="4303" Text="Linhas"/>
  <StrRes Name="4304" Text="Colunas"/>
  <StrRes Name="4305" Text="Células"/>
  <StrRes Name="4306" Text=" Estrutura da Grelha "/>
  <StrRes Name="4307" Text="Cabeçalho da Linha"/>
  <StrRes Name="4308" Text="Cabeçalho da Coluna"/>
  <StrRes Name="4309" Text="Total Geral da Linha"/>
  <StrRes Name="4310" Text="Total Geral da Coluna"/>
  <StrRes Name="4311" Text="Trocar Linhas/Colunas"/>
  <StrRes Name="4312" Text="Seleccionar estilo"/>
  <StrRes Name="4313" Text="Guardar estilo actual..."/>
  <StrRes Name="4314" Text="Mostrar título"/>
  <StrRes Name="4315" Text="Mostrar canto"/>
  <StrRes Name="4316" Text="Reimprimir cabeçalhos na nova página"/>
  <StrRes Name="4317" Text="Auto-dimensionar"/>
  <StrRes Name="4318" Text="Limites das células"/>
  <StrRes Name="4319" Text="Imprimir para baixo, para a direita"/>
  <StrRes Name="4320" Text="Células lado a lado"/>
  <StrRes Name="4321" Text="Unir células iguais"/>
  <StrRes Name="4322" Text="Nenhum"/>
  <StrRes Name="4323" Text="Soma"/>
  <StrRes Name="4324" Text="Min"/>
  <StrRes Name="4325" Text="Max"/>
  <StrRes Name="4326" Text="Média"/>
  <StrRes Name="4327" Text="Contagem"/>
  <StrRes Name="4328" Text="Crescente (A-Z)"/>
  <StrRes Name="4329" Text="Decrescente (Z-A)"/>
  <StrRes Name="4330" Text="Sem ordem"/>
  <StrRes Name="crStName" Text="Digite nome do estilo:"/>
  <StrRes Name="crResize" Text="Para redimensionar uma grelha, seleccione &#38;#34;False&#38;#34; para a propriedade &#38;#34;AutoSize&#38;#34;."/>
  <StrRes Name="crSubtotal" Text="Subtotal"/>
  <StrRes Name="crNone" Text="Nenhum"/>
  <StrRes Name="crSum" Text="Soma"/>
  <StrRes Name="crMin" Text="Min"/>
  <StrRes Name="crMax" Text="Max"/>
  <StrRes Name="crAvg" Text="Média"/>
  <StrRes Name="crCount" Text="Contagem"/>
  <StrRes Name="crAsc" Text="A-Z"/>
  <StrRes Name="crDesc" Text="Z-A"/>
  <StrRes Name="4400" Text="Editor de Expressões"/>
  <StrRes Name="4401" Text="Expressão:"/>
  <StrRes Name="4500" Text="Formato de apresentação"/>
  <StrRes Name="4501" Text="Categoria"/>
  <StrRes Name="4502" Text="Formato"/>
  <StrRes Name="4503" Text="Formato(string):"/>
  <StrRes Name="4504" Text="Separador Decimal:"/>
  <StrRes Name="fkText" Text="Texto (sem formatação)"/>
  <StrRes Name="fkNumber" Text="Número"/>
  <StrRes Name="fkDateTime" Text="Data/Hora"/>
  <StrRes Name="fkBoolean" Text="Lógico"/>
  <StrRes Name="fkNumber1" Text="1234.5;%g"/>
  <StrRes Name="fkNumber2" Text="1234.50;%2.2f"/>
  <StrRes Name="fkNumber3" Text="1,234.50;%2.2n"/>
  <StrRes Name="fkNumber4" Text="$1,234.50;%2.2m"/>
  <StrRes Name="fkDateTime1" Text="11.28.2006;mm.dd.yyyy"/>
  <StrRes Name="fkDateTime2" Text="28 nov 2006;dd mmm yyyy"/>
  <StrRes Name="fkDateTime3" Text="Novembro 28, 2006;mmmm dd, yyyy"/>
  <StrRes Name="fkDateTime4" Text="02:14;hh:mm"/>
  <StrRes Name="fkDateTime5" Text="02:14am;hh:mm am/pm"/>
  <StrRes Name="fkDateTime6" Text="02:14:00;hh:mm:ss"/>
  <StrRes Name="fkDateTime7" Text="02:14am, Novembro 28, 2006;hh:mm am/pm, mmmm dd, yyyy"/>
  <StrRes Name="fkBoolean1" Text="0,1;0,1"/>
  <StrRes Name="fkBoolean2" Text="Não,Sim;Não,Sim"/>
  <StrRes Name="fkBoolean3" Text="_,x;_,x"/>
  <StrRes Name="fkBoolean4" Text="Falso,Verdadeiro;Falso,Verdadeiro"/>
  <StrRes Name="4600" Text="Destaque"/>
  <StrRes Name="4601" Text="Cor..."/>
  <StrRes Name="4602" Text="Cor..."/>
  <StrRes Name="4603" Text=" Condição "/>
  <StrRes Name="4604" Text=" Letra "/>
  <StrRes Name="4605" Text=" Fundo "/>
  <StrRes Name="4606" Text="Negrito"/>
  <StrRes Name="4607" Text="Italico"/>
  <StrRes Name="4608" Text="Sublinhado"/>
  <StrRes Name="4609" Text="Transparente"/>
  <StrRes Name="4610" Text="Outro"/>
  <StrRes Name="4700" Text="Configuração do Relatório"/>
  <StrRes Name="4701" Text="Geral"/>
  <StrRes Name="4702" Text="Configuração da Impressora "/>
  <StrRes Name="4703" Text="Cópias"/>
  <StrRes Name="4704" Text="Geral "/>
  <StrRes Name="4705" Text="Password"/>
  <StrRes Name="4706" Text="Agrupar cópias"/>
  <StrRes Name="4707" Text="Duplo passo"/>
  <StrRes Name="4708" Text="Imprimir mesmo vazio"/>
  <StrRes Name="4709" Text="Descrição"/>
  <StrRes Name="4710" Text="Nome"/>
  <StrRes Name="4711" Text="Descrição"/>
  <StrRes Name="4712" Text="Figura"/>
  <StrRes Name="4713" Text="Autor"/>
  <StrRes Name="4714" Text="Maior"/>
  <StrRes Name="4715" Text="Menor"/>
  <StrRes Name="4716" Text="Revisão"/>
  <StrRes Name="4717" Text="Compilação"/>
  <StrRes Name="4718" Text="Criado"/>
  <StrRes Name="4719" Text="Modificado"/>
  <StrRes Name="4720" Text="Descrição "/>
  <StrRes Name="4721" Text="Versão "/>
  <StrRes Name="4722" Text="Procurar..."/>
  <StrRes Name="4723" Text="Hereditariedade"/>
  <StrRes Name="4724" Text="Seleccione a opção:"/>
  <StrRes Name="4725" Text="Não alterar"/>
  <StrRes Name="4726" Text="Separar do relatório base"/>
  <StrRes Name="4727" Text="Herdar do relatório base:"/>
  <StrRes Name="4728" Text="Hereditariedade"/>
  <StrRes Name="rePrnOnPort" Text="em"/>
  <StrRes Name="riNotInherited" Text="Este relatório não é herdado."/>
  <StrRes Name="riInherited" Text="Este relatório é herdado do relatório base: %s"/>
  <StrRes Name="4800" Text="Linhas"/>
  <StrRes Name="4900" Text="SQL"/>
  <StrRes Name="4901" Text="Query Builder"/>
  <StrRes Name="5000" Text="Password"/>
  <StrRes Name="5001" Text="Escreva a password:"/>
  <StrRes Name="5100" Text="Editor de Estilos"/>
  <StrRes Name="5101" Text="Cor..."/>
  <StrRes Name="5102" Text="Letra..."/>
  <StrRes Name="5103" Text="Limites..."/>
  <StrRes Name="5104" Text="Adicionar"/>
  <StrRes Name="5105" Text="Apagar"/>
  <StrRes Name="5106" Text="Editar"/>
  <StrRes Name="5107" Text="Carregar"/>
  <StrRes Name="5108" Text="Guardar"/>
  <StrRes Name="5200" Text="Editor de Limites"/>
  <StrRes Name="5201" Text="Limites"/>
  <StrRes Name="5202" Text="Linha"/>
  <StrRes Name="5203" Text="Sombra"/>
  <StrRes Name="5204" Text="Linha Superior"/>
  <StrRes Name="5205" Text="Linha Inferior"/>
  <StrRes Name="5206" Text="Linha Esquerda"/>
  <StrRes Name="5207" Text="Linha Direita"/>
  <StrRes Name="5208" Text="Todas as linhas"/>
  <StrRes Name="5209" Text="Sem limites"/>
  <StrRes Name="5210" Text="Cor dos limites"/>
  <StrRes Name="5211" Text="Estilo de Limites"/>
  <StrRes Name="5212" Text="Largura dos Limites"/>
  <StrRes Name="5213" Text="Sombra"/>
  <StrRes Name="5214" Text="Cor da Sombra"/>
  <StrRes Name="5215" Text="Largura da Sombra"/>
  <StrRes Name="5300" Text="Novo Item"/>
  <StrRes Name="5301" Text="Itens"/>
  <StrRes Name="5302" Text="Modelos"/>
  <StrRes Name="5303" Text="Herdar o relatório"/>
  <StrRes Name="5400" Text="Ordem das Tabulações"/>
  <StrRes Name="5401" Text="Controlos listados por ordem de tabulação:"/>
  <StrRes Name="5402" Text="Para cima"/>
  <StrRes Name="5403" Text="Para baixo"/>
  <StrRes Name="5500" Text="Avaliar"/>
  <StrRes Name="5501" Text="Expressão"/>
  <StrRes Name="5502" Text="Resultado"/>
  <StrRes Name="5600" Text="Assistente de Relatórios"/>
  <StrRes Name="5601" Text="Dados"/>
  <StrRes Name="5602" Text="Campos"/>
  <StrRes Name="5603" Text="Grupos"/>
  <StrRes Name="5604" Text="Configuração"/>
  <StrRes Name="5605" Text="Estilo"/>
  <StrRes Name="5606" Text="Passo 1. Seleccionar os dados."/>
  <StrRes Name="5607" Text="Passo 2. Seleccionar os campos a apresentar."/>
  <StrRes Name="5608" Text="Passo 3. Criar os grupos (opcional)."/>
  <StrRes Name="5609" Text="Passo 4. Definir a orientação da página e formato dos dados."/>
  <StrRes Name="5610" Text="Passo 5. Escolher o estilo do relatório."/>
  <StrRes Name="5611" Text="Adicionar &#62;"/>
  <StrRes Name="5612" Text="Adicionar todos&#62;&#62;"/>
  <StrRes Name="5613" Text="&#60; Remover"/>
  <StrRes Name="5614" Text="&#60;&#60; Remover todos"/>
  <StrRes Name="5615" Text="Adicionar &#62;"/>
  <StrRes Name="5616" Text="&#60; Remover"/>
  <StrRes Name="5617" Text="Campos seleccionados:"/>
  <StrRes Name="5618" Text="Campos disponíveis:"/>
  <StrRes Name="5619" Text="Grupos:"/>
  <StrRes Name="5620" Text=" Orientação "/>
  <StrRes Name="5621" Text="Layout"/>
  <StrRes Name="5622" Text="Retrato"/>
  <StrRes Name="5623" Text="Paisagem"/>
  <StrRes Name="5624" Text="Tabular"/>
  <StrRes Name="5625" Text="Em colunas"/>
  <StrRes Name="5626" Text="Ajustar campos à largura da página"/>
  <StrRes Name="5627" Text="&#60;&#60; Anterior"/>
  <StrRes Name="5628" Text="Seguinte &#62;&#62;"/>
  <StrRes Name="5629" Text="Terminar"/>
  <StrRes Name="5630" Text="Nova tabela..."/>
  <StrRes Name="5631" Text="Nova pesquisa..."/>
  <StrRes Name="5632" Text="Seleccione uma ligação à base de dados:"/>
  <StrRes Name="5633" Text="Seleccione uma tabela:"/>
  <StrRes Name="5634" Text="ou"/>
  <StrRes Name="5635" Text="Criar pesquisa..."/>
  <StrRes Name="5636" Text="Configure ligações"/>
  <StrRes Name="wzStd" Text="Assistente Padrão de Relatórios"/>
  <StrRes Name="wzDMP" Text="Assistente de Relatórios para Imp. Matricial"/>
  <StrRes Name="wzStdEmpty" Text="Relatório Padrão"/>
  <StrRes Name="wzDMPEmpty" Text="Relatório Matricial"/>
  <StrRes Name="5700" Text="Assistente de ligações"/>
  <StrRes Name="5701" Text="Ligação"/>
  <StrRes Name="5702" Text="Escolha o tipo de documento:"/>
  <StrRes Name="5703" Text="Escolha a base de dados:"/>
  <StrRes Name="5704" Text="Login"/>
  <StrRes Name="5705" Text="Password"/>
  <StrRes Name="5706" Text="Titulo de login"/>
  <StrRes Name="5707" Text="Utilizar login/password:"/>
  <StrRes Name="5708" Text="Tabela"/>
  <StrRes Name="5709" Text="Escolher o nome da tabela:"/>
  <StrRes Name="5710" Text="Filtrar registos:"/>
  <StrRes Name="5711" Text="Pesquisa"/>
  <StrRes Name="5712" Text="Comando SQL:"/>
  <StrRes Name="5713" Text="Query Builder"/>
  <StrRes Name="5714" Text="Editar parâmetros da pesquisa"/>
  <StrRes Name="ftAllFiles" Text="Todos os Ficheiros"/>
  <StrRes Name="ftPictures" Text="Figuras"/>
  <StrRes Name="ftDB" Text="Bases de Dados"/>
  <StrRes Name="ftRichFile" Text="Ficheiro RichText"/>
  <StrRes Name="ftTextFile" Text="Ficheiro de texto"/>
  <StrRes Name="prNotAssigned" Text="(Não atribuído)"/>
  <StrRes Name="prInvProp" Text="Valor inválido da propriedade"/>
  <StrRes Name="prDupl" Text="Nome duplicado"/>
  <StrRes Name="prPict" Text="(Figura)"/>
  <StrRes Name="mvExpr" Text="Permitir Expressões"/>
  <StrRes Name="mvStretch" Text="Esticar"/>
  <StrRes Name="mvStretchToMax" Text="Esticar até Altura Máxima"/>
  <StrRes Name="mvShift" Text="Deslocar"/>
  <StrRes Name="mvShiftOver" Text="Deslocar quando sobreposto"/>
  <StrRes Name="mvVisible" Text="Visível"/>
  <StrRes Name="mvPrintable" Text="Imprimível"/>
  <StrRes Name="mvFont" Text="Letra..."/>
  <StrRes Name="mvFormat" Text="Formato..."/>
  <StrRes Name="mvClear" Text="Limpar conteúdo"/>
  <StrRes Name="mvAutoWidth" Text="Largura auto"/>
  <StrRes Name="mvWWrap" Text="Quebrar linhas"/>
  <StrRes Name="mvSuppress" Text="Suprimir valores repetidos"/>
  <StrRes Name="mvHideZ" Text="Esconder zeros"/>
  <StrRes Name="mvHTML" Text="Permitir HTML"/>
  <StrRes Name="lvDiagonal" Text="Diagonal"/>
  <StrRes Name="pvAutoSize" Text="Tamanho auto"/>
  <StrRes Name="pvCenter" Text="Centrar"/>
  <StrRes Name="pvAspect" Text="Manter proporcionalidade"/>
  <StrRes Name="bvSplit" Text="Permitir separação"/>
  <StrRes Name="bvKeepChild" Text="Manter filha unida"/>
  <StrRes Name="bvPrintChild" Text="Imprimir filha se invisível"/>
  <StrRes Name="bvStartPage" Text="Iniciar nova página"/>
  <StrRes Name="bvPrintIfEmpty" Text="Imprimir se detalhe vazio"/>
  <StrRes Name="bvKeepDetail" Text="Manter detalhe unido"/>
  <StrRes Name="bvKeepFooter" Text="Manter rodapé unido"/>
  <StrRes Name="bvReprint" Text="Reimprimir na nova página"/>
  <StrRes Name="bvOnFirst" Text="Imprimir na primeira página"/>
  <StrRes Name="bvOnLast" Text="Imprimir na última página"/>
  <StrRes Name="bvKeepGroup" Text="Manter Junto"/>
  <StrRes Name="bvFooterAfterEach" Text="Rodapé depois de cada linha"/>
  <StrRes Name="bvDrillDown" Text="Expansível"/>
  <StrRes Name="bvResetPageNo" Text="Inicializar números de página"/>
  <StrRes Name="srParent" Text="Imprimir no Pai"/>
  <StrRes Name="bvKeepHeader" Text="Manter Cabeçalho Junto"/>
  <StrRes Name="obCatDraw" Text="Desenho"/>
  <StrRes Name="obCatOther" Text="Outros objectos"/>
  <StrRes Name="obCatOtherControls" Text="Outros Controlos"/>
  <StrRes Name="obDiagLine" Text="Linha Diagonal"/>
  <StrRes Name="obRect" Text="Rectângulo"/>
  <StrRes Name="obRoundRect" Text="Rectângulo Arredondado"/>
  <StrRes Name="obEllipse" Text="Elipse"/>
  <StrRes Name="obTrian" Text="Triângulo"/>
  <StrRes Name="obDiamond" Text="Diamante"/>
  <StrRes Name="obLabel" Text="Rótulo"/>
  <StrRes Name="obEdit" Text="Caixa de Texto"/>
  <StrRes Name="obMemoC" Text="Notas"/>
  <StrRes Name="obButton" Text="Botão"/>
  <StrRes Name="obChBoxC" Text="Caixa de verificação"/>
  <StrRes Name="obRButton" Text="Botão de opção"/>
  <StrRes Name="obLBox" Text="Lista"/>
  <StrRes Name="obCBox" Text="Caixa de verificação"/>
  <StrRes Name="obDateEdit" Text="Editor de datas"/>
  <StrRes Name="obImageC" Text="Imagem"/>
  <StrRes Name="obPanel" Text="Painel"/>
  <StrRes Name="obGrBox" Text="Caixa de Grupo"/>
  <StrRes Name="obBBtn" Text="Botão com imagem"/>
  <StrRes Name="obSBtn" Text="Botão rápido"/>
  <StrRes Name="obMEdit" Text="Máscara de edição"/>
  <StrRes Name="obChLB" Text="Lista de Verificação"/>
  <StrRes Name="obDBLookup" Text="Caixa de pesquisa BD"/>
  <StrRes Name="obBevel" Text="Cercadura"/>
  <StrRes Name="obShape" Text="Forma"/>
  <StrRes Name="obText" Text="Texto"/>
  <StrRes Name="obSysText" Text="Texto do Sistema"/>
  <StrRes Name="obLine" Text="Linha"/>
  <StrRes Name="obPicture" Text="Figura"/>
  <StrRes Name="obBand" Text="Banda"/>
  <StrRes Name="obDataBand" Text="Banda de dados"/>
  <StrRes Name="obSubRep" Text="Sub-Relatório"/>
  <StrRes Name="obDlgPage" Text="Formulário de Diálogo"/>
  <StrRes Name="obRepPage" Text="Página de Relatório"/>
  <StrRes Name="obReport" Text="Relatório"/>
  <StrRes Name="obRich" Text="Texto com formatação"/>
  <StrRes Name="obOLE" Text="Objecto OLE"/>
  <StrRes Name="obChBox" Text="Caixa de Verificação"/>
  <StrRes Name="obChart" Text="Gráfico"/>
  <StrRes Name="obBarC" Text="Código de Barras"/>
  <StrRes Name="obCross" Text="Grelha Cross-tab"/>
  <StrRes Name="obDBCross" Text="Grelha Cross-tab DB"/>
  <StrRes Name="obGrad" Text="Gradiente"/>
  <StrRes Name="obDMPText" Text="Texto (Matricial)"/>
  <StrRes Name="obDMPLine" Text="Linha (Matricial)"/>
  <StrRes Name="obDMPCmd" Text="Comando (Matricial)"/>
  <StrRes Name="obBDEDB" Text="Base de Dados BDE"/>
  <StrRes Name="obBDETb" Text="Tabela BDE"/>
  <StrRes Name="obBDEQ" Text="Query BDE"/>
  <StrRes Name="obBDEComps" Text="Componentes BDE"/>
  <StrRes Name="obIBXDB" Text="Base de Dados IBX"/>
  <StrRes Name="obIBXTb" Text="Tabela IBX"/>
  <StrRes Name="obIBXQ" Text="Query IBX"/>
  <StrRes Name="obIBXComps" Text="Componentes IBX"/>
  <StrRes Name="obADODB" Text="Base de Dados ADO"/>
  <StrRes Name="obADOTb" Text="Tabela ADO"/>
  <StrRes Name="obADOQ" Text="Query ADO"/>
  <StrRes Name="obADOComps" Text="Componentes ADO"/>
  <StrRes Name="obDBXDB" Text="Base de Dados DBX"/>
  <StrRes Name="obDBXTb" Text="Tabelas DBX"/>
  <StrRes Name="obDBXQ" Text="Query DBX"/>
  <StrRes Name="obDBXComps" Text="Componentes DBX"/>
  <StrRes Name="obFIBDB" Text="Base de Dados FIB"/>
  <StrRes Name="obFIBTb" Text="Tabela FIB"/>
  <StrRes Name="obFIBQ" Text="Query FIB"/>
  <StrRes Name="obFIBComps" Text="Componentes FIB"/>
  <StrRes Name="obDataBases" Text="DataBases"/>
  <StrRes Name="obTables" Text="Tables"/>
  <StrRes Name="obQueries" Text="Queries"/>
  <StrRes Name="ctString" Text="Texto"/>
  <StrRes Name="ctDate" Text="Data e Hora"/>
  <StrRes Name="ctConv" Text="Conversão"/>
  <StrRes Name="ctFormat" Text="Formatação"/>
  <StrRes Name="ctMath" Text="Matemáticas"/>
  <StrRes Name="ctOther" Text="Outras"/>
  <StrRes Name="IntToStr" Text="Converte um número inteiro para texto"/>
  <StrRes Name="FloatToStr" Text="Converte um número para texto"/>
  <StrRes Name="DateToStr" Text="Converte uma data para texto"/>
  <StrRes Name="TimeToStr" Text="Converte uma hora para texto"/>
  <StrRes Name="DateTimeToStr" Text="Converte uma data-e-hora para texto"/>
  <StrRes Name="VarToStr" Text="Converte um valor &#38;#34;variant&#38;#34; para texto"/>
  <StrRes Name="StrToInt" Text="Converte texto num número inteiro"/>
  <StrRes Name="StrToInt64" Text="Converte texto para um inteiro(Int64)"/>
  <StrRes Name="StrToFloat" Text="Converte texto num número"/>
  <StrRes Name="StrToDate" Text="Converte texto numa data"/>
  <StrRes Name="StrToTime" Text="Converte texto numa hora"/>
  <StrRes Name="StrToDateTime" Text="Converte texto para uma data/hora"/>
  <StrRes Name="Format" Text="Devolve texto formatado a partir de uma lista de argumentos"/>
  <StrRes Name="FormatFloat" Text="Formata números em ponto flutuante"/>
  <StrRes Name="FormatDateTime" Text="Formata valores data/hora"/>
  <StrRes Name="FormatMaskText" Text="Devolve texto formatado usando uma máscara de edição"/>
  <StrRes Name="EncodeDate" Text="Devolve um valor TDateTime a partir do Ano, Mês, Dia"/>
  <StrRes Name="DecodeDate" Text="Separa um valor TDateTime em Ano, Mês, Dia"/>
  <StrRes Name="EncodeTime" Text="Devolve um valor TDateTime a partir de Hora, Min, Seg, MSeg"/>
  <StrRes Name="DecodeTime" Text="Separa um valor TDateTime em horas, minutos, segundos, e milisegundos"/>
  <StrRes Name="Date" Text="Devolve a data actual"/>
  <StrRes Name="Time" Text="Devolve a hora actual"/>
  <StrRes Name="Now" Text="Devolve a data e hora actuais"/>
  <StrRes Name="DayOfWeek" Text="Devolve o dia da semana para a data especificada"/>
  <StrRes Name="IsLeapYear" Text="Indica se um ano é bissexto"/>
  <StrRes Name="DaysInMonth" Text="Devolve o número de dias de um mês"/>
  <StrRes Name="Length" Text="Devolve o comprimento do texto"/>
  <StrRes Name="Copy" Text="Devolve uma parte de uma cadeia de caracteres"/>
  <StrRes Name="Pos" Text="Devolve a posição de um texto dentro de outro"/>
  <StrRes Name="Delete" Text="Remove um texto de outro"/>
  <StrRes Name="Insert" Text="Insere um texto em outro"/>
  <StrRes Name="Uppercase" Text="Converte todos os caracteres para maiúsculas"/>
  <StrRes Name="Lowercase" Text="Converte todos os caracteres para minúsculas"/>
  <StrRes Name="Trim" Text="Remove os espaços iniciais e finais de um texto"/>
  <StrRes Name="NameCase" Text="Converte o primeiro carácter de cada palavra para maiúscula"/>
  <StrRes Name="CompareText" Text="Compara dois textos"/>
  <StrRes Name="Chr" Text="Converte um número inteiro para um carácter"/>
  <StrRes Name="Ord" Text="Converte um carácter para um número inteiro"/>
  <StrRes Name="SetLength" Text="Especifica o comprimento de um texto"/>
  <StrRes Name="Round" Text="Arredonda um número para o valor inteiro mais próximo"/>
  <StrRes Name="Trunc" Text="Trunca um número para o inteiro imediatamente inferior"/>
  <StrRes Name="Int" Text="Devolve a parte inteira de um número"/>
  <StrRes Name="Frac" Text="Devolve a parte fraccionária de um número"/>
  <StrRes Name="Sqrt" Text="Devolve a raíz quadrada de um número"/>
  <StrRes Name="Abs" Text="Devolve o valor absoluto"/>
  <StrRes Name="Sin" Text="Devolve o seno de um ângulo (em radianos)"/>
  <StrRes Name="Cos" Text="Devolve o coseno de um ângulo (em radianos)"/>
  <StrRes Name="ArcTan" Text="Devolve o arco-tangente"/>
  <StrRes Name="Tan" Text="Devolve a tangente de um ângulo"/>
  <StrRes Name="Exp" Text="Devolve o exponencial"/>
  <StrRes Name="Ln" Text="Devolve o logaritmo natural de um número"/>
  <StrRes Name="Pi" Text="Devolve o valor 3.1415926..."/>
  <StrRes Name="Inc" Text="Incrementa um valor"/>
  <StrRes Name="Dec" Text="Decrementa um valor"/>
  <StrRes Name="RaiseException" Text="Gera uma excepção"/>
  <StrRes Name="ShowMessage" Text="Mostra uma mensagem"/>
  <StrRes Name="Randomize" Text="Inicializa o gerador de números aleatórios"/>
  <StrRes Name="Random" Text="Devolve um número aleatório"/>
  <StrRes Name="ValidInt" Text="Devolve &#38;#34;Verdadeiro&#38;#34; se o texto contém um número inteiro válido"/>
  <StrRes Name="ValidFloat" Text="Devolve &#38;#34;Verdadeiro&#38;#34; se o texto contém um número válido"/>
  <StrRes Name="ValidDate" Text="Devolve &#38;#34;Verdadeiro&#38;#34; se o texto contém uma data válida"/>
  <StrRes Name="IIF" Text="Devolve &#38;#34;Verdadeiro&#38;#34; se a expressão é verdadeira, caso contrário devolve &#38;#34;Falso&#38;#34;"/>
  <StrRes Name="Get" Text="Apenas para uso interno"/>
  <StrRes Name="Set" Text="Apenas para uso interno"/>
  <StrRes Name="InputBox" Text="Mostra uma caixa que permite digitar um texto"/>
  <StrRes Name="InputQuery" Text="Mostra uma caixa que permite digitar um texto"/>
  <StrRes Name="MessageDlg" Text="Mostra uma mensagem"/>
  <StrRes Name="CreateOleObject" Text="Cria um objecto OLE"/>
  <StrRes Name="VarArrayCreate" Text="Cria um &#34;variant array&#34;"/>
  <StrRes Name="VarType" Text="Devolve o tipo de um valor &#38;#34;variant&#38;#34;"/>
  <StrRes Name="DayOf" Text="Devolve o dia (1..31) de uma data"/>
  <StrRes Name="MonthOf" Text="Devolve o mês (1..12) de uma data"/>
  <StrRes Name="YearOf" Text="Devolve o ano de uma data"/>
  <StrRes Name="ctAggregate" Text="Estatísticas"/>
  <StrRes Name="Sum" Text="Calcula a soma de &#38;#60;Expr&#38;#62; para a linha de dados da banda"/>
  <StrRes Name="Avg" Text="Calcula a média de &#38;#60;Expr&#38;#62; para a linha de dados da banda"/>
  <StrRes Name="Min" Text="Calcula o mínimo de &#38;#60;Expr&#38;#62; para a linha de dados da banda"/>
  <StrRes Name="Max" Text="Calcula o máximo de &#38;#60;Expr&#38;#62; para a linha de dados da banda"/>
  <StrRes Name="Count" Text="Calcula o número de linhas de dados"/>
  <StrRes Name="wzDBConn" Text="Novo assistente de Ligações"/>
  <StrRes Name="wzDBTable" Text="Novo assistente de Tabelas"/>
  <StrRes Name="wzDBQuery" Text="Novo assistente de Pesquisa"/>
  <StrRes Name="5800" Text="Ligações"/>
  <StrRes Name="5801" Text="Nova"/>
  <StrRes Name="5802" Text="Eliminar"/>
  <StrRes Name="cpName" Text="Nome"/>
  <StrRes Name="cpConnStr" Text="Cadeia de ligação"/>
  <StrRes Name="startCreateNew" Text="Criar novo relatório"/>
  <StrRes Name="startCreateBlank" Text="Criar relatório vazio"/>
  <StrRes Name="startOpenReport" Text="Abrir relatório"/>
  <StrRes Name="startOpenLast" Text="Abrir o último relatório"/>
  <StrRes Name="startEditAliases" Text="Editar nomes das ligações"/>
  <StrRes Name="startHelp" Text="Ajuda"/>
  <StrRes Name="5900" Text="Mostrador"/>
  <StrRes Name="5901" Text="Adicionar mostrador"/>
  <StrRes Name="5902" Text="Apagar mostrador"/>
  <StrRes Name="5903" Text="Editar mostrador"/>
  <StrRes Name="6000" Text="Herdar erro"/>
  <StrRes Name="6001" Text="Relatórios base ou herdados têm objectos duplicados. Que devo fazer?"/>
  <StrRes Name="6002" Text="Apagar duplicados"/>
  <StrRes Name="6003" Text="Renomear duplicados"/>
  <StrRes Name="6004" Text="Ordenar por nome"/>
  <StrRes Name="8000" Text="Exportar para Excel"/>
  <StrRes Name="8001" Text="Estilos"/>
  <StrRes Name="8002" Text="Figuras"/>
  <StrRes Name="8003" Text="Unir Células"/>
  <StrRes Name="8004" Text="Exportação rápida"/>
  <StrRes Name="8005" Text="WYSIWYG"/>
  <StrRes Name="8006" Text="Como texto"/>
  <StrRes Name="8007" Text="Fundo"/>
  <StrRes Name="8008" Text="Abrir o Excel após exportar"/>
  <StrRes Name="8009" Text="Ficheiro Excel (*.xls)|*.xls"/>
  <StrRes Name="8010" Text=".xls"/>
  <StrRes Name="8100" Text="Exportar para Excel XML"/>
  <StrRes Name="8101" Text="Estilos"/>
  <StrRes Name="8102" Text="WYSIWYG"/>
  <StrRes Name="8103" Text="Fundo"/>
  <StrRes Name="8104" Text="Abrir o Excel após exportar"/>
  <StrRes Name="8105" Text="Ficheiro Excel XML (*.xml)|*.xml"/>
  <StrRes Name="8106" Text=".xml"/>
  <StrRes Name="8200" Text="Exportar para tabela HTML"/>
  <StrRes Name="8201" Text="Abrir após exportar"/>
  <StrRes Name="8202" Text="Estilos"/>
  <StrRes Name="8203" Text="Figuras"/>
  <StrRes Name="8204" Text="Todas numa pasta"/>
  <StrRes Name="8205" Text="Largura fixa"/>
  <StrRes Name="8206" Text="Navegador"/>
  <StrRes Name="8207" Text="Multi-páginas"/>
  <StrRes Name="8208" Text="Browser Mozilla"/>
  <StrRes Name="8209" Text="Fundo"/>
  <StrRes Name="8210" Text="Ficheiro HTML (*.html)|*.html"/>
  <StrRes Name="8211" Text=".html"/>
  <StrRes Name="8300" Text="Exportar para texto(Impr.Matricial)"/>
  <StrRes Name="8301" Text="Pré-visualizar on/off"/>
  <StrRes Name="8302" Text=" Opções de Exportação  "/>
  <StrRes Name="8303" Text="Quebras de Página"/>
  <StrRes Name="8304" Text="OEM codepage"/>
  <StrRes Name="8305" Text="Linhas vazias"/>
  <StrRes Name="8306" Text="Espaços iniciais"/>
  <StrRes Name="8307" Text="Páginas:"/>
  <StrRes Name="8308" Text="Digite números de página e/ou intervalos, separados por vírgulas. Por exemplo, 1,3,5-12"/>
  <StrRes Name="8309" Text=" Escala "/>
  <StrRes Name="8310" Text="Escala X"/>
  <StrRes Name="8311" Text="Escala Y"/>
  <StrRes Name="8312" Text=" Limites "/>
  <StrRes Name="8313" Text="Nenhum"/>
  <StrRes Name="8314" Text="Simples"/>
  <StrRes Name="8315" Text="Gráfico"/>
  <StrRes Name="8316" Text="Apenas com OEM codepage"/>
  <StrRes Name="8317" Text="Imprimir após exportar"/>
  <StrRes Name="8318" Text="Guardar configuração"/>
  <StrRes Name="8319" Text=" Pré-visualizar "/>
  <StrRes Name="8320" Text="Largura:"/>
  <StrRes Name="8321" Text="Altura:"/>
  <StrRes Name="8322" Text="Página"/>
  <StrRes Name="8323" Text="Mais Zoom"/>
  <StrRes Name="8324" Text="Menos Zoom"/>
  <StrRes Name="8325" Text="Ficheiro de texto (impressora matricial)(*.prn)|*.prn"/>
  <StrRes Name="8326" Text=".prn"/>
  <StrRes Name="8400" Text="Imprimir"/>
  <StrRes Name="8401" Text="Impressora"/>
  <StrRes Name="8402" Text="Nome"/>
  <StrRes Name="8403" Text="Configuração..."/>
  <StrRes Name="8404" Text="Cópias"/>
  <StrRes Name="8405" Text="Número de cópias"/>
  <StrRes Name="8406" Text=" Inicialização da Impressora "/>
  <StrRes Name="8407" Text="Tipo de Impressora"/>
  <StrRes Name="8408" Text=".fpi"/>
  <StrRes Name="8409" Text="Modelo de inicialização de Impressora (*.fpi)|*.fpi"/>
  <StrRes Name="8410" Text=".fpi"/>
  <StrRes Name="8411" Text="Modelo de inicialização de Impressora (*.fpi)|*.fpi"/>
  <StrRes Name="8500" Text="Exportar para RTF"/>
  <StrRes Name="8501" Text="Figuras"/>
  <StrRes Name="8502" Text="WYSIWYG"/>
  <StrRes Name="8503" Text="Abrir após exportar"/>
  <StrRes Name="8504" Text="Ficheiro RTF (*.rtf)|*.rtf"/>
  <StrRes Name="8505" Text=".rtf"/>
  <StrRes Name="8600" Text="Exportar para Imagem"/>
  <StrRes Name="8601" Text=" Opções da Imagem "/>
  <StrRes Name="8602" Text="Qualidade JPEG"/>
  <StrRes Name="8603" Text="Resolução (dpi)"/>
  <StrRes Name="8604" Text="Ficheiros separados"/>
  <StrRes Name="8605" Text="Reduzir página"/>
  <StrRes Name="8606" Text="Monocromática"/>
  <StrRes Name="8700" Text="Exportar para PDF"/>
  <StrRes Name="8701" Text="Comprimido"/>
  <StrRes Name="8702" Text="T.Letra Embutidos"/>
  <StrRes Name="8703" Text="Optimizar p/impressão"/>
  <StrRes Name="8704" Text="Resumo"/>
  <StrRes Name="8705" Text="Fundo"/>
  <StrRes Name="8706" Text="Abrir após exportar"/>
  <StrRes Name="8707" Text="Ficheiro Adobe PDF (*.pdf)|*.pdf"/>
  <StrRes Name="8708" Text=".pdf"/>
  <StrRes Name="RTFexport" Text="Ficheiro RTF"/>
  <StrRes Name="BMPexport" Text="Imagem BMP"/>
  <StrRes Name="JPEGexport" Text="Imagem JPEG"/>
  <StrRes Name="TIFFexport" Text="Imagem TIFF"/>
  <StrRes Name="TextExport" Text="Texto (impressora matricial)"/>
  <StrRes Name="XlsOLEexport" Text="Tabela Excel (OLE)"/>
  <StrRes Name="HTMLexport" Text="Ficheiro HTML"/>
  <StrRes Name="XlsXMLexport" Text="Tabela Excel (XML)"/>
  <StrRes Name="PDFexport" Text="Ficheiro PDF"/>
  <StrRes Name="ProgressWait" Text="Aguarde por favor"/>
  <StrRes Name="ProgressRows" Text="Definindo linhas"/>
  <StrRes Name="ProgressColumns" Text="Definindo colunas"/>
  <StrRes Name="ProgressStyles" Text="Definindo estilos"/>
  <StrRes Name="ProgressObjects" Text="Exportando objectos"/>
  <StrRes Name="TIFFexportFilter" Text="Imagem Tiff (*.tif)|*.tif"/>
  <StrRes Name="BMPexportFilter" Text="Imagem BMP (*.bmp)|*.bmp"/>
  <StrRes Name="JPEGexportFilter" Text="Imagem Jpeg (*.jpg)|*.jpg"/>
  <StrRes Name="HTMLNavFirst" Text="Primeira"/>
  <StrRes Name="HTMLNavPrev" Text="Anterior"/>
  <StrRes Name="HTMLNavNext" Text="Próxima"/>
  <StrRes Name="HTMLNavLast" Text="Última"/>
  <StrRes Name="HTMLNavRefresh" Text="Refrescar"/>
  <StrRes Name="HTMLNavPrint" Text="Imprimir"/>
  <StrRes Name="HTMLNavTotal" Text="Total de páginas"/>
  <StrRes Name="8800" Text="Exportar para Texto"/>
  <StrRes Name="8801" Text="Ficheiro de texto (*.txt)|*.txt"/>
  <StrRes Name="8802" Text=".txt"/>
  <StrRes Name="SimpleTextExport" Text="Ficheiro de Texto"/>
  <StrRes Name="8850" Text="Exportar para CSV"/>
  <StrRes Name="8851" Text="Ficheiro CSV (*.csv)|*.csv"/>
  <StrRes Name="8852" Text=".csv"/>
  <StrRes Name="8853" Text="Separador"/>
  <StrRes Name="CSVExport" Text="Ficheiro CSV"/>
  <StrRes Name="8900" Text="Enviar por e-mail"/>
  <StrRes Name="8901" Text="E-mail"/>
  <StrRes Name="8902" Text="Conta"/>
  <StrRes Name="8903" Text="Servidor de correio (SMTP)"/>
  <StrRes Name="8904" Text="Para"/>
  <StrRes Name="8905" Text="Anexo"/>
  <StrRes Name="8906" Text="Formato"/>
  <StrRes Name="8907" Text="Endereço"/>
  <StrRes Name="8908" Text="Nome"/>
  <StrRes Name="8909" Text="Servidor"/>
  <StrRes Name="8910" Text="Utilizador"/>
  <StrRes Name="8911" Text="Remetente"/>
  <StrRes Name="8912" Text="Mensagem"/>
  <StrRes Name="8913" Text="Texto"/>
  <StrRes Name="8914" Text="Organização"/>
  <StrRes Name="8915" Text="Password"/>
  <StrRes Name="8916" Text="Porta"/>
  <StrRes Name="8917" Text="Memorizar propriedades"/>
  <StrRes Name="8918" Text="Campos obrigatórios estão em branco"/>
  <StrRes Name="8919" Text="Configuração avançada de exportação"/>
  <StrRes Name="8920" Text="Assinatura"/>
  <StrRes Name="8921" Text="Gerar"/>
  <StrRes Name="8922" Text="Assunto"/>
  <StrRes Name="8923" Text="Com os melhores cumprimentos"/>
  <StrRes Name="8924" Text="Enviar correio para"/>
  <StrRes Name="EmailExport" Text="E-mail"/>
  <StrRes Name="FastReportFile" Text="Ficheiro FastReport"/>
  <StrRes Name="GifexportFilter" Text="Ficheiro Gif (*.gif)|*.gif"/>
  <StrRes Name="GIFexport" Text="Imagem Gif"/>
  <StrRes Name="8950" Text="Contínuo"/>
  <StrRes Name="8951" Text="Cabeçalhos/Rodapés"/>
  <StrRes Name="8952" Text="Texto"/>
  <StrRes Name="8953" Text="Cabeçalho/Rodapé"/>
  <StrRes Name="8954" Text="Nenhum"/>
  <StrRes Name="ODSExportFilter" Text="Folha de cálculo Open Document (*.ods)|*.ods"/>
  <StrRes Name="ODSExport" Text="Folha de cálculo Open Document"/>
  <StrRes Name="ODTExportFilter" Text="Texto Open Document (*.odt)|*.odt"/>
  <StrRes Name="ODTExport" Text="Texto Open Document"/>
  <StrRes Name="8960" Text=".ods"/>
  <StrRes Name="8961" Text=".odt"/>
  <StrRes Name="8962" Text="Segurança"/>
  <StrRes Name="8963" Text="Configuração da segurança"/>
  <StrRes Name="8964" Text="Senha das permissões"/>
  <StrRes Name="8965" Text="Senha de abertura"/>
  <StrRes Name="8966" Text="Imprimir documento"/>
  <StrRes Name="8967" Text="Alterar documento"/>
  <StrRes Name="8968" Text="Copiar texto e gráficos"/>
  <StrRes Name="8969" Text="Adicionar ou modificar anotações"/>
  <StrRes Name="8970" Text="Segurança PDF"/>
  <StrRes Name="8971" Text="Informação sobre o documento"/>
  <StrRes Name="8972" Text="Informação"/>
  <StrRes Name="8973" Text="Título"/>
  <StrRes Name="8974" Text="Autor"/>
  <StrRes Name="8975" Text="Assunto"/>
  <StrRes Name="8976" Text="Palavras Chave"/>
  <StrRes Name="8977" Text="Criador"/>
  <StrRes Name="8978" Text="Produtor"/>
  <StrRes Name="8979" Text="Autenticação"/>
  <StrRes Name="8980" Text="Permissões"/>
  <StrRes Name="8981" Text="Leitor"/>
  <StrRes Name="8982" Text="Preferências do leitor"/>
  <StrRes Name="8983" Text="Ocultar barra de ferramentas"/>
  <StrRes Name="8984" Text="Ocultar menu"/>
  <StrRes Name="8985" Text="Ocultar painel de navegação"/>
  <StrRes Name="8986" Text="Ajustar tamanho da janela"/>
  <StrRes Name="8987" Text="Centrar janela"/>
  <StrRes Name="8988" Text="Imprimir à escala"/>
  <StrRes Name="8989" Text="Confirmação de leitura"/>
  <StrRes Name="9101" Text="Export to DBF"/>
  <StrRes Name="9102" Text="dBase (DBF) export"/>
  <StrRes Name="9103" Text=".dbf"/>
  <StrRes Name="9104" Text="Failed to load the file"/>
  <StrRes Name="9105" Text="Failure"/>
  <StrRes Name="9106" Text="Field names"/>
  <StrRes Name="9107" Text="Automatically"/>
  <StrRes Name="9108" Text="Manually"/>
  <StrRes Name="9109" Text="Load from file"/>
  <StrRes Name="9110" Text="Text files (*.txt)|*.txt|All files|*.*"/>
  <StrRes Name="9111" Text="DBF files (*.dbf)|*.dbf|All files|*.*"/>
  <StrRes Name="propActive" Text="Especifica se um dataset está aberto ou não"/>
  <StrRes Name="propActive.TfrxHighlight" Text="Especifica se o destaque está activo"/>
  <StrRes Name="propAliasName" Text="Nome do alias BDE"/>
  <StrRes Name="propAlign" Text="Determina o alinhamento do objecto relativamente à banda ou página"/>
  <StrRes Name="propAlignment" Text="O alinhamento do texto do objecto"/>
  <StrRes Name="propAllowAllUp" Text="Especifica se todos os botões rápidos do grupo podem estar desseleccionados simultâneamente"/>
  <StrRes Name="propAllowEdit" Text="Determina se o utilizador pode editar as páginas do relatório preparado"/>
  <StrRes Name="propAllowExpressions" Text="Determina se o texto do objecto pode conter expressões"/>
  <StrRes Name="propAllowGrayed" Text="Permite estado indefinido das caixas de verificação"/>
  <StrRes Name="propAllowHTMLTags" Text="Determina se o texto pode conter HTML"/>
  <StrRes Name="propAllowSplit" Text="Determina se a banda pode dividir o conteúdo entre páginas"/>
  <StrRes Name="propAuthor" Text="O autor do relatório"/>
  <StrRes Name="propAutoSize.TfrxPictureView" Text="Determina se a figura deverá alterar o seu tamanho automaticamente"/>
  <StrRes Name="propAutoWidth" Text="Determina se o texto deverá alterar a sua largura automaticamente"/>
  <StrRes Name="propBackPicture" Text="Figura de fundo da página"/>
  <StrRes Name="propBarType" Text="Tipo de Código de Barras"/>
  <StrRes Name="propBevelInner" Text="Tipo de relevo interior"/>
  <StrRes Name="propBevelOuter" Text="Tipo de relevo exterior"/>
  <StrRes Name="propBevelWidth" Text="Largura do relevo"/>
  <StrRes Name="propBorder" Text="Determina se o limite exterior é mostrado ou não"/>
  <StrRes Name="propBorderStyle" Text="Estilo da Janela"/>
  <StrRes Name="propBottomMargin" Text="Tamanho da margem inferior da página"/>
  <StrRes Name="propBrushStyle" Text="Estilo de pincel utilizado para pintar o fundo do objecto"/>
  <StrRes Name="propCalcCheckSum" Text="Determina se o dígito de verificação do código de barras deve ser calculado automaticamente"/>
  <StrRes Name="propCancel" Text="Determina se o botão deve ser activado quando prime a tecla &#38;#60;Esc&#38;#62;"/>
  <StrRes Name="propCaption" Text="Rótulo do Controlo"/>
  <StrRes Name="propCellFields" Text="Nomes dos campos da base de dados que representam as células cruzadas"/>
  <StrRes Name="propCellLevels" Text="Número de níveis das células"/>
  <StrRes Name="propCenter" Text="Determina se a imagem deve ser centrada no interior do Controlo"/>
  <StrRes Name="propCharset" Text="Conjunto de caracteres do tipo de letra"/>
  <StrRes Name="propCharSpacing" Text="Quantidade de pixels entre caracteres"/>
  <StrRes Name="propCheckColor" Text="Cor da marca"/>
  <StrRes Name="propChecked" Text="Indica se o controlo está marcado"/>
  <StrRes Name="propCheckStyle" Text="Estilo da marca"/>
  <StrRes Name="propChild" Text="Bandas &#38;#34;filhas&#38;#34; ligadas a esta banda"/>
  <StrRes Name="propClipped" Text="Determina se o texto deve ser cortado para caber nos limites do objecto"/>
  <StrRes Name="propCollate" Text="Configuração padrão para agrupamento"/>
  <StrRes Name="propColor.TFont" Text="Cor do texto"/>
  <StrRes Name="propColor" Text="Cor do objecto"/>
  <StrRes Name="propColor.TfrxFrame" Text="Cor dos limites"/>
  <StrRes Name="propColor.TfrxHighlight" Text="Determina a cor do objecto se o destaque estiver activado"/>
  <StrRes Name="propColumnFields" Text="Nome dos campos da base de dados que representam colunas cruzadas"/>
  <StrRes Name="propColumnGap" Text="Espaço entre colunas da banda"/>
  <StrRes Name="propColumnLevels" Text="Número de níveis das colunas"/>
  <StrRes Name="propColumns" Text="Número de colunas na banda"/>
  <StrRes Name="propColumnWidth" Text="Largura da coluna na banda"/>
  <StrRes Name="propCondition" Text="Expressão de agrupamento. O grupo muda quando o valor da expressão muda"/>
  <StrRes Name="propCondition.TfrxHighlight" Text="Se a expressão é verdadeira, o destaque é activado"/>
  <StrRes Name="propConnected" Text="Indica se a conexão à base de dados está activa"/>
  <StrRes Name="propConvertNulls" Text="Determina se o estado NULL é convertido para os valores 0, Falso or cadeia vazia"/>
  <StrRes Name="propCopies" Text="Número de cópias padrão"/>
  <StrRes Name="propCursor" Text="Cursor do objecto"/>
  <StrRes Name="propDatabaseName" Text="Nome da base de dados"/>
  <StrRes Name="propDataField" Text="Especifica o campo de onde o objecto obtém dados"/>
  <StrRes Name="propDataSet" Text="Liga o objecto ao dataset que contém o campo apresentado"/>
  <StrRes Name="propDate" Text="O valor da data"/>
  <StrRes Name="propDateFormat" Text="Especifica o formato em que a data é apresentada"/>
  <StrRes Name="propDecimalSeparator" Text="Separador decimal"/>
  <StrRes Name="propDefault" Text="Determina se o botão é o botão padrão"/>
  <StrRes Name="propDefHeight" Text="Altura padrão da linha"/>
  <StrRes Name="propDescription.TfrxReportOptions" Text="Descrição do relatório"/>
  <StrRes Name="propDescription" Text="Descrição do objecto"/>
  <StrRes Name="propDiagonal" Text="Indica se a linha é diagonal"/>
  <StrRes Name="propDisplayFormat" Text="Formato do valor mostrado"/>
  <StrRes Name="propDoublePass" Text="Determina se o motor de relatórios deve executar a segunda passagem"/>
  <StrRes Name="propDown" Text="Determina se o botão está pressionado ou não"/>
  <StrRes Name="propDownThenAcross" Text="Determina o modo como uma tabela grande se distribui por várias páginas"/>
  <StrRes Name="propDriverName" Text="Nome do driver BDE"/>
  <StrRes Name="propDropShadow" Text="Determina se o objecto tem sombra"/>
  <StrRes Name="propDuplex" Text="Especifica o modo Duplex para a página"/>
  <StrRes Name="propEditMask" Text="Especifica a máscara de edição para o controlo"/>
  <StrRes Name="propEnabled" Text="Determina se o controlo está activo"/>
  <StrRes Name="propEngineOptions" Text="Opções do motor para o relatório"/>
  <StrRes Name="propExpression" Text="O valor desta expressão será mostrado no objecto"/>
  <StrRes Name="propExpressionDelimiters" Text="Caracteres que serão usados para delimitar expressões contidas no texto"/>
  <StrRes Name="propFieldAliases" Text="Aliases dos campos"/>
  <StrRes Name="propFilter" Text="Condição para o filtro de dados"/>
  <StrRes Name="propFiltered" Text="Determina se os dados devem ser filtrados utilizando a condição da propriedade Filter"/>
  <StrRes Name="propFlowTo" Text="Objecto que mostrará o texto que não couber neste objecto"/>
  <StrRes Name="propFont" Text="Tipo de letra do objecto"/>
  <StrRes Name="propFooterAfterEach" Text="Determina se a banda de rodapé deve ser mostrada após cada linha de dados"/>
  <StrRes Name="propFormatStr" Text="Formato"/>
  <StrRes Name="propFrame" Text="Atributos dos limites"/>
  <StrRes Name="propGapX" Text="Indentação esquerda do texto"/>
  <StrRes Name="propGapY" Text="Indentação superior do texto"/>
  <StrRes Name="propGlyph" Text="Imagem do controlo"/>
  <StrRes Name="propGroupIndex" Text="Junta os botões com o mesmo valor de GroupIndex no mesmo grupo"/>
  <StrRes Name="propHAlign" Text="Alinhamento horizontal do texto"/>
  <StrRes Name="propHeight" Text="Altura do objecto"/>
  <StrRes Name="propHideZeros" Text="Determina se o objecto de texto esconde os valores Zero"/>
  <StrRes Name="propHighlight" Text="Atributos do destaque condicional"/>
  <StrRes Name="propIndexName" Text="Nome do índice"/>
  <StrRes Name="propInitString" Text="Cadeia de inicialização da impressora para relatórios matriciais"/>
  <StrRes Name="propItems" Text="Lista de itens do objecto"/>
  <StrRes Name="propKeepAspectRatio" Text="Manter a proporção original das dimensões da imagem"/>
  <StrRes Name="propKeepChild" Text="Determina se a banda será impressa unida às suas filhas"/>
  <StrRes Name="propKeepFooter" Text="Determina se a banda será impressa unida ao seu rodapé"/>
  <StrRes Name="propKeepHeader" Text="Determina se a banda será impressa unida ao seu cabeçalho"/>
  <StrRes Name="propKeepTogether" Text="Determina se a banda será impressa unida a todas as suas sub-bandas"/>
  <StrRes Name="propKind.TfrxFormat" Text="Tipo de formatação"/>
  <StrRes Name="propKind" Text="Tipo de botão"/>
  <StrRes Name="propLargeDesignHeight" Text="Determina se a página terá altura grande no modo de desenho"/>
  <StrRes Name="propLayout" Text="Posição da imagem no botão"/>
  <StrRes Name="propLeft" Text="Posição esquerda do objecto"/>
  <StrRes Name="propLeftMargin" Text="Tamanho da margem esquerda da página"/>
  <StrRes Name="propLines" Text="Texto do objecto"/>
  <StrRes Name="propLineSpacing" Text="Número de pixels entre duas linhas de texto"/>
  <StrRes Name="propLoginPrompt" Text="Determina se a janela de Login deve ser mostrada"/>
  <StrRes Name="propMargin" Text="Determina o número de pixels entre o canto da imagem e o canto do botão"/>
  <StrRes Name="propMaster" Text="Dataset mestre"/>
  <StrRes Name="propMasterFields" Text="Campos ligados por uma relação mestre-detalhe"/>
  <StrRes Name="propMaxLength" Text="Comprimento máximo do texto"/>
  <StrRes Name="propMaxWidth" Text="Largura máxima da coluna"/>
  <StrRes Name="propMemo" Text="Texto do objecto"/>
  <StrRes Name="propMinWidth" Text="Largura mínima da coluna"/>
  <StrRes Name="propMirrorMargins" Text="Espelhar margens da página nas páginas pares"/>
  <StrRes Name="propModalResult" Text="Determina o modo como o botão fecha a janela"/>
  <StrRes Name="propName.TFont" Text="Nome do tipo de letra"/>
  <StrRes Name="propName.TfrxReportOptions" Text="Nome do relatório"/>
  <StrRes Name="propName" Text="Nome do objecto"/>
  <StrRes Name="propNumGlyphs" Text="Indica o número de imagens que estão no gráfico especificado pela propriedade Glyph"/>
  <StrRes Name="propOpenDataSource" Text="Determina se a fonte de dados deve ser aberta automaticamente"/>
  <StrRes Name="propOrientation" Text="Orientação da página"/>
  <StrRes Name="propOutlineText" Text="Texto que será mostrado no resumo da pré-visualização"/>
  <StrRes Name="propOutlineVisible" Text="Visibilidade do resumo na pré-visualização"/>
  <StrRes Name="propOutlineWidth" Text="Largura do resumo na pré-visualização"/>
  <StrRes Name="propPageNumbers.TfrxPrintOptions" Text="Número de páginas a imprimir"/>
  <StrRes Name="propPaperHeight" Text="Altura da página"/>
  <StrRes Name="propPaperWidth" Text="Largura da página"/>
  <StrRes Name="propParagraphGap" Text="Indentação da primeira linha do parágrafo"/>
  <StrRes Name="propParams.TfrxBDEDatabase" Text="Parâmetros de conexão"/>
  <StrRes Name="propParams" Text="Parâmetros da Query"/>
  <StrRes Name="propParentFont" Text="Determina se o objecto utilizará o tipo de letra do objecto pai"/>
  <StrRes Name="propPassword" Text="Password do relatório"/>
  <StrRes Name="propPasswordChar" Text="Indica o carácter, se algum, a mostrar no lugar dos caracteres digitados"/>
  <StrRes Name="propPicture" Text="Figura"/>
  <StrRes Name="propPicture.TfrxReportOptions" Text="Figura descritiva do relatório"/>
  <StrRes Name="propPosition" Text="Posição inicial da janela"/>
  <StrRes Name="propPreviewOptions" Text="Opções de pré-visualização do relatório"/>
  <StrRes Name="propPrintable" Text="Para impressão. Objectos com Printable=False serão pré-visualizados, mas não impressos"/>
  <StrRes Name="propPrintChildIfInvisible" Text="Determina se a banda filha será impressa se a sua banda mãe for invisivel"/>
  <StrRes Name="propPrinter" Text="Nome da impressora que será seleccionada quando este relatório for executado ou aberto"/>
  <StrRes Name="propPrintIfDetailEmpty" Text="Determina se a banda de dados será impressa se a sua sub-banda estiver vazia"/>
  <StrRes Name="propPrintIfEmpty" Text="Determina se a página será impressa se todos os datasets estiverem vazios"/>
  <StrRes Name="propPrintOnFirstPage" Text="Determina se a banda será impressa na primeira página"/>
  <StrRes Name="propPrintOnLastPage" Text="Determina se a banda será impressa na última página"/>
  <StrRes Name="propPrintOnParent" Text="Determina se o sub-relatório pode ser impresso na banda mãe"/>
  <StrRes Name="propPrintOnPreviousPage" Text="Determina se a página pode ser gerada no espaço livre da página gerada anteriormente"/>
  <StrRes Name="propPrintOptions" Text="Opções de impressão do relatório"/>
  <StrRes Name="propPrintPages" Text="Determina se deve imprimir as páginas pares, ímpares ou todas"/>
  <StrRes Name="propRangeBegin" Text="Determina o início do intervalo de navegação no dataset"/>
  <StrRes Name="propRangeEnd" Text="Determina o fim do intervalo de navegação no dataset"/>
  <StrRes Name="propRangeEndCount" Text="Determina o número de registos do dataset se RangeEnd for reCount"/>
  <StrRes Name="propReadOnly" Text="Determina se o objecto de texto pode ser alterado"/>
  <StrRes Name="propRepeatHeaders" Text="Determina se os cabeçalhos de colunas e linhas serão reimpressos na nova página"/>
  <StrRes Name="propReportOptions" Text="Opções do relatório"/>
  <StrRes Name="propReprintOnNewPage" Text="Determina se a banda será reimpressa na nova página"/>
  <StrRes Name="propRestrictions" Text="Conjunto de sinalizadores de restrições"/>
  <StrRes Name="propRightMargin" Text="Tamanho da margem direita da página"/>
  <StrRes Name="propRotation.TfrxBarCodeView" Text="Orientação do código de barras"/>
  <StrRes Name="propRotation" Text="Rotação do texto"/>
  <StrRes Name="propRowCount" Text="Número de registos virtuais na banda de dados"/>
  <StrRes Name="propRowFields" Text="Nomes dos campos representando linhas de cruzamento"/>
  <StrRes Name="propRowLevels" Text="Número de níveis das linhas"/>
  <StrRes Name="propRTLReading" Text="Determina se o objecto de texto apresentará o seu texto da direita para a esquerda"/>
  <StrRes Name="propSessionName" Text="Nome da sessão BDE"/>
  <StrRes Name="propShadowColor" Text="Cor da sombra"/>
  <StrRes Name="propShadowWidth" Text="Largura da sombra"/>
  <StrRes Name="propShape" Text="Tipo de forma"/>
  <StrRes Name="propShiftMode" Text="Modo de deslocamento do objecto"/>
  <StrRes Name="propShowColumnHeader" Text="Determina se a grelha mostra cabeçalhos de colunas"/>
  <StrRes Name="propShowColumnTotal" Text="Determina se a grelha mostra o total geral das colunas"/>
  <StrRes Name="propShowRowHeader" Text="Determina se a grelha mostra os cabeçalhos das linhas"/>
  <StrRes Name="propShowRowTotal" Text="Determina se a grelha mostra os total geral das linhas"/>
  <StrRes Name="propShowDialog" Text="Determina se o diálogo de impressão será mostrado na janela de pré-visualização"/>
  <StrRes Name="propShowText" Text="Determina se o código de barras mostrará o texto legível"/>
  <StrRes Name="propSize" Text="Tamanho da letra"/>
  <StrRes Name="propSorted" Text="Determina se os itens serão ordenados ou não"/>
  <StrRes Name="propSpacing" Text="Determina o número de pixels entre a imagem e o texto"/>
  <StrRes Name="propSQL" Text="Declaração SQL"/>
  <StrRes Name="propStartNewPage" Text="Inicia uma nova página antes de imprimir a banda"/>
  <StrRes Name="propStretch" Text="Estica a imagem para a ajustar aos limites do objecto"/>
  <StrRes Name="propStretched" Text="Determina se o objecto pode ser esticado"/>
  <StrRes Name="propStretchMode" Text="Modo de esticar o objecto"/>
  <StrRes Name="propStyle.TFont" Text="Estilo da letra"/>
  <StrRes Name="propStyle" Text="Estilo do controlo"/>
  <StrRes Name="propStyle.TfrxFrame" Text="Estilo dos limites do objecto"/>
  <StrRes Name="propSuppressRepeated" Text="Suprimir valores repetidos"/>
  <StrRes Name="propTableName" Text="Nome da tabela"/>
  <StrRes Name="propTag" Text="Propriedade numérica genérica"/>
  <StrRes Name="propTagStr" Text="Propriedade texto genérica"/>
  <StrRes Name="propText" Text="Texto do objecto"/>
  <StrRes Name="propTitleBeforeHeader" Text="Determina se o título do relatório deve ser mostrado antes do cabeçalho da página"/>
  <StrRes Name="propTop" Text="Posição superior do objecto"/>
  <StrRes Name="propTopMargin" Text="Tamanho da margem superior da página"/>
  <StrRes Name="propTyp" Text="Tipo de limites"/>
  <StrRes Name="propUnderlines" Text="Determina se o objecto de texto mostrará as linhas da grelha após cada linha de texto"/>
  <StrRes Name="propURL" Text="URL do objecto"/>
  <StrRes Name="propUserName" Text="Utilizador do objecto de dados. Este nome será mostrado na árvore de dados"/>
  <StrRes Name="propVAlign" Text="Alinhamento vertical do texto"/>
  <StrRes Name="propVersionBuild" Text="Informação sobre a versão, compilação"/>
  <StrRes Name="propVersionMajor" Text="Informação sobre a versão, versão maior"/>
  <StrRes Name="propVersionMinor" Text="Informação sobre a versão, versão menor"/>
  <StrRes Name="propVersionRelease" Text="Informação sobre a versão, revisão"/>
  <StrRes Name="propVisible" Text="Visibilidade do objecto"/>
  <StrRes Name="propWidth" Text="Largura do objecto"/>
  <StrRes Name="propWidth.TfrxFrame" Text="Largura dos limites"/>
  <StrRes Name="propWindowState" Text="Estado inicial da janela"/>
  <StrRes Name="propWordBreak" Text="Separar palavras russas"/>
  <StrRes Name="propWordWrap" Text="Determina se o objecto de texto insere mudanças de linha &#38;#34;ajustáveis&#38;#34; de modo a que o texto se ajuste à direita"/>
  <StrRes Name="propZoom.TfrxBarCodeView" Text="Amplia o código de barras"/>
  <StrRes Name="propConnectionName" Text="Nome da ligação à base de dados usada no relatório"/>
  <StrRes Name="propCurve" Text="Curvatura dos cantos do rectângulo arredondado"/>
  <StrRes Name="propDrillDown" Text="Determina se o grupo pode ser expandido verticalmente"/>
  <StrRes Name="propFontStyle" Text="Tipo de letra matricial"/>
  <StrRes Name="propHideIfSingleDataRecord" Text="Ocultar o rodapé se um grupo tiver apenas um registo"/>
  <StrRes Name="propOutlineExpand" Text="Determina se o resumo deve ser ou não expandido"/>
  <StrRes Name="propPlainCells" Text="Determines whether to print several cells side-by-side or stacked"/>
  <StrRes Name="propPrintMode" Text="Modo de impressão: normal, dividir páginas grandes, ou imprimir várias páginas pequenas numa grande"/>
  <StrRes Name="propPrintOnSheet" Text="Tamanho do papel para impressão do relatório. Usado se &#38;#34;PrintMode&#38;#34; diferente de &#38;#34;pmDefault&#38;#34;"/>
  <StrRes Name="propResetPageNumbers" Text="Inicializar número de página/total de páginas ao imprimir grupo. Deve ser usado com &#38;#34;StartNewPage&#38;#34; igual a &#38;#34;true&#38;#34;"/>
  <StrRes Name="propReverse" Text="Determina se as páginas devem ser impressas por ordem inversa"/>
  <StrRes Name="propShowFooterIfDrillDown" Text="Determina se o rodapé de grupo é mostrado se o grupo for expansível"/>
  <StrRes Name="propSizeMode" Text="Mostrar modo do objecto OLE"/>
  <StrRes Name="propVersion" Text="Versão do FastReport"/>
  <StrRes Name="propWideBarRatio" Text="Largura relativa das barras largas do código de barras"/>
  <StrRes Name="propWysiwyg" Text="Determina se o objecto &#38;#34;rich&#38;#34; deve usar o &#38;#34;canvas&#38;#34; da impressora para formatar o texto. Tem de ter uma impressora instalada e pronta a imprimir."/>
  <StrRes Name="propArrowEnd" Text="Determina se uma seta deve ser desenhada no final da linha"/>
  <StrRes Name="propArrowLength" Text="Comprimento da seta"/>
  <StrRes Name="propArrowSolid" Text="Determina se a seta deve ter preenchimento sólido"/>
  <StrRes Name="propArrowStart" Text="Determina se deve ser desenhada uma seta no inicio da linha"/>
  <StrRes Name="propArrowWidth" Text="Largura da seta"/>
  <StrRes Name="propCloseDataSource" Text="Determina se o &#38;#34;dataset&#38;#34; deve ser fechado quando o relatório termina"/>
  <StrRes Name="propDatabase" Text="Ligação à base de dados"/>
  <StrRes Name="propIndexFieldNames" Text="Nomes dos campos do índice"/>
  <StrRes Name="propCommandTimeOut" Text="Tempo necessário para executar uma pesquisa"/>
  <StrRes Name="propExpandDrillDown" Text="Determina se todos os elementos expansíveis devem ser expandidos ao iniciar o relatório"/>
  <StrRes Name="propWysiwyg.TfrxMemoView" Text="Determina se o texto deve ser mostrado em modo WYSIWYG"/>
  <StrRes Name="propLeftLine" Text="Limite esquerdo"/>
  <StrRes Name="propTopLine" Text="Limite superior"/>
  <StrRes Name="propRightLine" Text="Limite direito"/>
  <StrRes Name="propBottomLine" Text="Limite inferior"/>
  <StrRes Name="propColor.TfrxFrameLine" Text="Cor dos limites"/>
  <StrRes Name="propStyle.TfrxFrameLine" Text="Estilo dos limites"/>
  <StrRes Name="propWidth.TfrxFrameLine" Text="Espessura dos limites"/>
  <StrRes Name="propFileLink" Text="Expressão ou nome do ficheiro que contém a figura"/>
  <StrRes Name="propEndlessWidth" Text="Modo &#38;#34;página sem fim&#38;#34;. Se verdadeiro, a página irá crescer dependendo do número de registos de dados impressos"/>
  <StrRes Name="propEndlessHeight" Text="Modo &#38;#34;página sem fim&#38;#34;. Se verdadeiro, a página irá crescer dependendo do número de registos de dados impressos"/>
  <StrRes Name="propAddHeight" Text="Adiciona o espaço especificado à altura da célula"/>
  <StrRes Name="propAddWidth" Text="Adiciona o espaço especificado à largura da célula"/>
  <StrRes Name="propAllowDuplicates" Text="Determina se a célula pode aceitar valores duplicados"/>
  <StrRes Name="propJoinEqualCells" Text="Determina se a grelha deve unir células com valores iguais"/>
  <StrRes Name="propNextCross" Text="Ponteiro para a próxima grelha que irá ser mostrada lado a lado"/>
  <StrRes Name="propNextCrossGap" Text="Intervalo entre grelhas lado a lado"/>
  <StrRes Name="propShowCorner" Text="Determina se a grelha deve mostrar os elementos do canto superior esquerdo"/>
  <StrRes Name="propSuppressNullRecords" Text="Determina se a grelha deve suprimir registos com todos os valores nulos"/>
  <StrRes Name="propShowTitle" Text="Determina se a grelha deve mostrar o título"/>
  <StrRes Name="propAutoSize" Text="Determina se a grelha deve alterar o seu tamanho automáticamente"/>
  <StrRes Name="propShowHint" Text="Determina se a sugestão deve ser mostrada quando o rato se move sobre o objecto"/>
  <StrRes Name="propHint" Text="Sugestão"/>
  <StrRes Name="propPaperSize" Text="Tam.Papel"/>
  <StrRes Name="propPageCount" Text="Total de páginas"/>
  <StrRes Name="propBackPictureVisible" Text="Determina se a imagem de fundo da página deve ser mostrada"/>
  <StrRes Name="propBackPicturePrintable" Text="Determina se a imagem de fundo da página deve ser impressa"/>
  <StrRes Name="propHightQuality" Text="Mostrar imagem em alta qualidade"/>
  <StrRes Name="propLockType" Text="Especifica o tipo de bloqueio a usar ao abrir uma tabela"/>
  <StrRes Name="propIgnoreDupParams" Text="Ignora parâmetros duplicados em ParamEditor"/>
  <StrRes Name="propTransparent" Text="Determinates if the picture can be transparent"/>
  <StrRes Name="propTransparentColor" Text="Transparent color"/>
  <StrRes Name="propIgnoreNulls" Text="Allow to ingnore Nulls values in Chart"/>
  <StrRes Name="propShowClildIfDrillDown" Text="Determinates if child band shown if group is drilldown"/>
</Resources>
