<?xml version="1.1" encoding="utf-8"?>
<Resources CodePage="1252">
  <StrRes Name="1" Text="Aceptar"/>
  <StrRes Name="2" Text="Cancelar"/>
  <StrRes Name="3" Text="Todo"/>
  <StrRes Name="4" Text="Página actual"/>
  <StrRes Name="5" Text="Páginas:"/>
  <StrRes Name="6" Text="Separador de página"/>
  <StrRes Name="7" Text="Rango de Páginas"/>
  <StrRes Name="8" Text="Opciones de Exportar"/>
  <StrRes Name="9" Text="Indique los números de página y/o un rango, separado por comas. Por ejemplo: 1,3,5-12"/>
  <StrRes Name="100" Text="Vista Previa"/>
  <StrRes Name="101" Text="Imprimir"/>
  <StrRes Name="102" Text="Imprimir"/>
  <StrRes Name="103" Text="Abrir"/>
  <StrRes Name="104" Text="Abrir"/>
  <StrRes Name="105" Text="Guardar"/>
  <StrRes Name="106" Text="Guardar"/>
  <StrRes Name="107" Text="Exportar"/>
  <StrRes Name="108" Text="Exportar"/>
  <StrRes Name="109" Text="Buscar"/>
  <StrRes Name="110" Text="Buscar"/>
  <StrRes Name="111" Text="Ver página completa"/>
  <StrRes Name="112" Text="Ver página completa"/>
  <StrRes Name="113" Text="Ajustar al ancho"/>
  <StrRes Name="114" Text="Ajustar al ancho"/>
  <StrRes Name="115" Text="100%"/>
  <StrRes Name="116" Text="100%"/>
  <StrRes Name="117" Text="Dos páginas"/>
  <StrRes Name="118" Text="Dos páginas"/>
  <StrRes Name="119" Text="Zoom"/>
  <StrRes Name="120" Text="Márgenes"/>
  <StrRes Name="121" Text="Márgenes"/>
  <StrRes Name="122" Text="Resumen"/>
  <StrRes Name="123" Text="Resumen"/>
  <StrRes Name="124" Text="Acercar"/>
  <StrRes Name="125" Text="Acercar"/>
  <StrRes Name="126" Text="Alejar"/>
  <StrRes Name="127" Text="Alejar"/>
  <StrRes Name="128" Text="Indice"/>
  <StrRes Name="129" Text="Indice del Informe"/>
  <StrRes Name="130" Text="Diapositivas"/>
  <StrRes Name="131" Text="Diapositivas"/>
  <StrRes Name="132" Text="Editar"/>
  <StrRes Name="133" Text="Editar Página"/>
  <StrRes Name="134" Text="Primera"/>
  <StrRes Name="135" Text="Primera página"/>
  <StrRes Name="136" Text="Anterior"/>
  <StrRes Name="137" Text="Página anterior"/>
  <StrRes Name="138" Text="Siguiente"/>
  <StrRes Name="139" Text="Página siguiente"/>
  <StrRes Name="140" Text="Ultima"/>
  <StrRes Name="141" Text="Ultima página"/>
  <StrRes Name="142" Text="Ir a la página"/>
  <StrRes Name="150" Text="Pantalla completa"/>
  <StrRes Name="151" Text="Exportar a PDF"/>
  <StrRes Name="152" Text="Enviar por E-mail"/>
  <StrRes Name="zmPageWidth" Text="Ajustar al ancho"/>
  <StrRes Name="zmWholePage" Text="Ver página completa"/>
  <StrRes Name="200" Text="Imprimir"/>
  <StrRes Name="201" Text="Impresora"/>
  <StrRes Name="202" Text="Páginas"/>
  <StrRes Name="203" Text="Número de copias"/>
  <StrRes Name="204" Text="Intercalar"/>
  <StrRes Name="205" Text="Copias"/>
  <StrRes Name="206" Text="Imprimir"/>
  <StrRes Name="207" Text="Otra"/>
  <StrRes Name="208" Text="Condición:"/>
  <StrRes Name="209" Text="Propiedades..."/>
  <StrRes Name="210" Text="Imprimir en fichero"/>
  <StrRes Name="211" Text="Orden"/>
  <StrRes Name="212" Text="Nombre:"/>
  <StrRes Name="213" Text="Modo de Impresión"/>
  <StrRes Name="214" Text="Tamaño del papel"/>
  <StrRes Name="216" Text="Duplex"/>
  <StrRes Name="ppAll" Text="Todas las páginas"/>
  <StrRes Name="ppOdd" Text="Páginas impares"/>
  <StrRes Name="ppEven" Text="Páginas impares"/>
  <StrRes Name="pgDefault" Text="Predefinido"/>
  <StrRes Name="pmDefault" Text="Predefinido"/>
  <StrRes Name="pmSplit" Text="Partir páginas grandes"/>
  <StrRes Name="pmJoin" Text="Unir páginas pequeñas"/>
  <StrRes Name="pmScale" Text="Escala"/>
  <StrRes Name="poDirect" Text="Directo (1-9)"/>
  <StrRes Name="poReverse" Text="Inverso (9-1)"/>
  <StrRes Name="300" Text="Buscar texto"/>
  <StrRes Name="301" Text="Texto a buscar:"/>
  <StrRes Name="302" Text="Opciones de búsqueda"/>
  <StrRes Name="303" Text="Reemplazar con"/>
  <StrRes Name="304" Text="Desde el principio"/>
  <StrRes Name="305" Text="Distinguir Mayus/Minus."/>
  <StrRes Name="400" Text="Configurar página"/>
  <StrRes Name="401" Text="Ancho"/>
  <StrRes Name="402" Text="Largo"/>
  <StrRes Name="403" Text="Tamaño"/>
  <StrRes Name="404" Text="Orientación"/>
  <StrRes Name="405" Text="Izquierda"/>
  <StrRes Name="406" Text="Arriba"/>
  <StrRes Name="407" Text="Derecha"/>
  <StrRes Name="408" Text="Abajo"/>
  <StrRes Name="409" Text="Márgenes"/>
  <StrRes Name="410" Text="Vertical"/>
  <StrRes Name="411" Text="Horizontal"/>
  <StrRes Name="412" Text="Otros"/>
  <StrRes Name="413" Text="Aplicar a la página actual"/>
  <StrRes Name="414" Text="Aplicar a todas las páginas"/>
  <StrRes Name="500" Text="Imprimir"/>
  <StrRes Name="501" Text="Impresora"/>
  <StrRes Name="502" Text="Páginas"/>
  <StrRes Name="503" Text="Copias"/>
  <StrRes Name="504" Text="Número de copias"/>
  <StrRes Name="505" Text="Opciones"/>
  <StrRes Name="506" Text="Códigos de Escape"/>
  <StrRes Name="507" Text="Imprimir en archivo"/>
  <StrRes Name="508" Text="Códigos de página OEM"/>
  <StrRes Name="509" Text="Pseudo graficos"/>
  <StrRes Name="510" Text="Archivos de impresora (*.prn)|*.prn"/>
  <StrRes Name="mbConfirm" Text="Confirmar"/>
  <StrRes Name="mbError" Text="Error"/>
  <StrRes Name="mbInfo" Text="Información"/>
  <StrRes Name="xrCantFindClass" Text="Clase no encontrada"/>
  <StrRes Name="prVirtual" Text="Virtual"/>
  <StrRes Name="prDefault" Text="Por defecto"/>
  <StrRes Name="prCustom" Text="Personalizar"/>
  <StrRes Name="enUnconnHeader" Text="Cabecera/Pie no conectadas"/>
  <StrRes Name="enUnconnGroup" Text="No hay banda de datos para el grupo"/>
  <StrRes Name="enUnconnGFooter" Text="No hay cabecera de grupo para"/>
  <StrRes Name="enBandPos" Text="Posición incorrecta para la banda:"/>
  <StrRes Name="dbNotConn" Text="El DataSet %s no está conectado a datos"/>
  <StrRes Name="dbFldNotFound" Text="Campo no encontrado:"/>
  <StrRes Name="clDSNotIncl" Text="(El Dataset no está incluido en los dataset del informe)"/>
  <StrRes Name="clUnknownVar" Text="Variable o campo desconocido:"/>
  <StrRes Name="clScrError" Text="Error en el script en %s: %s"/>
  <StrRes Name="clDSNotExist" Text="El Dataset &#38;#34;%s&#38;#34; no existe"/>
  <StrRes Name="clErrors" Text="Ha ocurrido el siguiente error:"/>
  <StrRes Name="clExprError" Text="Error en la expresión"/>
  <StrRes Name="clFP3files" Text="Preparando el informe"/>
  <StrRes Name="clSaving" Text="Guardando archivo..."/>
  <StrRes Name="clCancel" Text="Cancelar"/>
  <StrRes Name="clClose" Text="Cerrar"/>
  <StrRes Name="clPrinting" Text="Imprimiendo página"/>
  <StrRes Name="clLoading" Text="Cargando archivo..."/>
  <StrRes Name="clPageOf" Text="Página %d de %d"/>
  <StrRes Name="clFirstPass" Text="Primera pasada: página"/>
  <StrRes Name="clNoPrinters" Text="No hay impresoras instaladas en su sistema"/>
  <StrRes Name="clDecompressError" Text="Error al descomprimir el contenedor"/>
  <StrRes Name="prRunningFirst" Text="Primera pasada: página %d"/>
  <StrRes Name="prRunning" Text="Preparando página %d"/>
  <StrRes Name="prPrinting" Text="Imprimiendo página %d"/>
  <StrRes Name="prExporting" Text="Exportando página %d"/>
  <StrRes Name="uCm" Text="cm"/>
  <StrRes Name="uInch" Text="in"/>
  <StrRes Name="uPix" Text="px"/>
  <StrRes Name="uChar" Text="chr"/>
  <StrRes Name="dupDefault" Text="Predeterminada"/>
  <StrRes Name="dupVert" Text="Vertical"/>
  <StrRes Name="dupHorz" Text="Horizontal"/>
  <StrRes Name="dupSimpl" Text="Simple"/>
  <StrRes Name="crFillMx" Text="Llenando los datos cruzados"/>
  <StrRes Name="crBuildMx" Text="Construyendo los datos cruzados"/>
  <StrRes Name="SLangNotFound" Text="Lenguaje '%s' no encontrado"/>
  <StrRes Name="SInvalidLanguage" Text="Lenguaje no válido"/>
  <StrRes Name="SIdRedeclared" Text="Identificador redeclarado:"/>
  <StrRes Name="SUnknownType" Text="Tipo desconocido: "/>
  <StrRes Name="SIncompatibleTypes" Text="Tipos incompatibles"/>
  <StrRes Name="SIdUndeclared" Text="Identificador no declarado: "/>
  <StrRes Name="SClassRequired" Text="Se requiere el tipo de la clase"/>
  <StrRes Name="SIndexRequired" Text="Se requiere un índice"/>
  <StrRes Name="SStringError" Text="La cadena no está entre las propiedades o métodos"/>
  <StrRes Name="SClassError" Text="La clase %s no tiene propiedad por defecto"/>
  <StrRes Name="SArrayRequired" Text="Se requiere un Array"/>
  <StrRes Name="SVarRequired" Text="Variable requirida"/>
  <StrRes Name="SNotEnoughParams" Text="Faltan parámetros"/>
  <StrRes Name="STooManyParams" Text="Sobran parámetros"/>
  <StrRes Name="SLeftCantAssigned" Text="El lado izquierdo no se puede asignar a"/>
  <StrRes Name="SForError" Text="Los bucles For necesitan una variable numérica"/>
  <StrRes Name="SEventError" Text="El manejador del evento ha de ser un procedimiento"/>
  <StrRes Name="600" Text="Expandir todo"/>
  <StrRes Name="601" Text="Contraer todo"/>
  <StrRes Name="clStrNotFound" Text="Text not found"/>
  <StrRes Name="2000" Text="Inspector de Objetos"/>
  <StrRes Name="oiProp" Text="Propiedades"/>
  <StrRes Name="oiEvent" Text="Eventos"/>
  <StrRes Name="2100" Text="Arbol de datos"/>
  <StrRes Name="2101" Text="Datos"/>
  <StrRes Name="2102" Text="Variables"/>
  <StrRes Name="2103" Text="Funciones"/>
  <StrRes Name="2104" Text="Crear campo"/>
  <StrRes Name="2105" Text="Crear título"/>
  <StrRes Name="2106" Text="Clases"/>
  <StrRes Name="dtNoData" Text="Datos no disponibles"/>
  <StrRes Name="dtNoData1" Text="Ir a &#38;#34;Informe/Datos...&#38;#34; menu para añadir orígenes de datos existentes a tu informe, o desde la ventana Datos crear nuevos orígenes de datos"/>
  <StrRes Name="dtData" Text="Datos"/>
  <StrRes Name="dtSysVar" Text="Variables de sistema"/>
  <StrRes Name="dtVar" Text="Variables"/>
  <StrRes Name="dtFunc" Text="Funciones"/>
  <StrRes Name="2200" Text="Indice del informe"/>
  <StrRes Name="2300" Text="Abrir archivo de script"/>
  <StrRes Name="2301" Text="Guardar Script en archivo"/>
  <StrRes Name="2302" Text="Ejecutar Script"/>
  <StrRes Name="2303" Text="Depurar en"/>
  <StrRes Name="2304" Text="Terminar Script"/>
  <StrRes Name="2305" Text="Evaluar"/>
  <StrRes Name="2306" Text="Lenguaje:"/>
  <StrRes Name="2307" Text="Alineación"/>
  <StrRes Name="2308" Text="Alinear al borde Izquierdo"/>
  <StrRes Name="2309" Text="Alinear al centro"/>
  <StrRes Name="2310" Text="Alinear a la derecha"/>
  <StrRes Name="2311" Text="Alinear arriba"/>
  <StrRes Name="2312" Text="Alinear al Centro"/>
  <StrRes Name="2313" Text="Alinear Abajo"/>
  <StrRes Name="2314" Text="Mismo espacio horizontal"/>
  <StrRes Name="2315" Text="Mismo espacio vertical"/>
  <StrRes Name="2316" Text="Centrar horizontalmente en la banda"/>
  <StrRes Name="2317" Text="Centrar Verticalmente en la banda"/>
  <StrRes Name="2318" Text="Mismo ancho"/>
  <StrRes Name="2319" Text="Mismo largo"/>
  <StrRes Name="2320" Text="Texto"/>
  <StrRes Name="2321" Text="Estilo"/>
  <StrRes Name="2322" Text="Fuente"/>
  <StrRes Name="2323" Text="Tamaño"/>
  <StrRes Name="2324" Text="Negrita"/>
  <StrRes Name="2325" Text="Cursiva"/>
  <StrRes Name="2326" Text="Subrayado"/>
  <StrRes Name="2327" Text="Color"/>
  <StrRes Name="2328" Text="Resaltar"/>
  <StrRes Name="2329" Text="Rotación del Texto"/>
  <StrRes Name="2330" Text="Ajuste izquierda"/>
  <StrRes Name="2331" Text="Centrado"/>
  <StrRes Name="2332" Text="Ajuste derecha"/>
  <StrRes Name="2333" Text="Justificado"/>
  <StrRes Name="2334" Text="Ajuste arriba"/>
  <StrRes Name="2335" Text="Centrado"/>
  <StrRes Name="2336" Text="Ajuste abajo"/>
  <StrRes Name="2337" Text="Marco"/>
  <StrRes Name="2338" Text="Línea de arriba del marco"/>
  <StrRes Name="2339" Text="Línea de abajo del marco"/>
  <StrRes Name="2340" Text="Línea izquierda del marco"/>
  <StrRes Name="2341" Text="Línea derecha del marco"/>
  <StrRes Name="2342" Text="Todas las líneas del marco"/>
  <StrRes Name="2343" Text="Sin marco"/>
  <StrRes Name="2344" Text="Sombra"/>
  <StrRes Name="2345" Text="Color de fondo"/>
  <StrRes Name="2346" Text="Color del marco"/>
  <StrRes Name="2347" Text="Estilo de línea"/>
  <StrRes Name="2348" Text="Grosor de líneas"/>
  <StrRes Name="2349" Text="Estandard"/>
  <StrRes Name="2350" Text="Nuevo informe"/>
  <StrRes Name="2351" Text="Abrir informe"/>
  <StrRes Name="2352" Text="Guardar informe"/>
  <StrRes Name="2353" Text="Vista previa"/>
  <StrRes Name="2354" Text="Añadir página"/>
  <StrRes Name="2355" Text="Añadir diálogo"/>
  <StrRes Name="2356" Text="Eliminar página"/>
  <StrRes Name="2357" Text="Opciones de página"/>
  <StrRes Name="2358" Text="Variables"/>
  <StrRes Name="2359" Text="Cortar"/>
  <StrRes Name="2360" Text="Copiar"/>
  <StrRes Name="2361" Text="Pegar"/>
  <StrRes Name="2362" Text="Formato de Copiado"/>
  <StrRes Name="2363" Text="Deshacer"/>
  <StrRes Name="2364" Text="Rehacer"/>
  <StrRes Name="2365" Text="Agrupar"/>
  <StrRes Name="2366" Text="Desagrupar"/>
  <StrRes Name="2367" Text="Mostrar rejilla"/>
  <StrRes Name="2368" Text="Alinear a rejilla"/>
  <StrRes Name="2369" Text="Ajustar a rejilla"/>
  <StrRes Name="2370" Text="Acercamiento"/>
  <StrRes Name="2371" Text="Herramientas Extra"/>
  <StrRes Name="2372" Text="Seleccionar herramienta"/>
  <StrRes Name="2373" Text="Arrastrar"/>
  <StrRes Name="2374" Text="Acercamiento"/>
  <StrRes Name="2375" Text="Editar Texto"/>
  <StrRes Name="2376" Text="Formato de copia"/>
  <StrRes Name="2377" Text="Insertar Banda"/>
  <StrRes Name="2378" Text="&amp;Archivo"/>
  <StrRes Name="2379" Text="&amp;Editar"/>
  <StrRes Name="2380" Text="Buscar..."/>
  <StrRes Name="2381" Text="Buscar siguiente"/>
  <StrRes Name="2382" Text="Reemplazar..."/>
  <StrRes Name="2383" Text="&amp;Informe"/>
  <StrRes Name="2384" Text="Datos..."/>
  <StrRes Name="2385" Text="Opciones..."/>
  <StrRes Name="2386" Text="Estilos..."/>
  <StrRes Name="2387" Text="&amp;Ver"/>
  <StrRes Name="2388" Text="Barras de Herramientas"/>
  <StrRes Name="2389" Text="Estandard"/>
  <StrRes Name="2390" Text="Texto"/>
  <StrRes Name="2391" Text="Marco"/>
  <StrRes Name="2392" Text="Paleta de Alineación"/>
  <StrRes Name="2393" Text="Herramientas Extra"/>
  <StrRes Name="2394" Text="Inspector de Objetos"/>
  <StrRes Name="2395" Text="Arbol de Datos"/>
  <StrRes Name="2396" Text="Arbol del Informe"/>
  <StrRes Name="2397" Text="Reglas"/>
  <StrRes Name="2398" Text="Guias"/>
  <StrRes Name="2399" Text="Eliminar Guias"/>
  <StrRes Name="2400" Text="Opciones..."/>
  <StrRes Name="2401" Text="A&amp;yuda"/>
  <StrRes Name="2402" Text="Contenido de la ayuda..."/>
  <StrRes Name="2403" Text="Sobre FastReport..."/>
  <StrRes Name="2404" Text="Orden de tabulación..."/>
  <StrRes Name="2405" Text="Deshacer"/>
  <StrRes Name="2406" Text="Rehacer"/>
  <StrRes Name="2407" Text="Cortar"/>
  <StrRes Name="2408" Text="Copiar"/>
  <StrRes Name="2409" Text="Pegar"/>
  <StrRes Name="2410" Text="Agrupar"/>
  <StrRes Name="2411" Text="Desagrupar"/>
  <StrRes Name="2412" Text="Borrar"/>
  <StrRes Name="2413" Text="Eliminar página"/>
  <StrRes Name="2414" Text="Seleccionar Todo"/>
  <StrRes Name="2415" Text="Editar..."/>
  <StrRes Name="2416" Text="Traer al frente"/>
  <StrRes Name="2417" Text="Enviar Atrás"/>
  <StrRes Name="2418" Text="Nuevo..."/>
  <StrRes Name="2419" Text="Nuevo informe"/>
  <StrRes Name="2420" Text="Añadir página"/>
  <StrRes Name="2421" Text="Añadir diálogo"/>
  <StrRes Name="2422" Text="Abrir..."/>
  <StrRes Name="2423" Text="Guardar"/>
  <StrRes Name="2424" Text="Guardar como..."/>
  <StrRes Name="2425" Text="Variables..."/>
  <StrRes Name="2426" Text="Opciones de página..."/>
  <StrRes Name="2427" Text="Vista Previa"/>
  <StrRes Name="2428" Text="Salir"/>
  <StrRes Name="2429" Text="Título del Informe"/>
  <StrRes Name="2430" Text="Sumario del Informe"/>
  <StrRes Name="2431" Text="Cabecera de página"/>
  <StrRes Name="2432" Text="Pie de página"/>
  <StrRes Name="2433" Text="Cabecera"/>
  <StrRes Name="2434" Text="Pie"/>
  <StrRes Name="2435" Text="Datos maestros"/>
  <StrRes Name="2436" Text="Datos de detalle"/>
  <StrRes Name="2437" Text="Datos de subdetalle"/>
  <StrRes Name="2438" Text="Datos de 4º nivel"/>
  <StrRes Name="2439" Text="Datos de 5º nivel"/>
  <StrRes Name="2440" Text="Datos de 6º nivel"/>
  <StrRes Name="2441" Text="Cabecera de grupo"/>
  <StrRes Name="2442" Text="Pie de grupo"/>
  <StrRes Name="2443" Text="Hija"/>
  <StrRes Name="2444" Text="Cabecera de columna"/>
  <StrRes Name="2445" Text="Pie de columna"/>
  <StrRes Name="2446" Text="Superpuesto"/>
  <StrRes Name="2447" Text="Banda vertical"/>
  <StrRes Name="2448" Text="Cabecera"/>
  <StrRes Name="2449" Text="Pie"/>
  <StrRes Name="2450" Text="Datos maestros"/>
  <StrRes Name="2451" Text="Datos de detalle"/>
  <StrRes Name="2452" Text="Datos de subdetalle"/>
  <StrRes Name="2453" Text="Cabecera de grupo"/>
  <StrRes Name="2454" Text="Pie de grupo"/>
  <StrRes Name="2455" Text="Hija"/>
  <StrRes Name="2456" Text="0°"/>
  <StrRes Name="2457" Text="45°"/>
  <StrRes Name="2458" Text="90°"/>
  <StrRes Name="2459" Text="180°"/>
  <StrRes Name="2460" Text="270°"/>
  <StrRes Name="2461" Text="Opciones de Fuentes"/>
  <StrRes Name="2462" Text="Negrita"/>
  <StrRes Name="2463" Text="Cursiva"/>
  <StrRes Name="2464" Text="Subrayado"/>
  <StrRes Name="2465" Text="SuperScript"/>
  <StrRes Name="2466" Text="SubScript"/>
  <StrRes Name="2467" Text="Condensada"/>
  <StrRes Name="2468" Text="Ancho"/>
  <StrRes Name="2469" Text="12 cpi"/>
  <StrRes Name="2470" Text="15 cpi"/>
  <StrRes Name="2471" Text="Informe (*.fr3)|*.fr3"/>
  <StrRes Name="2472" Text="Archivos Pascal (*.pas)|*.pas|C++ files (*.cpp)|*.cpp|JavaScript files (*.js)|*.js|Basic files (*.vb)|*.vb|All files|*.*"/>
  <StrRes Name="2473" Text="Archivos Pascal (*.pas)|*.pas|C++ files (*.cpp)|*.cpp|JavaScript files (*.js)|*.js|Basic files (*.vb)|*.vb|All files|*.*"/>
  <StrRes Name="2474" Text="Conexiones..."/>
  <StrRes Name="2475" Text="Idioma"/>
  <StrRes Name="2476" Text="Activar breakpoint"/>
  <StrRes Name="2477" Text="Ejecutar hasta el cursor"/>
  <StrRes Name="2478" Text="Añadir child band"/>
  <StrRes Name="dsCm" Text="Centímetros"/>
  <StrRes Name="dsInch" Text="Pulgadas"/>
  <StrRes Name="dsPix" Text="Pixeles"/>
  <StrRes Name="dsChars" Text="Caracteres"/>
  <StrRes Name="dsCode" Text="Código"/>
  <StrRes Name="dsData" Text="Data"/>
  <StrRes Name="dsPage" Text="Página"/>
  <StrRes Name="dsRepFilter" Text="Informe (*.fr3)|*.fr3"/>
  <StrRes Name="dsComprRepFilter" Text="Informe Comprimido (*.fr3)|*.fr3"/>
  <StrRes Name="dsSavePreviewChanges" Text="¿Guardar los cambios de la vista previa?"/>
  <StrRes Name="dsSaveChangesTo" Text="¿Guardar cambios en"/>
  <StrRes Name="dsCantLoad" Text="No se puede cargar el archivo"/>
  <StrRes Name="dsStyleFile" Text="Estilo"/>
  <StrRes Name="dsCantFindProc" Text="No se puede localizar el procedimiento principal"/>
  <StrRes Name="dsClearScript" Text="Esto borrarrá todo el código ¿Desea continuar?"/>
  <StrRes Name="dsNoStyle" Text="Sin estilo"/>
  <StrRes Name="dsStyleSample" Text="Estilos de ejemplo"/>
  <StrRes Name="dsTextNotFound" Text="Texto '%s' no encontrado"/>
  <StrRes Name="dsReplace" Text="¿Reemplazar '%s'?"/>
  <StrRes Name="2600" Text="Acerca de FastReport"/>
  <StrRes Name="2601" Text="Para más información, visite:"/>
  <StrRes Name="2602" Text="Ventas:"/>
  <StrRes Name="2603" Text="Soporte:"/>
  <StrRes Name="2700" Text="Opciones de Página"/>
  <StrRes Name="2701" Text="Papel"/>
  <StrRes Name="2702" Text="Ancho"/>
  <StrRes Name="2703" Text="Largo"/>
  <StrRes Name="2704" Text="Tamaño"/>
  <StrRes Name="2705" Text="Orientación"/>
  <StrRes Name="2706" Text="Izquierda"/>
  <StrRes Name="2707" Text="Arriba"/>
  <StrRes Name="2708" Text="Derecha"/>
  <StrRes Name="2709" Text="Abajo"/>
  <StrRes Name="2710" Text="Margenes"/>
  <StrRes Name="2711" Text="Origen del Papel"/>
  <StrRes Name="2712" Text="Primera página"/>
  <StrRes Name="2713" Text="Otras páginas"/>
  <StrRes Name="2714" Text="Vertical"/>
  <StrRes Name="2715" Text="Horizontal"/>
  <StrRes Name="2716" Text="Otras Opciones"/>
  <StrRes Name="2717" Text="Columnas"/>
  <StrRes Name="2718" Text="Número"/>
  <StrRes Name="2719" Text="Ancho"/>
  <StrRes Name="2720" Text="Posiciones"/>
  <StrRes Name="2721" Text="Otros"/>
  <StrRes Name="2722" Text="Duplex"/>
  <StrRes Name="2723" Text="Imprimir la página previa"/>
  <StrRes Name="2724" Text="Márgenes idénticos"/>
  <StrRes Name="2725" Text="Gran altura en modo diseño"/>
  <StrRes Name="2726" Text="Anchura sin fin de la página"/>
  <StrRes Name="2727" Text="Altura sin fin en la página"/>
  <StrRes Name="2800" Text="Seleccionar Datos del Informe"/>
  <StrRes Name="2900" Text="Editar Variables"/>
  <StrRes Name="2901" Text="Categoría"/>
  <StrRes Name="2902" Text="Variable"/>
  <StrRes Name="2903" Text="Editar"/>
  <StrRes Name="2904" Text="Borrar"/>
  <StrRes Name="2905" Text="Lista"/>
  <StrRes Name="2906" Text="Abrir"/>
  <StrRes Name="2907" Text="Guardar"/>
  <StrRes Name="2908" Text=" Expresión:"/>
  <StrRes Name="2909" Text="Diccionario (*.fd3)|*.fd3"/>
  <StrRes Name="2910" Text="Diccionario (*.fd3)|*.fd3"/>
  <StrRes Name="vaNoVar" Text="(no hay variables definidas)"/>
  <StrRes Name="vaVar" Text="Variables"/>
  <StrRes Name="vaDupName" Text="Nombre Duplicado"/>
  <StrRes Name="3000" Text="Opciones del diseñador"/>
  <StrRes Name="3001" Text="Rejilla"/>
  <StrRes Name="3002" Text="Tipo"/>
  <StrRes Name="3003" Text="Tamaño"/>
  <StrRes Name="3004" Text="Ventana de diálogo:"/>
  <StrRes Name="3005" Text="Otros"/>
  <StrRes Name="3006" Text="Fuentes"/>
  <StrRes Name="3007" Text="Ventana de Código"/>
  <StrRes Name="3008" Text="Editor de Memo"/>
  <StrRes Name="3009" Text="Tamaño"/>
  <StrRes Name="3010" Text="Tamaño"/>
  <StrRes Name="3011" Text="Colores"/>
  <StrRes Name="3012" Text="Separación entre bandas:"/>
  <StrRes Name="3013" Text="cm"/>
  <StrRes Name="3014" Text="in"/>
  <StrRes Name="3015" Text="pt"/>
  <StrRes Name="3016" Text="pt"/>
  <StrRes Name="3017" Text="pt"/>
  <StrRes Name="3018" Text="Centimetros:"/>
  <StrRes Name="3019" Text="Pulgadas:"/>
  <StrRes Name="3020" Text="Pixeles:"/>
  <StrRes Name="3021" Text="Mostrar rejilla"/>
  <StrRes Name="3022" Text="Alinear a la Rejilla"/>
  <StrRes Name="3023" Text="Mostrar el editor después de insertar"/>
  <StrRes Name="3024" Text="Usar las opciones de fuentes"/>
  <StrRes Name="3025" Text="Area de trabajo"/>
  <StrRes Name="3026" Text="Ventana de herramientas"/>
  <StrRes Name="3027" Text="Color LCD en rejilla"/>
  <StrRes Name="3028" Text="Colocación libre de las bandas"/>
  <StrRes Name="3029" Text="Mostrar lista de campos"/>
  <StrRes Name="3030" Text="Mostrar pantalla de inicio"/>
  <StrRes Name="3031" Text="Valores por defecto"/>
  <StrRes Name="3032" Text="Mostrar el nombre de las bandas"/>
  <StrRes Name="3100" Text="Seleccionar DataSet"/>
  <StrRes Name="3101" Text="Número de registros:"/>
  <StrRes Name="dbNotAssigned" Text="[no asignado]"/>
  <StrRes Name="3200" Text="Grupo"/>
  <StrRes Name="3201" Text="Romper en"/>
  <StrRes Name="3202" Text="Opciones"/>
  <StrRes Name="3203" Text="Campo"/>
  <StrRes Name="3204" Text="Expresión"/>
  <StrRes Name="3205" Text="Unir grupos"/>
  <StrRes Name="3206" Text="Empezar con página en blanco"/>
  <StrRes Name="3207" Text="Mostrar resumen"/>
  <StrRes Name="3300" Text="Memo de sistema"/>
  <StrRes Name="3301" Text="Banda de Datos"/>
  <StrRes Name="3302" Text="Datos"/>
  <StrRes Name="3303" Text="Campo"/>
  <StrRes Name="3304" Text="Función"/>
  <StrRes Name="3305" Text="Expresión"/>
  <StrRes Name="3306" Text="Agregar valor"/>
  <StrRes Name="3307" Text="Variable de Sistema"/>
  <StrRes Name="3308" Text="Contar bandas no visibles"/>
  <StrRes Name="3309" Text="Texto"/>
  <StrRes Name="3310" Text="Ejecutar"/>
  <StrRes Name="agAggregate" Text="Insertar agregación"/>
  <StrRes Name="vt1" Text="[FECHA]"/>
  <StrRes Name="vt2" Text="[HORA]"/>
  <StrRes Name="vt3" Text="[PAGINA#]"/>
  <StrRes Name="vt4" Text="[TOTALPAGINAS#]"/>
  <StrRes Name="vt5" Text="[PAGINA#] of [TOTALPAGINAS#]"/>
  <StrRes Name="vt6" Text="[LINEA#]"/>
  <StrRes Name="3400" Text="Objeto OLE"/>
  <StrRes Name="3401" Text="Insertar..."/>
  <StrRes Name="3402" Text="Editar..."/>
  <StrRes Name="3403" Text="Cerrar"/>
  <StrRes Name="olStretched" Text="Ajustado"/>
  <StrRes Name="3500" Text="Editor de códigos de barras"/>
  <StrRes Name="3501" Text="Código"/>
  <StrRes Name="3502" Text="Tipo de Barra"/>
  <StrRes Name="3503" Text="Acercamiento:"/>
  <StrRes Name="3504" Text="Opciones"/>
  <StrRes Name="3505" Text="Rotación"/>
  <StrRes Name="3506" Text="Verificación"/>
  <StrRes Name="3507" Text="Texto"/>
  <StrRes Name="3508" Text="0°"/>
  <StrRes Name="3509" Text="90°"/>
  <StrRes Name="3510" Text="180°"/>
  <StrRes Name="3511" Text="270°"/>
  <StrRes Name="bcCalcChecksum" Text="Verificación"/>
  <StrRes Name="bcShowText" Text="Mostrar Texto"/>
  <StrRes Name="3600" Text="Editar Alias"/>
  <StrRes Name="3601" Text="Presionar INTRO para editar el item"/>
  <StrRes Name="3602" Text="Alias de Dataset"/>
  <StrRes Name="3603" Text="Campos de alias"/>
  <StrRes Name="3604" Text="Resetear"/>
  <StrRes Name="3605" Text="Actualizar"/>
  <StrRes Name="alUserName" Text="Nombre de Usuario"/>
  <StrRes Name="alOriginal" Text="Nombre Original"/>
  <StrRes Name="3700" Text="Editor de Parametros"/>
  <StrRes Name="qpName" Text="Nombre"/>
  <StrRes Name="qpDataType" Text="Tipo de Dato"/>
  <StrRes Name="qpValue" Text="Valor"/>
  <StrRes Name="3800" Text="Union Maestro-Detalle"/>
  <StrRes Name="3801" Text="Campos de Detalle"/>
  <StrRes Name="3802" Text="Campos Maestros"/>
  <StrRes Name="3803" Text="Campos de Unión"/>
  <StrRes Name="3804" Text="Añadir"/>
  <StrRes Name="3805" Text="Borrar"/>
  <StrRes Name="3900" Text="Memo"/>
  <StrRes Name="3901" Text="Insertar Expresión"/>
  <StrRes Name="3902" Text="Insertar Agregate"/>
  <StrRes Name="3903" Text="Insertar Formateando"/>
  <StrRes Name="3904" Text="Ajuste de palabras"/>
  <StrRes Name="3905" Text="Texto"/>
  <StrRes Name="3906" Text="Formato"/>
  <StrRes Name="3907" Text="Resaltado"/>
  <StrRes Name="4000" Text="Imagen"/>
  <StrRes Name="4001" Text="Cargar"/>
  <StrRes Name="4002" Text="Copiar"/>
  <StrRes Name="4003" Text="Pegar"/>
  <StrRes Name="4004" Text="Limpiar"/>
  <StrRes Name="piEmpty" Text="Vacío"/>
  <StrRes Name="4100" Text="Editor de caracteres"/>
  <StrRes Name="4101" Text="Añadir Series"/>
  <StrRes Name="4102" Text="Borrar Series"/>
  <StrRes Name="4103" Text="Editar Gráfico"/>
  <StrRes Name="4104" Text="Banda origen"/>
  <StrRes Name="4105" Text="Datos fijos"/>
  <StrRes Name="4106" Text="Datos"/>
  <StrRes Name="4107" Text="Origen de Datos"/>
  <StrRes Name="4108" Text="Values"/>
  <StrRes Name="4109" Text="Selecione las series del gráfico o añada una nueva."/>
  <StrRes Name="4114" Text="Otras opciones"/>
  <StrRes Name="4115" Text="Valores TopN"/>
  <StrRes Name="4116" Text="Título TopN"/>
  <StrRes Name="4117" Text="Ordenado"/>
  <StrRes Name="4126" Text="X Axis"/>
  <StrRes Name="ch3D" Text="Ver en 3D"/>
  <StrRes Name="chAxis" Text="Mostrar ejes"/>
  <StrRes Name="chsoNone" Text="Ninguno"/>
  <StrRes Name="chsoAscending" Text="Ascendente"/>
  <StrRes Name="chsoDescending" Text="Descendente"/>
  <StrRes Name="chxtText" Text="Text"/>
  <StrRes Name="chxtNumber" Text="Numérico"/>
  <StrRes Name="chxtDate" Text="Fecha"/>
  <StrRes Name="4200" Text="Editor de texto enriquecido"/>
  <StrRes Name="4201" Text="Abrir archivo"/>
  <StrRes Name="4202" Text="Guardar en archivo"/>
  <StrRes Name="4203" Text="Deshacer"/>
  <StrRes Name="4204" Text="Fuente"/>
  <StrRes Name="4205" Text="Insertar Expresión"/>
  <StrRes Name="4206" Text="Negrita"/>
  <StrRes Name="4207" Text="Cursiva"/>
  <StrRes Name="4208" Text="Subrayado"/>
  <StrRes Name="4209" Text="Ajuste Izquierda"/>
  <StrRes Name="4210" Text="Centrado"/>
  <StrRes Name="4211" Text="Ajuste derecha"/>
  <StrRes Name="4212" Text="Justificado"/>
  <StrRes Name="4213" Text="Viñetas"/>
  <StrRes Name="4300" Text="Editor de datos cruzados"/>
  <StrRes Name="4301" Text="Datos"/>
  <StrRes Name="4302" Text="Dimensiones"/>
  <StrRes Name="4303" Text="Filas"/>
  <StrRes Name="4304" Text="Columnas"/>
  <StrRes Name="4305" Text="Celdas"/>
  <StrRes Name="4306" Text="Estructura de datos cruzados"/>
  <StrRes Name="4307" Text="Cabecera de fila"/>
  <StrRes Name="4308" Text="Cabecera de columna"/>
  <StrRes Name="4309" Text="Totales de la fila"/>
  <StrRes Name="4310" Text="Totales de la columna"/>
  <StrRes Name="4311" Text="Intercambio filas/columnas"/>
  <StrRes Name="4312" Text="Seleccione estilo"/>
  <StrRes Name="4313" Text="Salvar estilo actual..."/>
  <StrRes Name="4314" Text="Mostrar Título"/>
  <StrRes Name="4315" Text="Mostrar esquina"/>
  <StrRes Name="4316" Text="Reimprimir cabeceras en nueva página"/>
  <StrRes Name="4317" Text="Auto-ajustar"/>
  <StrRes Name="4318" Text="Borde alrrededor celdas"/>
  <StrRes Name="4319" Text="Imprimir abajo luego cuzado"/>
  <StrRes Name="4320" Text="Celdas lado a lado"/>
  <StrRes Name="4321" Text="Juntar celdas iguales"/>
  <StrRes Name="4322" Text="Ninguno"/>
  <StrRes Name="4323" Text="Suma"/>
  <StrRes Name="4324" Text="Minimo"/>
  <StrRes Name="4325" Text="Máximo"/>
  <StrRes Name="4326" Text="Promedio"/>
  <StrRes Name="4327" Text="Contar"/>
  <StrRes Name="4328" Text="Ascendente (A-Z)"/>
  <StrRes Name="4329" Text="Descendente (Z-A)"/>
  <StrRes Name="4330" Text="Ninguno"/>
  <StrRes Name="crStName" Text="Introduzca nombre del estilo:"/>
  <StrRes Name="crResize" Text="Para reajustar un cross-tab, establezca su &#38;#34;AutoSize&#38;#34; propiedad a False."/>
  <StrRes Name="crSubtotal" Text="Subtotal"/>
  <StrRes Name="crNone" Text="Ninguno"/>
  <StrRes Name="crSum" Text="Suma"/>
  <StrRes Name="crMin" Text="Mínimo"/>
  <StrRes Name="crMax" Text="Máximo"/>
  <StrRes Name="crAvg" Text="Promedio"/>
  <StrRes Name="crCount" Text="Contar"/>
  <StrRes Name="crAsc" Text="A-Z"/>
  <StrRes Name="crDesc" Text="Z-A"/>
  <StrRes Name="4400" Text="Editor de expresiones"/>
  <StrRes Name="4401" Text="Expresión:"/>
  <StrRes Name="4500" Text="Formato de visualización"/>
  <StrRes Name="4501" Text="Categoría"/>
  <StrRes Name="4502" Text="Formato"/>
  <StrRes Name="4503" Text="Formato texto:"/>
  <StrRes Name="4504" Text="Separador de decimales:"/>
  <StrRes Name="fkText" Text="Texto (ninguno)"/>
  <StrRes Name="fkNumber" Text="Número"/>
  <StrRes Name="fkDateTime" Text="Fecha/Hora"/>
  <StrRes Name="fkBoolean" Text="Lógico"/>
  <StrRes Name="fkNumber1" Text="1234.5;%g"/>
  <StrRes Name="fkNumber2" Text="1234.50;%2.2f"/>
  <StrRes Name="fkNumber3" Text="1,234.50;%2.2n"/>
  <StrRes Name="fkNumber4" Text="$1,234.50;%2.2m"/>
  <StrRes Name="fkDateTime1" Text="11.28.2002;mm.dd.aaaa"/>
  <StrRes Name="fkDateTime2" Text="28 nov 2002;dd mmm aaaa"/>
  <StrRes Name="fkDateTime3" Text="Noviembre 28, 2002;mmmm dd, aaaa"/>
  <StrRes Name="fkDateTime4" Text="02:14;hh:mm"/>
  <StrRes Name="fkDateTime5" Text="02:14am;hh:mm am/pm"/>
  <StrRes Name="fkDateTime6" Text="02:14:00;hh:mm:ss"/>
  <StrRes Name="fkDateTime7" Text="02:14am, Noviembre 28, 2002;hh:mm am/pm, mmmm dd, aaaa"/>
  <StrRes Name="fkBoolean1" Text="0,1;0,1"/>
  <StrRes Name="fkBoolean2" Text="No,Si;No,Si"/>
  <StrRes Name="fkBoolean3" Text="_,x;_,x"/>
  <StrRes Name="fkBoolean4" Text="Falso,Verdadero;Falso,Verdadero"/>
  <StrRes Name="4600" Text="Resaltado"/>
  <StrRes Name="4601" Text="Color..."/>
  <StrRes Name="4602" Text="Color..."/>
  <StrRes Name="4603" Text="Condición"/>
  <StrRes Name="4604" Text="Fuente"/>
  <StrRes Name="4605" Text="Fondo"/>
  <StrRes Name="4606" Text="Negrita"/>
  <StrRes Name="4607" Text="Cursiva"/>
  <StrRes Name="4608" Text="Subrayado"/>
  <StrRes Name="4609" Text="Transparente"/>
  <StrRes Name="4610" Text="Otros"/>
  <StrRes Name="4700" Text="Opciones del informe"/>
  <StrRes Name="4701" Text="General"/>
  <StrRes Name="4702" Text="Impresora"/>
  <StrRes Name="4703" Text="Copias"/>
  <StrRes Name="4704" Text="General"/>
  <StrRes Name="4705" Text="Contraseña"/>
  <StrRes Name="4706" Text="Copias intercaladas"/>
  <StrRes Name="4707" Text="Doble pasada"/>
  <StrRes Name="4708" Text="Imprimir aunque esté en blanco"/>
  <StrRes Name="4709" Text="Descripción"/>
  <StrRes Name="4710" Text="Nombre"/>
  <StrRes Name="4711" Text="Descripción"/>
  <StrRes Name="4712" Text="Imagen"/>
  <StrRes Name="4713" Text="Autor"/>
  <StrRes Name="4714" Text="Mayor"/>
  <StrRes Name="4715" Text="Menor"/>
  <StrRes Name="4716" Text="Revisión"/>
  <StrRes Name="4717" Text="Acumulado"/>
  <StrRes Name="4718" Text="Creado"/>
  <StrRes Name="4719" Text="Modificado"/>
  <StrRes Name="4720" Text="Descripción"/>
  <StrRes Name="4721" Text="Version"/>
  <StrRes Name="4722" Text="Examinar..."/>
  <StrRes Name="4723" Text="Ajustes de la Herencia"/>
  <StrRes Name="4724" Text="Seleccione una Opción:"/>
  <StrRes Name="4725" Text="Sin cambios"/>
  <StrRes Name="4726" Text="Separar el informe base"/>
  <StrRes Name="4727" Text="Heredar del informe base"/>
  <StrRes Name="4728" Text="Herencia"/>
  <StrRes Name="4729" Text="Plantilla path :"/>
  <StrRes Name="rePrnOnPort" Text="en"/>
  <StrRes Name="riNotInherited" Text="No heredar de este informe"/>
  <StrRes Name="riInherited" Text="Este informe se ha heredado de: %s"/>
  <StrRes Name="4800" Text="Líneas"/>
  <StrRes Name="4900" Text="SQL"/>
  <StrRes Name="4901" Text="Constructor de consultas"/>
  <StrRes Name="5000" Text="Contraseña"/>
  <StrRes Name="5001" Text="Introduzca contraseña:"/>
  <StrRes Name="5100" Text="Editor de Estilos"/>
  <StrRes Name="5101" Text="Color..."/>
  <StrRes Name="5102" Text="Fuente..."/>
  <StrRes Name="5103" Text="Marco..."/>
  <StrRes Name="5104" Text="Añadir"/>
  <StrRes Name="5105" Text="Borrar"/>
  <StrRes Name="5106" Text="Editar"/>
  <StrRes Name="5107" Text="Cargar"/>
  <StrRes Name="5108" Text="Guardar"/>
  <StrRes Name="5200" Text="Editor de Marcos"/>
  <StrRes Name="5201" Text="Marco"/>
  <StrRes Name="5202" Text="Línea de Marco"/>
  <StrRes Name="5203" Text="Sombra"/>
  <StrRes Name="5204" Text="Línea de arriba"/>
  <StrRes Name="5205" Text="Línea de abajo"/>
  <StrRes Name="5206" Text="Línea de la izquierda"/>
  <StrRes Name="5207" Text="Línea de la derecha"/>
  <StrRes Name="5208" Text="Marco completo"/>
  <StrRes Name="5209" Text="Sin marco"/>
  <StrRes Name="5210" Text="Color del marco"/>
  <StrRes Name="5211" Text="Estilo del marco"/>
  <StrRes Name="5212" Text="Grosor de línea"/>
  <StrRes Name="5213" Text="Sombra"/>
  <StrRes Name="5214" Text="Color de sombra"/>
  <StrRes Name="5215" Text="Grosor de la sombra"/>
  <StrRes Name="5300" Text="Nuevo elemento"/>
  <StrRes Name="5301" Text="Elementos"/>
  <StrRes Name="5302" Text="Plantillas"/>
  <StrRes Name="5303" Text="Heredar el informe"/>
  <StrRes Name="5400" Text="Orden de edición"/>
  <StrRes Name="5401" Text="Lista de Controles:"/>
  <StrRes Name="5402" Text="Arriba"/>
  <StrRes Name="5403" Text="Abajo"/>
  <StrRes Name="5500" Text="Evaluar"/>
  <StrRes Name="5501" Text="Expresión"/>
  <StrRes Name="5502" Text="Resultado"/>
  <StrRes Name="5600" Text="Asistente de informes"/>
  <StrRes Name="5601" Text="Datos"/>
  <StrRes Name="5602" Text="Campos"/>
  <StrRes Name="5603" Text="Grupos"/>
  <StrRes Name="5604" Text="Disposición"/>
  <StrRes Name="5605" Text="Estilo"/>
  <StrRes Name="5606" Text="Paso 1. Seleccionar los Datos."/>
  <StrRes Name="5607" Text="Paso 2. Seleccionar los campos que se mostrarán."/>
  <StrRes Name="5608" Text="Paso 3. Crear grupos (opcional)."/>
  <StrRes Name="5609" Text="Paso 4. Definir la orientación de página y la disposición de los datos."/>
  <StrRes Name="5610" Text="Paso 5. Escoger el estilo del informe."/>
  <StrRes Name="5611" Text="Añadir &#62;"/>
  <StrRes Name="5612" Text="Añadir todos &#62;&#62;"/>
  <StrRes Name="5613" Text="&#60; Quitar"/>
  <StrRes Name="5614" Text="&#60;&#60; Quitar todos"/>
  <StrRes Name="5615" Text="Añadir &#62;"/>
  <StrRes Name="5616" Text="&#60; Quitar"/>
  <StrRes Name="5617" Text="Seleccionar campos:"/>
  <StrRes Name="5618" Text="Campos disponibles:"/>
  <StrRes Name="5619" Text="Grupos:"/>
  <StrRes Name="5620" Text="Orientación"/>
  <StrRes Name="5621" Text="Disposición"/>
  <StrRes Name="5622" Text="Vertical"/>
  <StrRes Name="5623" Text="Horizontal"/>
  <StrRes Name="5624" Text="Datos tabulados"/>
  <StrRes Name="5625" Text="En Columnas"/>
  <StrRes Name="5626" Text="Ajustar los campos a la anchura de página"/>
  <StrRes Name="5627" Text="Atrás"/>
  <StrRes Name="5628" Text="Siguiente"/>
  <StrRes Name="5629" Text="Finalizar"/>
  <StrRes Name="5630" Text="Nueva tabla..."/>
  <StrRes Name="5631" Text="Nueva consulta..."/>
  <StrRes Name="5632" Text="Seleccionar la base de datos:"/>
  <StrRes Name="5633" Text="Seleccionar una tabla:"/>
  <StrRes Name="5634" Text="o"/>
  <StrRes Name="5635" Text="Crear una consulta..."/>
  <StrRes Name="5636" Text="Configurar la conexión"/>
  <StrRes Name="wzStd" Text="Asistente para Informes Estandard"/>
  <StrRes Name="wzDMP" Text="Asistente para Informes en Matricial"/>
  <StrRes Name="wzStdEmpty" Text="Informe Estandard"/>
  <StrRes Name="wzDMPEmpty" Text="Informe para Matricial"/>
  <StrRes Name="5700" Text="Asistente de Conexión"/>
  <StrRes Name="5701" Text="Conexión"/>
  <StrRes Name="5702" Text="Escoger el tipo de conexión:"/>
  <StrRes Name="5703" Text="Escoger la base de datos:"/>
  <StrRes Name="5704" Text="Usuario"/>
  <StrRes Name="5705" Text="Contraseña"/>
  <StrRes Name="5706" Text="Pedir Usuario"/>
  <StrRes Name="5707" Text="Usar Usuario/contraseña:"/>
  <StrRes Name="5708" Text="Tabla"/>
  <StrRes Name="5709" Text="Escoger nombre de tabla:"/>
  <StrRes Name="5710" Text="Filtrar registros:"/>
  <StrRes Name="5711" Text="Consulta"/>
  <StrRes Name="5712" Text="Sentencia SQL:"/>
  <StrRes Name="5713" Text="Constructor de Consultas"/>
  <StrRes Name="5714" Text="Editar los Parámetros de la Consulta"/>
  <StrRes Name="ftAllFiles" Text="Todos los archivos"/>
  <StrRes Name="ftPictures" Text="Imágenes"/>
  <StrRes Name="ftDB" Text="Bases de datos"/>
  <StrRes Name="ftRichFile" Text="Texto enriquecido"/>
  <StrRes Name="ftTextFile" Text="Archivo de texto"/>
  <StrRes Name="prNotAssigned" Text="(No asignado)"/>
  <StrRes Name="prInvProp" Text="Valor no válido"/>
  <StrRes Name="prDupl" Text="Nombre Duplicado"/>
  <StrRes Name="prPict" Text="(Imagen)"/>
  <StrRes Name="mvExpr" Text="Permitir Expresiones"/>
  <StrRes Name="mvStretch" Text="Ajustado"/>
  <StrRes Name="mvStretchToMax" Text="Ajustar al ancho máximo"/>
  <StrRes Name="mvShift" Text="Cambiado"/>
  <StrRes Name="mvShiftOver" Text="Cambiar cuando se solape"/>
  <StrRes Name="mvVisible" Text="Visible"/>
  <StrRes Name="mvPrintable" Text="Imprimible"/>
  <StrRes Name="mvFont" Text="Fuente..."/>
  <StrRes Name="mvFormat" Text="Formato de visualización..."/>
  <StrRes Name="mvClear" Text="Borrar Contenido"/>
  <StrRes Name="mvAutoWidth" Text="Ancho Automático"/>
  <StrRes Name="mvWWrap" Text="Ajuste de palabras"/>
  <StrRes Name="mvSuppress" Text="Suprimir Valores Repetidos"/>
  <StrRes Name="mvHideZ" Text="Ocultar ceros"/>
  <StrRes Name="mvHTML" Text="Permitir etiquetas HTML"/>
  <StrRes Name="lvDiagonal" Text="Diagonal"/>
  <StrRes Name="pvAutoSize" Text="Tamaño Automático"/>
  <StrRes Name="pvCenter" Text="Centrado"/>
  <StrRes Name="pvAspect" Text="Conservar el aspecto"/>
  <StrRes Name="bvSplit" Text="Permitir separación"/>
  <StrRes Name="bvKeepChild" Text="Conservar junto al hijo"/>
  <StrRes Name="bvPrintChild" Text="Imprimir Hija si Invisible"/>
  <StrRes Name="bvStartPage" Text="Iniciar página nueva"/>
  <StrRes Name="bvPrintIfEmpty" Text="Imprimir si Detalle Vacío"/>
  <StrRes Name="bvKeepDetail" Text="Conservar Junto al Detalle"/>
  <StrRes Name="bvKeepFooter" Text="Conservar Junto a su Pie"/>
  <StrRes Name="bvReprint" Text="Reimprimir en Nueva Página"/>
  <StrRes Name="bvOnFirst" Text="Imprimir en Primera Página"/>
  <StrRes Name="bvOnLast" Text="Imprimir En Ultima Página"/>
  <StrRes Name="bvKeepGroup" Text="Conservar Junto"/>
  <StrRes Name="bvFooterAfterEach" Text="Pie después de cada fila"/>
  <StrRes Name="bvDrillDown" Text="Perforar-Abajo"/>
  <StrRes Name="bvResetPageNo" Text="Reinicializa el número de Páginas"/>
  <StrRes Name="srParent" Text="Imprimir en el Padre"/>
  <StrRes Name="bvKeepHeader" Text="Mantener encabezados juntos"/>
  <StrRes Name="obCatDraw" Text="Arrastrar"/>
  <StrRes Name="obCatOther" Text="Otros objetos"/>
  <StrRes Name="obCatOtherControls" Text="Otros controles"/>
  <StrRes Name="obDiagLine" Text="Línea Diagonal"/>
  <StrRes Name="obRect" Text="Rectangulo"/>
  <StrRes Name="obRoundRect" Text="Rectángulo Redondeado"/>
  <StrRes Name="obEllipse" Text="Elipse"/>
  <StrRes Name="obTrian" Text="Triangulo"/>
  <StrRes Name="obDiamond" Text="Diamante"/>
  <StrRes Name="obLabel" Text="Etiqueta"/>
  <StrRes Name="obEdit" Text="Control de Edición"/>
  <StrRes Name="obMemoC" Text="Memo"/>
  <StrRes Name="obButton" Text="Botón"/>
  <StrRes Name="obChBoxC" Text="Casilla de verificación"/>
  <StrRes Name="obRButton" Text="Botón de opción"/>
  <StrRes Name="obLBox" Text="Cuadro de Lista"/>
  <StrRes Name="obCBox" Text="Cuadro Combinado"/>
  <StrRes Name="obDateEdit" Text="Editor de Fechas"/>
  <StrRes Name="obImageC" Text="Imagen"/>
  <StrRes Name="obPanel" Text="Panel"/>
  <StrRes Name="obGrBox" Text="Grupo de opciones"/>
  <StrRes Name="obBBtn" Text="Botón con imagen"/>
  <StrRes Name="obSBtn" Text="Botón de menú"/>
  <StrRes Name="obMEdit" Text="Editor con Formato"/>
  <StrRes Name="obChLB" Text="Lista de verificación"/>
  <StrRes Name="obDBLookup" Text="Lista de selección de datos"/>
  <StrRes Name="obBevel" Text="Biselado"/>
  <StrRes Name="obShape" Text="Dibujo"/>
  <StrRes Name="obText" Text="Texto"/>
  <StrRes Name="obSysText" Text="Texto de Sistema"/>
  <StrRes Name="obLine" Text="Línea"/>
  <StrRes Name="obPicture" Text="Imagen"/>
  <StrRes Name="obBand" Text="Banda"/>
  <StrRes Name="obDataBand" Text="Banda de Datos"/>
  <StrRes Name="obSubRep" Text="SubInforme"/>
  <StrRes Name="obDlgPage" Text="Diálogo"/>
  <StrRes Name="obRepPage" Text="Página"/>
  <StrRes Name="obReport" Text="Informe"/>
  <StrRes Name="obRich" Text="Texto enriquecido"/>
  <StrRes Name="obOLE" Text="Objeto OLE"/>
  <StrRes Name="obChBox" Text="Casilla de verificación"/>
  <StrRes Name="obChart" Text="Gráfico"/>
  <StrRes Name="obBarC" Text="Código de Barras"/>
  <StrRes Name="obCross" Text="Informe cruzado"/>
  <StrRes Name="obDBCross" Text="Datos cruzados"/>
  <StrRes Name="obGrad" Text="Gradiente"/>
  <StrRes Name="obDMPText" Text="Texto para Matricial"/>
  <StrRes Name="obDMPLine" Text="Línea para Matricial"/>
  <StrRes Name="obDMPCmd" Text="Objeto de comando para Matricial"/>
  <StrRes Name="obBDEDB" Text="Base de Datos BDE"/>
  <StrRes Name="obBDETb" Text="Tabla BDE"/>
  <StrRes Name="obBDEQ" Text="Consulta BDE"/>
  <StrRes Name="obBDEComps" Text="Componentes BDE"/>
  <StrRes Name="obIBXDB" Text="Base de Datos IBX"/>
  <StrRes Name="obIBXTb" Text="Tabla IBX"/>
  <StrRes Name="obIBXQ" Text="Consulta IBX"/>
  <StrRes Name="obIBXComps" Text="Componentes IBX"/>
  <StrRes Name="obADODB" Text="Base de Datos ADO"/>
  <StrRes Name="obADOTb" Text="Tabla ADO"/>
  <StrRes Name="obADOQ" Text="Consulta ADO"/>
  <StrRes Name="obADOComps" Text="Componentes ADO"/>
  <StrRes Name="obDBXDB" Text="Base de Datos DBX"/>
  <StrRes Name="obDBXTb" Text="Tabla DBX"/>
  <StrRes Name="obDBXQ" Text="Consulta DBX"/>
  <StrRes Name="obDBXComps" Text="Componentes DBX"/>
  <StrRes Name="obFIBDB" Text="FIB Database"/>
  <StrRes Name="obFIBTb" Text="FIB Table"/>
  <StrRes Name="obFIBQ" Text="FIB Query"/>
  <StrRes Name="obFIBComps" Text="FIB Components"/>
  <StrRes Name="obDataBases" Text="DataBases"/>
  <StrRes Name="obTables" Text="Tables"/>
  <StrRes Name="obQueries" Text="Queries"/>
  <StrRes Name="ctString" Text="Texto"/>
  <StrRes Name="ctDate" Text="Fecha y Hora"/>
  <StrRes Name="ctConv" Text="Conversiones"/>
  <StrRes Name="ctFormat" Text="Formato"/>
  <StrRes Name="ctMath" Text="Matemáticas"/>
  <StrRes Name="ctOther" Text="Otros"/>
  <StrRes Name="IntToStr" Text="Convertir un valor numérico entero en cadena alfanumérica"/>
  <StrRes Name="FloatToStr" Text="Convierte un valor decimal en cadena alfanumérica"/>
  <StrRes Name="DateToStr" Text="Convierte una fecha en cadena alfanumérica"/>
  <StrRes Name="TimeToStr" Text="Convierte un valor de hora en cadena alfanumérica"/>
  <StrRes Name="DateTimeToStr" Text="Convierte un valor fecha y hora en una cadena alfanumérica"/>
  <StrRes Name="VarToStr" Text="Convierte un valor variable en una cadena alfanumérica"/>
  <StrRes Name="StrToInt" Text="Convierte una cadena alfanumérica en un valor numérico entero"/>
  <StrRes Name="StrToInt64" Text="Convierte una cadena en valor Int64"/>
  <StrRes Name="StrToFloat" Text="Convierte una cadena alfanumérica en un valor decimal"/>
  <StrRes Name="StrToDate" Text="Convierte una cadena alfanumérica en fecha"/>
  <StrRes Name="StrToTime" Text="Convierte una cadena alfanumérica en hora"/>
  <StrRes Name="StrToDateTime" Text="Convierte una cadena alfanumérica en fecha/hora"/>
  <StrRes Name="Format" Text="Aplica una máscara a un array de argumentos y devuelve una cadena formateada"/>
  <StrRes Name="FormatFloat" Text="Aplica un formato a un valor decimal"/>
  <StrRes Name="FormatDateTime" Text="Aplica un formato a un valor de Fecha/Hora"/>
  <StrRes Name="FormatMaskText" Text="Devuelve una cadena alfanumérica formateada"/>
  <StrRes Name="EncodeDate" Text="Devuelve la fecha del Año, Mes y Día especificados"/>
  <StrRes Name="DecodeDate" Text="Descompone una fecha especificada en el Año, Mes y Día"/>
  <StrRes Name="EncodeTime" Text="Devuelve la hora para la Horas, Minutos, Segundos y Milidegundos"/>
  <StrRes Name="DecodeTime" Text="Descompone la hora en Horas, Minutos, Segundos y Milisegundos"/>
  <StrRes Name="Date" Text="Devuelve la fecha actual"/>
  <StrRes Name="Time" Text="Devuelve la hora actual"/>
  <StrRes Name="Now" Text="Devuelve la fecha y la hora actual"/>
  <StrRes Name="DayOfWeek" Text="Devuelve el día de la semana de una fecha especificada"/>
  <StrRes Name="IsLeapYear" Text="Indica si el año especificado es bisiesto"/>
  <StrRes Name="DaysInMonth" Text="Devuelve el número de días de un més especificado"/>
  <StrRes Name="Length" Text="Devuelve la longitud de una cadena alfanumérica"/>
  <StrRes Name="Copy" Text="Devuelve una subcadena dentro de una cadena alfanumérica"/>
  <StrRes Name="Pos" Text="Devuelve la posición de una subcadena dentro de una cadena alfanumérica"/>
  <StrRes Name="Delete" Text="Borra una subcadena de una cadena alfanumérica"/>
  <StrRes Name="Insert" Text="Inserta una subcadena en una cadena alfanumérica"/>
  <StrRes Name="Uppercase" Text="Convierte todos los caracteres de una cadena en mayúsculas"/>
  <StrRes Name="Lowercase" Text="Convierte todos los caracteres de una cadena en minúsculas"/>
  <StrRes Name="Trim" Text="Descarta todos los espacios en blanco de una cadena"/>
  <StrRes Name="NameCase" Text="Convierte el primer caracter de cada palabra de una cadena en mayúscula. El resto lo pasa a minúscula"/>
  <StrRes Name="CompareText" Text="Compara dos Cadenas alfanuméricas"/>
  <StrRes Name="Chr" Text="Convierte valor numérico entero a caracter"/>
  <StrRes Name="Ord" Text="Convierte un caracter en un valor numérico entero"/>
  <StrRes Name="SetLength" Text="Establece la longitud para una cadena alfanumérica"/>
  <StrRes Name="Round" Text="Redondea un valor decimal"/>
  <StrRes Name="Trunc" Text="Trunca un valor decimal"/>
  <StrRes Name="Int" Text="Devuelve la parte entera de un valor decimal"/>
  <StrRes Name="Frac" Text="Devuelve la parte decimal de un valor decimal"/>
  <StrRes Name="Sqrt" Text="Devuelve la raiz cuadrada del número especificado"/>
  <StrRes Name="Abs" Text="Devuelve el valor absoluto"/>
  <StrRes Name="Sin" Text="Devuelve el Seno de un ángulo (en radianes)"/>
  <StrRes Name="Cos" Text="Devuelve el Coseno de un ángulo (en radianes)"/>
  <StrRes Name="ArcTan" Text="Devuelve la ArcoTangente"/>
  <StrRes Name="Tan" Text="Devuelve la Tangente"/>
  <StrRes Name="Exp" Text="Devuelve el Exponencial"/>
  <StrRes Name="Ln" Text="Returns the natural log of a real expression"/>
  <StrRes Name="Pi" Text="Devuelve 3.1415926..."/>
  <StrRes Name="Inc" Text="Incrementa un valor"/>
  <StrRes Name="Dec" Text="Decrementa un valor"/>
  <StrRes Name="RaiseException" Text="Lanza una excepción"/>
  <StrRes Name="ShowMessage" Text="Mostrar mensajes"/>
  <StrRes Name="Randomize" Text="Inicializar el generador de números aleatorios"/>
  <StrRes Name="Random" Text="Devuelve un número aleatorio"/>
  <StrRes Name="ValidInt" Text="Devuelve Verdadero si la cadena alfanumérica especificada contiene un número entero válido"/>
  <StrRes Name="ValidFloat" Text="Devuelve Verdadero si la cadena alfanumérica especificada contiene un número decimal válido"/>
  <StrRes Name="ValidDate" Text="Devuelve Verdadero si la cadena alfanumérica especificada contiene una fecha válida"/>
  <StrRes Name="IIF" Text="Devuelve el valor1 si la expresión es verdadera. En caso contrario devuelve el valor2"/>
  <StrRes Name="Get" Text="Solo para uso interno"/>
  <StrRes Name="Set" Text="Solo para uso interno"/>
  <StrRes Name="InputBox" Text="Muestra una ventana de diálogo para que el usuario introduzca una cadena"/>
  <StrRes Name="InputQuery" Text="Muestra una ventana de diálogo para que el usuario introduzca una cadena"/>
  <StrRes Name="MessageDlg" Text="Muestra una ventana con un mensaje"/>
  <StrRes Name="CreateOleObject" Text="Crea un objeto OLE"/>
  <StrRes Name="VarArrayCreate" Text="Crea un array de variantes"/>
  <StrRes Name="VarType" Text="Devuelve el tipo de valor contenido en un variante"/>
  <StrRes Name="ctAggregate" Text="Agregación"/>
  <StrRes Name="Sum" Text="Calcula la suma de &#38;#60;Expresion&#38;#62; para una banda de datos"/>
  <StrRes Name="Avg" Text="Calcula la media de &#38;#60;Expresion&#38;#62; para una banda de datos"/>
  <StrRes Name="Min" Text="Calcula el mínimo de &#38;#60;Expresion&#38;#62; para una banda de datos"/>
  <StrRes Name="Max" Text="Calcula el máximo de &#38;#60;Expresion&#38;#62; para una banda de datos"/>
  <StrRes Name="Count" Text="Calcula el número de filas de datos"/>
  <StrRes Name="wzDBConn" Text="Nuevo Asistente de Conexión"/>
  <StrRes Name="wzDBTable" Text="Nuevo Asistente de Tabla"/>
  <StrRes Name="wzDBQuery" Text="Nuevo Asistente de Consulta"/>
  <StrRes Name="DayOf" Text="Devuelve el número del día (1..31) de la fecha pasada"/>
  <StrRes Name="MonthOf" Text="Devuelve el número del mes (1..12) de la fecha pasada"/>
  <StrRes Name="YearOf" Text="Devuelve el año de la fecha pasada"/>
  <StrRes Name="bvKeepHeader" Text="Conservar Junto a la Cabecera"/>
  <StrRes Name="5800" Text="Conexiones"/>
  <StrRes Name="5801" Text="Nuevo"/>
  <StrRes Name="5802" Text="Borrar"/>
  <StrRes Name="cpName" Text="Nombre"/>
  <StrRes Name="cpConnStr" Text="Cadena para la Conexión"/>
  <StrRes Name="startCreateNew" Text="Crear un nuevo informe"/>
  <StrRes Name="startCreateBlank" Text="Crear un informe en blanco"/>
  <StrRes Name="startOpenReport" Text="Abrir un Informe"/>
  <StrRes Name="startOpenLast" Text="Abrir el último informe"/>
  <StrRes Name="startEditAliases" Text="Editar Alias de la Conexión"/>
  <StrRes Name="startHelp" Text="Ayuda"/>
  <StrRes Name="5900" Text="Relojes"/>
  <StrRes Name="5901" Text="Añadir reloj"/>
  <StrRes Name="5902" Text="Borrar reloj"/>
  <StrRes Name="5903" Text="Editar Reloj"/>
  <StrRes Name="6000" Text="Error al Heredar"/>
  <StrRes Name="6001" Text="Los informes Base y el Heredado tienen objetos duplicados. ¿ Que debemos hacer ?"/>
  <StrRes Name="6002" Text="Borrar duplicados"/>
  <StrRes Name="6003" Text="Renombrar duplicados"/>
  <StrRes Name="6004" Text="Ordenar por Nombre"/>
  <StrRes Name="crGroup" Text="Grupo"/>
  <StrRes Name="4331" Text="Agrupar"/>
  <StrRes Name="8000" Text="Exportar Excel"/>
  <StrRes Name="8001" Text="Estilos"/>
  <StrRes Name="8002" Text="Imágenes"/>
  <StrRes Name="8003" Text="Combinar celdas"/>
  <StrRes Name="8004" Text="Exportar Rápido"/>
  <StrRes Name="8005" Text="Tal como lo vés"/>
  <StrRes Name="8006" Text="Como texto"/>
  <StrRes Name="8007" Text="Segundo plano"/>
  <StrRes Name="8008" Text="Abrir Excel después de exportar"/>
  <StrRes Name="8009" Text="Archivo de Excel (*.xls)|*.xls"/>
  <StrRes Name="8010" Text=".xls"/>
  <StrRes Name="8100" Text="Exportar a Excel"/>
  <StrRes Name="8101" Text="Estilos"/>
  <StrRes Name="8102" Text="Tal como lo vés"/>
  <StrRes Name="8103" Text="Abrir Excel después de exportar"/>
  <StrRes Name="8104" Text="Segundo Plano"/>
  <StrRes Name="8105" Text="Archivo XML Excel (*.xls)|*.xls"/>
  <StrRes Name="8106" Text=".xls"/>
  <StrRes Name="8200" Text="Exportar a HTML"/>
  <StrRes Name="8201" Text="Abrir después de exportar"/>
  <StrRes Name="8202" Text="Estilos"/>
  <StrRes Name="8203" Text="Imágenes"/>
  <StrRes Name="8204" Text="Todo en una misma carpeta"/>
  <StrRes Name="8205" Text="Ancho fijo"/>
  <StrRes Name="8206" Text="Navegador"/>
  <StrRes Name="8207" Text="Multipágina"/>
  <StrRes Name="8208" Text="Navegador Mozilla"/>
  <StrRes Name="8209" Text="Segundo Plano"/>
  <StrRes Name="8210" Text="Archivo HTML (*.html)|*.html"/>
  <StrRes Name="8211" Text=".html"/>
  <StrRes Name="8300" Text="Exportar a texto (Impresoras matriciales)"/>
  <StrRes Name="8301" Text="Vista previa Si/No"/>
  <StrRes Name="8302" Text=" Propiedades de Exportar"/>
  <StrRes Name="8303" Text="Separador de páginas"/>
  <StrRes Name="8304" Text="Código de página OEM"/>
  <StrRes Name="8305" Text="Líneas vacías"/>
  <StrRes Name="8306" Text="Lead spaces"/>
  <StrRes Name="8307" Text="Páginas:"/>
  <StrRes Name="8308" Text="Indique los números de página y/o un rango, separado por comas. Por ejemplo: 1,3,5-12"/>
  <StrRes Name="8309" Text=" Escalado"/>
  <StrRes Name="8310" Text="Escala X"/>
  <StrRes Name="8311" Text="Escala Y"/>
  <StrRes Name="8312" Text=" Marcos"/>
  <StrRes Name="8313" Text="Ninguno"/>
  <StrRes Name="8314" Text="Simple"/>
  <StrRes Name="8315" Text="Gráfico"/>
  <StrRes Name="8316" Text="Solo códigos de página OEM"/>
  <StrRes Name="8317" Text="Imprimir después de exportar"/>
  <StrRes Name="8318" Text="Guardar opciones"/>
  <StrRes Name="8319" Text=" Vista previa"/>
  <StrRes Name="8320" Text="Ancho:"/>
  <StrRes Name="8321" Text="Alto:"/>
  <StrRes Name="8322" Text="Página"/>
  <StrRes Name="8323" Text="Más Zoom"/>
  <StrRes Name="8324" Text="Menos Zoom"/>
  <StrRes Name="8325" Text="Archivo de texto (Impresoras matriciales)(*.prn)|*.prn"/>
  <StrRes Name="8326" Text=".prn"/>
  <StrRes Name="8400" Text="Imprimir"/>
  <StrRes Name="8401" Text="Impresora"/>
  <StrRes Name="8402" Text="Nombre"/>
  <StrRes Name="8403" Text="Configurar..."/>
  <StrRes Name="8404" Text="Copias"/>
  <StrRes Name="8405" Text="Número de copias"/>
  <StrRes Name="8406" Text=" Configuración"/>
  <StrRes Name="8407" Text="Tipo de impresora"/>
  <StrRes Name="8408" Text=".fpi"/>
  <StrRes Name="8409" Text="Printer init template (*.fpi)|*.fpi"/>
  <StrRes Name="8410" Text=".fpi"/>
  <StrRes Name="8411" Text="Printer init template (*.fpi)|*.fpi"/>
  <StrRes Name="8500" Text="Exportar a RTF"/>
  <StrRes Name="8501" Text="Imágenes"/>
  <StrRes Name="8502" Text="Tal como lo vés"/>
  <StrRes Name="8503" Text="Abrir después de exportar"/>
  <StrRes Name="8504" Text="Archivo RTF (*.rtf)|*.rtf"/>
  <StrRes Name="8505" Text=".rtf"/>
  <StrRes Name="8600" Text="Opciones de Exportar"/>
  <StrRes Name="8601" Text=" Opciones de imagen"/>
  <StrRes Name="8602" Text="Calidad JPEG"/>
  <StrRes Name="8603" Text="Resolution (dpi)"/>
  <StrRes Name="8604" Text="Archivos Separados"/>
  <StrRes Name="8605" Text="Crop páginas"/>
  <StrRes Name="8606" Text="Monocromo"/>
  <StrRes Name="8700" Text="Exportar a PDF"/>
  <StrRes Name="8701" Text="Comprimir"/>
  <StrRes Name="8702" Text="Fuentes Embebidas"/>
  <StrRes Name="8703" Text="Impresión Optimizada"/>
  <StrRes Name="8704" Text="Segundo Plano"/>
  <StrRes Name="8705" Text="Abrir después de exportar"/>
  <StrRes Name="8706" Text="Outline"/>
  <StrRes Name="8707" Text="Archivos de Adobe PDF (*.pdf)|*.pdf"/>
  <StrRes Name="8708" Text=".pdf"/>
  <StrRes Name="RTFexport" Text="Archivo RTF"/>
  <StrRes Name="BMPexport" Text="Imagen BMP"/>
  <StrRes Name="JPEGexport" Text="Imagen JPEG"/>
  <StrRes Name="TIFFexport" Text="Imagen TIFF"/>
  <StrRes Name="TextExport" Text="Texto (Impresora matricial)"/>
  <StrRes Name="XlsOLEexport" Text="Tabla Excel (OLE)"/>
  <StrRes Name="HTMLexport" Text="Archivo HTML"/>
  <StrRes Name="XlsXMLexport" Text="Tabla Excel (XML)"/>
  <StrRes Name="PDFexport" Text="Archivo PDF"/>
  <StrRes Name="ProgressWait" Text="Espere por favor"/>
  <StrRes Name="ProgressRows" Text="Opciones de filas"/>
  <StrRes Name="ProgressColumns" Text="Opciones de columnas"/>
  <StrRes Name="ProgressStyles" Text="Opciones de Estilos"/>
  <StrRes Name="ProgressObjects" Text="Exportando objetos"/>
  <StrRes Name="TIFFexportFilter" Text="Imagen Tiff (*.tif)|*.tif"/>
  <StrRes Name="BMPexportFilter" Text="Imagen BMP (*.bmp)|*.bmp"/>
  <StrRes Name="JPEGexportFilter" Text="Imagen Jpeg (*.jpg)|*.jpg"/>
  <StrRes Name="HTMLNavFirst" Text="Primera"/>
  <StrRes Name="HTMLNavPrev" Text="Anterior"/>
  <StrRes Name="HTMLNavNext" Text="Siguiente"/>
  <StrRes Name="HTMLNavLast" Text="Ultima"/>
  <StrRes Name="HTMLNavRefresh" Text="Refrescar"/>
  <StrRes Name="HTMLNavPrint" Text="Imprimir"/>
  <StrRes Name="HTMLNavTotal" Text="Total páginas"/>
  <StrRes Name="8800" Text="Exportar a Texto"/>
  <StrRes Name="8801" Text="Archivo de Texto (*.txt)|*.txt"/>
  <StrRes Name="8802" Text=".txt"/>
  <StrRes Name="SimpleTextExport" Text="Archivo de Texto"/>
  <StrRes Name="8850" Text="Exportar a CSV"/>
  <StrRes Name="8851" Text="Archivo CSV (*.csv)|*.csv"/>
  <StrRes Name="8852" Text=".csv"/>
  <StrRes Name="8853" Text="Separador"/>
  <StrRes Name="CSVExport" Text="Archivo CSV"/>
  <StrRes Name="8900" Text="Enviar por E-mail"/>
  <StrRes Name="8901" Text="E-mail"/>
  <StrRes Name="8902" Text="Cuenta"/>
  <StrRes Name="8903" Text="Conexión"/>
  <StrRes Name="8904" Text="Dirección"/>
  <StrRes Name="8905" Text="Adjunto"/>
  <StrRes Name="8906" Text="Formato"/>
  <StrRes Name="8907" Text="De la Dirección"/>
  <StrRes Name="8908" Text="Del Nombre"/>
  <StrRes Name="8909" Text="Servidor"/>
  <StrRes Name="8910" Text="Usuario"/>
  <StrRes Name="8911" Text="Correo"/>
  <StrRes Name="8912" Text="Mensage"/>
  <StrRes Name="8913" Text="Texto"/>
  <StrRes Name="8914" Text="Organización"/>
  <StrRes Name="8915" Text="Contraseña"/>
  <StrRes Name="8916" Text="Puerto"/>
  <StrRes Name="8917" Text="Recordar propiedades"/>
  <StrRes Name="8918" Text="Algunos campos obligatorios no se han rellenado"/>
  <StrRes Name="8919" Text="Configuración avanzada"/>
  <StrRes Name="8920" Text="Firma"/>
  <StrRes Name="8921" Text="Construir"/>
  <StrRes Name="8922" Text="Asunto"/>
  <StrRes Name="8923" Text="Un saludo"/>
  <StrRes Name="8924" Text="Enviar el correo a"/>
  <StrRes Name="EmailExport" Text="E-mail"/>
  <StrRes Name="FastReportFile" Text="Archivo FastReport"/>
  <StrRes Name="GifexportFilter" Text="Archivo Gif (*.gif)|*.gif"/>
  <StrRes Name="GIFexport" Text="Imagen Gif"/>
  <StrRes Name="8950" Text="Continuo"/>
  <StrRes Name="8951" Text="Cabecera de página/Pié"/>
  <StrRes Name="8952" Text="Texto"/>
  <StrRes Name="8953" Text="Cabecera/Pié"/>
  <StrRes Name="8954" Text="Ninguno"/>
  <StrRes Name="ODSExportFilter" Text="Abrir Documento de Hoja de Cálculo (*.ods)|*.ods"/>
  <StrRes Name="ODSExport" Text="Abrir Documento de Hoja de Cálculo"/>
  <StrRes Name="ODTExportFilter" Text="Abrir Documento Archivo de texto (*.odt)|*.odt"/>
  <StrRes Name="ODTExport" Text="Abrir Documento Texto"/>
  <StrRes Name="8960" Text=".ods"/>
  <StrRes Name="8961" Text=".odt"/>
  <StrRes Name="8962" Text="Securidad"/>
  <StrRes Name="8963" Text="Opciones de Seguridad"/>
  <StrRes Name="8964" Text="Contraseña de Propietario"/>
  <StrRes Name="8965" Text="Contraseña de Usuario"/>
  <StrRes Name="8966" Text="Imprimir el documento"/>
  <StrRes Name="8967" Text="Modificar el documento"/>
  <StrRes Name="8968" Text="Copiar texto y gráficos"/>
  <StrRes Name="8969" Text="Añadir o modificar anotaciones"/>
  <StrRes Name="8970" Text="Seguridad del PDF"/>
  <StrRes Name="8971" Text="Información del Documento"/>
  <StrRes Name="8972" Text="Información"/>
  <StrRes Name="8973" Text="Título"/>
  <StrRes Name="8974" Text="Autor"/>
  <StrRes Name="8975" Text="Asunto"/>
  <StrRes Name="8976" Text="Palabras clave"/>
  <StrRes Name="8977" Text="Creador"/>
  <StrRes Name="8978" Text="Productor"/>
  <StrRes Name="8979" Text="Autentificación"/>
  <StrRes Name="8980" Text="Permisos"/>
  <StrRes Name="8981" Text="Visor"/>
  <StrRes Name="8982" Text="Preferencias del visor"/>
  <StrRes Name="8983" Text="Ocultar barra de herramientas"/>
  <StrRes Name="8984" Text="Ocultar barra de menú"/>
  <StrRes Name="8985" Text="Ocultar ventana de usuario"/>
  <StrRes Name="8986" Text="Ajustar ventana"/>
  <StrRes Name="8987" Text="Centrar ventana"/>
  <StrRes Name="8988" Text="Imprimir escalado"/>
  <StrRes Name="8989" Text="Confirmation Reading"/>
  <StrRes Name="9000" Text="Recuento de Filas:"/>
  <StrRes Name="9001" Text="Dividir a la hoja"/>
  <StrRes Name="9002" Text="No Dividir a la hoja"/>
  <StrRes Name="9003" Text="Usar páginas del Informe"/>
  <StrRes Name="9004" Text="Usar impresión del ancestro"/>
  <StrRes Name="9101" Text="Export to DBF"/>
  <StrRes Name="9102" Text="dBase (DBF) export"/>
  <StrRes Name="9103" Text=".dbf"/>
  <StrRes Name="9104" Text="Failed to load the file"/>
  <StrRes Name="9105" Text="Failure"/>
  <StrRes Name="9106" Text="Field names"/>
  <StrRes Name="9107" Text="Automatically"/>
  <StrRes Name="9108" Text="Manually"/>
  <StrRes Name="9109" Text="Load from file"/>
  <StrRes Name="9110" Text="Text files (*.txt)|*.txt|All files|*.*"/>
  <StrRes Name="9111" Text="DBF files (*.dbf)|*.dbf|All files|*.*"/>
  <StrRes Name="9151" Text="Fichero Excel 97/2000/XP"/>
  <StrRes Name="9152" Text="Fichero Auto creado"/>
  <StrRes Name="9153" Text="Opciones"/>
  <StrRes Name="9154" Text="Página"/>
  <StrRes Name="9155" Text="Líneas de Regilla"/>
  <StrRes Name="9156" Text="Todas en una página"/>
  <StrRes Name="9157" Text="Agrupación de datos"/>
  <StrRes Name="9158" Text="Similar al informe"/>
  <StrRes Name="9159" Text="Trozos. Cada fragmento tien (líneas):"/>
  <StrRes Name="9160" Text="El tamaño del trozo debe ser un valor entero no negativo."/>
  <StrRes Name="9161" Text="Una sóla hoja debe ser Falso cuando se exporta por trozos"/>
  <StrRes Name="9162" Text="Autor"/>
  <StrRes Name="9163" Text="Comentarios"/>
  <StrRes Name="9164" Text="Keywords"/>
  <StrRes Name="9165" Text="Revision"/>
  <StrRes Name="9166" Text="Version"/>
  <StrRes Name="9167" Text="Aplicación"/>
  <StrRes Name="9168" Text="Asunto"/>
  <StrRes Name="9169" Text="Categoría"/>
  <StrRes Name="9170" Text="Compañía"/>
  <StrRes Name="9171" Text="Titulo"/>
  <StrRes Name="9172" Text="Administrador"/>
  <StrRes Name="9173" Text="General"/>
  <StrRes Name="9174" Text="Información"/>
  <StrRes Name="9175" Text="Protección"/>
  <StrRes Name="9176" Text="Contraseña"/>
  <StrRes Name="9177" Text="Si se establece una contraseña, el documento generado estará protegido con esta contraseña. Ésta debe ser siempre en carateres Unicode e inferior a 256 caracteres."/>
  <StrRes Name="9178" Text="Confirmación"/>
  <StrRes Name="9179" Text="La confirmación de la contraseña no coincide. Escriba la contraseña de nuevo."/>
  <StrRes Name="9180" Text="Se intenta establecer una contraseña de %d caracteres. El máximo permitido es de %d caracteres."/>
  <StrRes Name="9181" Text="Ajustar tamaño de página"/>
  <StrRes Name="9200" Text="Microsoft Excel 2007 XML"/>
  <StrRes Name="9201" Text="Microsoft PowerPoint 2007 XML"/>
  <StrRes Name="9101" Text="Export to DBF"/>
  <StrRes Name="9102" Text="dBase (DBF) export"/>
  <StrRes Name="9103" Text=".dbf"/>
  <StrRes Name="9104" Text="Failed to load the file"/>
  <StrRes Name="9105" Text="Failure"/>
  <StrRes Name="9106" Text="Field names"/>
  <StrRes Name="9107" Text="Automatically"/>
  <StrRes Name="9108" Text="Manually"/>
  <StrRes Name="9109" Text="Load from file"/>
  <StrRes Name="9110" Text="Text files (*.txt)|*.txt|All files|*.*"/>
  <StrRes Name="9111" Text="DBF files (*.dbf)|*.dbf|All files|*.*"/>
  <StrRes Name="propActive" Text="Especifica si un Dataset está abierto o no"/>
  <StrRes Name="propActive.TfrxHighlight" Text="Especifica si el resaltado está activo o no"/>
  <StrRes Name="propAliasName" Text="El nombre del Alias BDE"/>
  <StrRes Name="propAlign" Text="Determina la alineación del objeto relativa a la banda o la página"/>
  <StrRes Name="propAlignment" Text="Justifica el texto de un objeto"/>
  <StrRes Name="propAllowAllUp" Text="Especifica si todos los botones de un grupo pueden estar deseleccionados al mismo tiempo"/>
  <StrRes Name="propAllowEdit" Text="Determina si el usuario puede editar las páginas del informe"/>
  <StrRes Name="propAllowExpressions" Text="Determina si el texto contiene expresiones"/>
  <StrRes Name="propAllowGrayed" Text="Permitir que las casillas de verificación, tengan el estado indefinido"/>
  <StrRes Name="propAllowHTMLTags" Text="Determina si el texto contiene etiquetas HTML"/>
  <StrRes Name="propAllowSplit" Text="Determina si una banda contiene páginas cruzadas"/>
  <StrRes Name="propAuthor" Text="El autor del informe"/>
  <StrRes Name="propAutoSize.TfrxPictureView" Text="Determina si la imagen debe redimensionarse automáticamente"/>
  <StrRes Name="propAutoWidth" Text="Determina si el objeto debe redimensionarse a la longitud del texto"/>
  <StrRes Name="propBackPicture" Text="Imagen de fondo para la página"/>
  <StrRes Name="propBarType" Text="Tipo de código de barra"/>
  <StrRes Name="propBevelInner" Text="Tipo de biselado"/>
  <StrRes Name="propBevelOuter" Text="Tipo de biselado"/>
  <StrRes Name="propBevelWidth" Text="Grueso del biselado"/>
  <StrRes Name="propBorder" Text="Determina si se muestra el borde del biselado o no"/>
  <StrRes Name="propBorderStyle" Text="Estilo de ventana"/>
  <StrRes Name="propBottomMargin" Text="Tamaño para el margen de abajo"/>
  <StrRes Name="propBrushStyle" Text="Estilo de brocha que se usará para pintar el fondo del objeto"/>
  <StrRes Name="propCalcCheckSum" Text="Determina si el código de barras debe calcular el dígito de control automáticamente"/>
  <StrRes Name="propCancel" Text="Determina si el botón debe activarse cuando se pulse la tecla ESCAPE"/>
  <StrRes Name="propCaption" Text="Título del control"/>
  <StrRes Name="propCellFields" Text="Nombres de campos representados en las celdas"/>
  <StrRes Name="propCellLevels" Text="Número de celdas del nivel"/>
  <StrRes Name="propCenter" Text="Determina si la imagen deberá estar centrada en el control"/>
  <StrRes Name="propCharset" Text="Fuente"/>
  <StrRes Name="propCharSpacing" Text="Cantidad de Píxeles entre dos caracteres"/>
  <StrRes Name="propCheckColor" Text="Color de la marca de verificación"/>
  <StrRes Name="propChecked" Text="Indica si la casilla del control tiene la marca de selección"/>
  <StrRes Name="propCheckStyle" Text="Estilo de marca de selección"/>
  <StrRes Name="propChild" Text="Banda hija conectada a esta banda"/>
  <StrRes Name="propClipped" Text="Determina si el texto debería ser recortado dentro de los límites del objeto"/>
  <StrRes Name="propCollate" Text="Opciones predeterminadas de la colación"/>
  <StrRes Name="propColor.TFont" Text="Color del texto"/>
  <StrRes Name="propColor" Text="Color del objeto"/>
  <StrRes Name="propColor.TfrxFrame" Text="Color del marco"/>
  <StrRes Name="propColor.TfrxHighlight" Text="Detrmina si el color resaltado del objeto está activo"/>
  <StrRes Name="propColumnFields" Text="Nombre de campos representados en las columnas"/>
  <StrRes Name="propColumnGap" Text="Separación entre las columnas de la banda"/>
  <StrRes Name="propColumnLevels" Text="Número de columnas para este nivel"/>
  <StrRes Name="propColumns" Text="Número de columnas en esta banda"/>
  <StrRes Name="propColumnWidth" Text="Ancho de columnas de esta banda"/>
  <StrRes Name="propCondition" Text="Condición por la que se agrupará. El grupo de romperá si el valor de esta expresión cambia"/>
  <StrRes Name="propCondition.TfrxHighlight" Text="Cadena de la expresión. Si esta expresión es verdadera, el resaltado se activará"/>
  <StrRes Name="propConnected" Text="Indica si la conexión con la base de datos está activa"/>
  <StrRes Name="propConvertNulls" Text="Determina si un campo con valor nulo se convertirá a 0 o a la cadena &#38;#34;Vacío&#38;#34;"/>
  <StrRes Name="propCopies" Text="Número de copias por defecto"/>
  <StrRes Name="propCursor" Text="Tipo de cursor para este objeto"/>
  <StrRes Name="propDatabaseName" Text="Nombre de la base de datos"/>
  <StrRes Name="propDataField" Text="Especifica el campo del cual el objeto obtendrá los datos"/>
  <StrRes Name="propDataSet" Text="Dataset ligado a este objeto"/>
  <StrRes Name="propDate" Text="Fecha"/>
  <StrRes Name="propDateFormat" Text="Formato para la fecha"/>
  <StrRes Name="propDecimalSeparator" Text="Separador de decimales"/>
  <StrRes Name="propDefault" Text="Determina si el botón estará seleccionado por defecto"/>
  <StrRes Name="propDefHeight" Text="Alto por defecto para la fila"/>
  <StrRes Name="propDescription.TfrxReportOptions" Text="Descripción del informe"/>
  <StrRes Name="propDescription" Text="Descripción de los objetos"/>
  <StrRes Name="propDiagonal" Text="Indica si esta línea es diagonal"/>
  <StrRes Name="propDisplayFormat" Text="Formato que se usará para la visualización de los valores"/>
  <StrRes Name="propDoublePass" Text="Determina si el motor de informes debe hacer una segunda pasada"/>
  <StrRes Name="propDown" Text="Determina si el botón de menú está pulsado o no"/>
  <StrRes Name="propDownThenAcross" Text="Determina como de larga será la tabla cruzada"/>
  <StrRes Name="propDriverName" Text="Nombre del driver del BDE"/>
  <StrRes Name="propDropShadow" Text="Determina si el objeto tiene sombra"/>
  <StrRes Name="propDuplex" Text="Especifica si se activa el modo duplex para esta página"/>
  <StrRes Name="propEditMask" Text="Especifica la máscara que se usará para la edición en este control"/>
  <StrRes Name="propEnabled" Text="Determina si el control estará accesible"/>
  <StrRes Name="propEngineOptions" Text="Opciones del motor de informes"/>
  <StrRes Name="propExpression" Text="Valor de la expresión que contiene el objeto"/>
  <StrRes Name="propExpressionDelimiters" Text="Caracteres que srán usados para delimitar las expresiones contenidas en el texto"/>
  <StrRes Name="propFieldAliases" Text="Campos del dataset"/>
  <StrRes Name="propFilter" Text="Condición del filtro para el Dataset"/>
  <StrRes Name="propFiltered" Text="Determina si el Dataset debe aplicar el filtro contenido en la propiedad Filter"/>
  <StrRes Name="propFlowTo" Text="El objeto texto mostrará un texto que no cabe en el objeto"/>
  <StrRes Name="propFont" Text="Fuente usada en este objeto"/>
  <StrRes Name="propFooterAfterEach" Text="Determina si la banda de pie debe mostrarse después de cada fila de datos"/>
  <StrRes Name="propFormatStr" Text="Formato para texto"/>
  <StrRes Name="propFrame" Text="Atributos para el marco del objeto"/>
  <StrRes Name="propGapX" Text="Indentado a la izquierda para el texto"/>
  <StrRes Name="propGapY" Text="Indentado arriba para el texto"/>
  <StrRes Name="propGlyph" Text="Imagen del control"/>
  <StrRes Name="propGroupIndex" Text="Indica el grupo de botones con los que interactuará el botón"/>
  <StrRes Name="propHAlign" Text="Alineación horizontal del texto"/>
  <StrRes Name="propHeight" Text="Alto del objeto"/>
  <StrRes Name="propHideZeros" Text="Determina si se mostrará o no el valor cero"/>
  <StrRes Name="propHighlight" Text="Atributos para el resaltado"/>
  <StrRes Name="propIndexName" Text="Nombre del índice"/>
  <StrRes Name="propInitString" Text="Cadena de inicialización de Impresora pra Informes matriciales"/>
  <StrRes Name="propItems" Text="Lista de items"/>
  <StrRes Name="propKeepAspectRatio" Text="Mantener el aspecto original de la imagen"/>
  <StrRes Name="propKeepChild" Text="Determina si la banda ha de imprimirse junto a su hija"/>
  <StrRes Name="propKeepFooter" Text="Determina si la banda ha de imprimirse junto a su pie"/>
  <StrRes Name="propKeepHeader" Text="Determina si la banda ha de imprimirse junto a su cabecera"/>
  <StrRes Name="propKeepTogether" Text="Determina si la banda ha de imprimirse junto a todas sus subbandas"/>
  <StrRes Name="propKind.TfrxFormat" Text="Tipo de formateo"/>
  <StrRes Name="propKind" Text="Tipo de botón"/>
  <StrRes Name="propLargeDesignHeight" Text="Determina si la página dentra longitud larga en el modo de diseño"/>
  <StrRes Name="propLayout" Text="Disposición de la imagen en el botón"/>
  <StrRes Name="propLeft" Text="Posición izquierda del objeto"/>
  <StrRes Name="propLeftMargin" Text="Tamaño del margen izquierdo de la página"/>
  <StrRes Name="propLines" Text="Texto del objeto"/>
  <StrRes Name="propLineSpacing" Text="Número de píxeles entre dos líneas de texto"/>
  <StrRes Name="propLoginPrompt" Text="Dtermina si se mostrará el diálogo de petición de login"/>
  <StrRes Name="propMargin" Text="Determina el número de píxeles entre el borde de la imagen y el borde del botón"/>
  <StrRes Name="propMaster" Text="Dataset maestro"/>
  <StrRes Name="propMasterFields" Text="Campos por los que se establece la relación Maestro-Detalle"/>
  <StrRes Name="propMaxLength" Text="Máxima longitud del texto"/>
  <StrRes Name="propMaxWidth" Text="Anchura máxima de la columna"/>
  <StrRes Name="propMemo" Text="Texto del objeto"/>
  <StrRes Name="propMinWidth" Text="Anchura mínima de la columna"/>
  <StrRes Name="propMirrorMargins" Text="Márgenes de página iguales en las páginas pares"/>
  <StrRes Name="propModalResult" Text="Determina el valor que devolverá cuando se cierre con este botón una ventana modal"/>
  <StrRes Name="propName.TFont" Text="Nombre de la fuente"/>
  <StrRes Name="propName.TfrxReportOptions" Text="Nombre del informe"/>
  <StrRes Name="propName" Text="Nombre del objeto"/>
  <StrRes Name="propNumGlyphs" Text="Indica el número de imágenes contenidas en la imagen indicada en la propiedad Glyph"/>
  <StrRes Name="propOpenDataSource" Text="Determina si la fuente de datos será abierta automáticamente o no"/>
  <StrRes Name="propOrientation" Text="Orientación de la página"/>
  <StrRes Name="propOutlineText" Text="Texto que se mostrará en el índice de la vista previa"/>
  <StrRes Name="propOutlineVisible" Text="Indica si se mostrará el índice en la vista previa"/>
  <StrRes Name="propOutlineWidth" Text="Anchura que ocupará el índice en la vista previa"/>
  <StrRes Name="propPageNumbers.TfrxPrintOptions" Text="Número de páginas que se imprimirán"/>
  <StrRes Name="propPaperHeight" Text="Alto de la página"/>
  <StrRes Name="propPaperWidth" Text="Ancho de la página"/>
  <StrRes Name="propParagraphGap" Text="Indentación para la primera línea del párrafo"/>
  <StrRes Name="propParams.TfrxBDEDatabase" Text="Parámetros de la conexión"/>
  <StrRes Name="propParams" Text="Parámetros de la consulta"/>
  <StrRes Name="propParentFont" Text="Indica si el objeto usará la misma fuente que su contenedor"/>
  <StrRes Name="propPassword" Text="Contraseña del informe"/>
  <StrRes Name="propPasswordChar" Text="Indica el caracter que se mostrará en sustitución de los que realmente se teclean"/>
  <StrRes Name="propPicture" Text="Imagen"/>
  <StrRes Name="propPicture.TfrxReportOptions" Text="Imagen que describe el informe"/>
  <StrRes Name="propPosition" Text="Posición inicial de la ventana"/>
  <StrRes Name="propPreviewOptions" Text="Opciones de vista previa del informe"/>
  <StrRes Name="propPrintable" Text="Indica si el objeto es imprimible. Si se establece a False, el objeto será mostrado en la vista previa, pero no se imprimirá"/>
  <StrRes Name="propPrintChildIfInvisible" Text="Indica si la banda hija se imprimirá en el caso de que la banda padre sea invisible"/>
  <StrRes Name="propPrinter" Text="Nombre de la impresora que aparecerá seleccionada al abrir o ejecutar el informe"/>
  <StrRes Name="propPrintIfDetailEmpty" Text="Indica si la banda de datos se imprimirá en el caso de que sus subbandas estén vacías"/>
  <StrRes Name="propPrintIfEmpty" Text="Indica si la página se imprimirá en el caso de que los Datasets estén vacíos"/>
  <StrRes Name="propPrintOnFirstPage" Text="Indica si la banda se imprimirá en la primera página"/>
  <StrRes Name="propPrintOnLastPage" Text="Indica si la banda se imprimirá en la última página"/>
  <StrRes Name="propPrintOnParent" Text="Determina si el subreport se puede imprimir en la banda padre"/>
  <StrRes Name="propPrintOnPreviousPage" Text="Determina si la página se puede generar en el espacio libre de la página previamente generada"/>
  <StrRes Name="propPrintOptions" Text="Opciones de impresión del informe"/>
  <StrRes Name="propPrintPages" Text="Determina si se imprime todo o solo las páginas pares o las impares"/>
  <StrRes Name="propRangeBegin" Text="Determina el punto de comienzo en la navegación en el dataset"/>
  <StrRes Name="propRangeEnd" Text="Determina el punto de terminación en la navegación en el dataset"/>
  <StrRes Name="propRangeEndCount" Text="Determina el número de registros que se leerán del Dataset Si la propiedad RangeEnd es reCount"/>
  <StrRes Name="propReadOnly" Text="Determina si el texto del objeto es de solo lectura"/>
  <StrRes Name="propRepeatHeaders" Text="Determina si la columna y la fila de cabecera s4e imprimirá en la página nueva"/>
  <StrRes Name="propReportOptions" Text="Opciones del informe"/>
  <StrRes Name="propReprintOnNewPage" Text="Determina si la banda será reimpresa en la nueva página"/>
  <StrRes Name="propRestrictions" Text="Establecer restricciones"/>
  <StrRes Name="propRightMargin" Text="Tamaño del margen derecho de la página"/>
  <StrRes Name="propRotation.TfrxBarCodeView" Text="Orientación del código de barras"/>
  <StrRes Name="propRotation" Text="Rotación del texto"/>
  <StrRes Name="propRowCount" Text="Número de registros virtuales en la banda de datos"/>
  <StrRes Name="propRowFields" Text="Nombres de campos que representan las filas cruzadas"/>
  <StrRes Name="propRowLevels" Text="Número de niveles en la fila"/>
  <StrRes Name="propRTLReading" Text="Determina si el texto del objeto, se pintará de derecha a izquierda"/>
  <StrRes Name="propSessionName" Text="Nombre de la sesión del BDE"/>
  <StrRes Name="propShadowColor" Text="Color de la sombra"/>
  <StrRes Name="propShadowWidth" Text="Ancho de la sombra"/>
  <StrRes Name="propShape" Text="Tipo de dibujo"/>
  <StrRes Name="propShiftMode" Text="Cambia el comportamiento del objeto"/>
  <StrRes Name="propShowColumnHeader" Text="Determina si se mostrarán las cabeceras de columna en los cruces"/>
  <StrRes Name="propShowColumnTotal" Text="Determina si se mostrará la columna de Total"/>
  <StrRes Name="propShowRowHeader" Text="Determina si se mostrarán las cabeceras de fila"/>
  <StrRes Name="propShowRowTotal" Text="Determina si se mostrará la fila de Total"/>
  <StrRes Name="propShowDialog" Text="Determina si se mostrará el diálogo de impresión en la vista previa"/>
  <StrRes Name="propShowText" Text="Determina si se mostrará el texto del código de barras"/>
  <StrRes Name="propSize" Text="Tamaño de fuente"/>
  <StrRes Name="propSorted" Text="Determina si los items serán ordenados o no"/>
  <StrRes Name="propSpacing" Text="Determina el número de píxeles entre la imagen y el texto"/>
  <StrRes Name="propSQL" Text="Sentencia SQL"/>
  <StrRes Name="propStartNewPage" Text="Lanzar una nueva página antes de imprimir la banda"/>
  <StrRes Name="propStretch" Text="Ajusta la imagen a los límetes del objeto"/>
  <StrRes Name="propStretched" Text="Determina si el objeto puede ser ajustado"/>
  <StrRes Name="propStretchMode" Text="Comportamiento del ajuste al objeto"/>
  <StrRes Name="propStyle.TFont" Text="Estilo de fuente"/>
  <StrRes Name="propStyle" Text="Estilo de control"/>
  <StrRes Name="propStyle.TfrxFrame" Text="Estilo del marco"/>
  <StrRes Name="propSuppressRepeated" Text="Suprime los valores repetidos"/>
  <StrRes Name="propTableName" Text="Nombre de la tabla de datos"/>
  <StrRes Name="propTag" Text="Tag"/>
  <StrRes Name="propTagStr" Text="Tag string del objeto"/>
  <StrRes Name="propText" Text="Texto del objeto"/>
  <StrRes Name="propTitleBeforeHeader" Text="Determina si se mostrará el título del informe antes de la cabecera de página"/>
  <StrRes Name="propTop" Text="Posición arriba del objeto"/>
  <StrRes Name="propTopMargin" Text="Tamaño del margen arriba de la página"/>
  <StrRes Name="propTyp" Text="Tipo de marco"/>
  <StrRes Name="propUnderlines" Text="Determina si el texto aparecerá subrayado"/>
  <StrRes Name="propURL" Text="URL del objeto"/>
  <StrRes Name="propUserName" Text="Nombre del usuario. Este nombre será usado para mostrarlo en el árbol de datos"/>
  <StrRes Name="propVAlign" Text="Alineación vertical del texto"/>
  <StrRes Name="propVersionBuild" Text="Información de versión"/>
  <StrRes Name="propVersionMajor" Text="Información de versión, mayor version"/>
  <StrRes Name="propVersionMinor" Text="Información de versión info, menor version"/>
  <StrRes Name="propVersionRelease" Text="Información de versión"/>
  <StrRes Name="propVisible" Text="Indica si el objeto se verá o no"/>
  <StrRes Name="propWidth" Text="Anchura del objeto"/>
  <StrRes Name="propWidth.TfrxFrame" Text="Anchura del marco"/>
  <StrRes Name="propWindowState" Text="Estado inicial de la ventana"/>
  <StrRes Name="propWordBreak" Text="Partir palabras rusas"/>
  <StrRes Name="propWordWrap" Text="Determina si se insertarán retornos de carro en el texto cuando la longitud de este sobrepase el margen derecho"/>
  <StrRes Name="propZoom.TfrxBarCodeView" Text="Zoom del código de barras"/>
  <StrRes Name="propConnectionName" Text="Nombre de la conexión con la base de datos usada en el informe"/>
  <StrRes Name="propCurve" Text="Curvatura de los angulos redondeados del rectángulo"/>
  <StrRes Name="propDrillDown" Text="Determina si el grupo puede ser perforado abajo"/>
  <StrRes Name="propFontStyle" Text="Fuentes Estilo Matricial"/>
  <StrRes Name="propHideIfSingleDataRecord" Text="Ocultar el pie si el grupo solo tiene una fila"/>
  <StrRes Name="propOutlineExpand" Text="Determina si expandir el boceto del informe o no"/>
  <StrRes Name="propPlainCells" Text="Determina si se imprimen varias celdas de lado a lado o apiladas"/>
  <StrRes Name="propPrintMode" Text="Modo de impresión: normal, partir páginas grandes en una pequeña, o imprimir varias págianas pequeñas en una grande"/>
  <StrRes Name="propPrintOnSheet" Text="Tamaño del papel. Usado si PrintMode no es pmDefault"/>
  <StrRes Name="propResetPageNumbers" Text="Reinicializa el número de páginas/total páginas cuando se imprime el grupo."/>
  <StrRes Name="propReverse" Text="Determina si las páginas se imprimirán en orden descendente"/>
  <StrRes Name="propShowFooterIfDrillDown" Text="Determina si se ha de mostrar el pie de grupo si el grupo es drilldown"/>
  <StrRes Name="propSizeMode" Text="Como mostrar el Objeto OLE"/>
  <StrRes Name="propVersion" Text="Versión de FastReport"/>
  <StrRes Name="propWideBarRatio" Text="Relative with of wide bars of the barcode"/>
  <StrRes Name="propWysiwyg" Text="Determina si un objeto Richview debe usar la impresora para formatear el texto. Una impresora debe estar instalada y lista."/>
  <StrRes Name="propArrowEnd" Text="Determina si se debe dibujar una flecha en el extremo de la línea."/>
  <StrRes Name="propArrowLength" Text="Longitud de la flecha"/>
  <StrRes Name="propArrowSolid" Text="Determina si la flecha a dibujar será sólida"/>
  <StrRes Name="propArrowStart" Text="Determina si se ha de dibujar una flecha en el comienzo de la línea"/>
  <StrRes Name="propArrowWidth" Text="Anchura de la flecha"/>
  <StrRes Name="propCloseDataSource" Text="Determina si se ha de cerrar el DataSet cuando se cierre el informe"/>
  <StrRes Name="propDatabase" Text="Conexión a la Base de Datos"/>
  <StrRes Name="propIndexFieldNames" Text="Nombre del Indice"/>
  <StrRes Name="propCommandTimeOut" Text="Cantidad de tiempo necesario para ejecutar una consulta"/>
  <StrRes Name="propExpandDrillDown" Text="Determina si expandir elementos desglosados al inicio del informe"/>
  <StrRes Name="propWysiwyg.TfrxMemoView" Text="Determina si el texto se verá tal y como se vé"/>
  <StrRes Name="propLeftLine" Text="Línea Izquierda del marco"/>
  <StrRes Name="propTopLine" Text="Línea de arriba del marco"/>
  <StrRes Name="propRightLine" Text="Línea derecha del marco"/>
  <StrRes Name="propBottomLine" Text="Línea de abajo del marco"/>
  <StrRes Name="propColor.TfrxFrameLine" Text="Color de la línea del marco"/>
  <StrRes Name="propStyle.TfrxFrameLine" Text="Estilo de la línea del marco"/>
  <StrRes Name="propWidth.TfrxFrameLine" Text="Anchura de la línea del marco"/>
  <StrRes Name="propFileLink" Text="Expresión o nombre del archivo que contiene la imagen"/>
  <StrRes Name="propEndlessWidth" Text="Modo sin fin de la página. Si se configura a TRUE, la página crecerá dependiendo del número de registros de datos"/>
  <StrRes Name="propEndlessHeight" Text="Modo sin fin de la página. Si se configura a TRUE, la página crecerá dependiendo del número de registros de datos"/>
  <StrRes Name="propAddHeight" Text="Agrega la cantidad de espacio especificada a la altura de la celda"/>
  <StrRes Name="propAddWidth" Text="Agrega la cantidad de espacio especificada a la anchura de la celda"/>
  <StrRes Name="propAllowDuplicates" Text="Determina si la celda puede aceptar valores duplicados"/>
  <StrRes Name="propJoinEqualCells" Text="Determina si los datos cruzados deben ensamblar las celdas con datos iguales"/>
  <StrRes Name="propNextCross" Text="Señalar al siguiente dato cruzado que será mostrado lado a lado"/>
  <StrRes Name="propNextCrossGap" Text="Espacio entre datos cruzados"/>
  <StrRes Name="propShowCorner" Text="Determina si el dato cruzado deberá mostrarse en la esquina superior izquierda de los elementos"/>
  <StrRes Name="propSuppressNullRecords" Text="Determina si el dato cruzado deberá suprimir registros con valor nulo (NULL)"/>
  <StrRes Name="propShowTitle" Text="Determina si el dato cruzado deberá mostrar un título"/>
  <StrRes Name="propAutoSize" Text="Determina si el dato cruzado deberá ajustar su tamaño automáticamente"/>
  <StrRes Name="propShowHint" Text="Determina si el objeto debera mostrar la ayuda cuando se mueve el cursor encima"/>
  <StrRes Name="propHint" Text="Texto de Ayuda"/>
  <StrRes Name="propPaperSize" Text="Tamaño del Papel"/>
  <StrRes Name="propPageCount" Text="Contador de páginas"/>
  <StrRes Name="propBackPictureVisible" Text="Determina si la página deberá mostrar una imagen de fondo"/>
  <StrRes Name="propBackPicturePrintable" Text="Determina si la página deberá imprimir una imagen de fondo"/>
  <StrRes Name="propHightQuality" Text="Mostrar imagen en alta calidad"/>
  <StrRes Name="propLockType" Text="Indica el tipo de bloqueo al abrir una hoja de cálculo"/>
  <StrRes Name="propIgnoreDupParams" Text="Ignorar parámetros duplicados en el Editor de Parámetros"/>
  <StrRes Name="propTransparent" Text="Determinates if the picture can be transparent"/>
  <StrRes Name="propTransparentColor" Text="Transparent color"/>
  <StrRes Name="propIgnoreNulls" Text="Allow to ingnore Nulls values in Chart"/>
  <StrRes Name="propShowClildIfDrillDown" Text="Determinates if child band shown if group is drilldown"/>
</Resources>
